made_date,slug,card_path,asset,horizon,expected_median,expected_mean,hist_p25,hist_p75,n_analogues,sentiment,confidence,directional,anchor_date,realized_return,in_iqr,hit_dir,abs_error,eval_date
2026-05-28,eu-ccp-equivalence-signal,2026-05-28/news_01.md,BTP_BUND_SPREAD,1,-5.31,-6.58,,,3,risk-off per UK financial services; bullish marginale per Eurex,medium,1,2026-05-28,-0.7089,,1,4.6011,2026-06-08
2026-05-28,eu-ccp-equivalence-signal,2026-05-28/news_01.md,BTP_BUND_SPREAD,3,-2.98,-1.52,,,3,risk-off per UK financial services; bullish marginale per Eurex,medium,1,2026-05-28,-0.5421,,1,2.4379,2026-06-08
2026-05-28,eu-ccp-equivalence-signal,2026-05-28/news_01.md,BTP_BUND_SPREAD,5,-3.0,-2.69,,,3,risk-off per UK financial services; bullish marginale per Eurex,medium,1,2026-05-28,4.4482,,0,7.4482,2026-06-08
2026-05-28,eu-ccp-equivalence-signal,2026-05-28/news_01.md,BTP_BUND_SPREAD,10,10.35,1.37,,,3,risk-off per UK financial services; bullish marginale per Eurex,medium,1,2026-05-28,7.2004,,1,3.1496,2026-06-15
2026-05-28,eu-ccp-equivalence-signal,2026-05-28/news_01.md,GBPUSD=X,1,0.35,-0.05,-0.61,0.7,3,risk-off per UK financial services; bullish marginale per Eurex,medium,1,2026-05-28,0.3014,1,1,0.0486,2026-05-31
2026-05-28,eu-ccp-equivalence-signal,2026-05-28/news_01.md,GBPUSD=X,3,-0.29,-3.3,-5.4,0.31,3,risk-off per UK financial services; bullish marginale per Eurex,medium,1,2026-05-28,0.3487,0,0,0.6387,2026-06-01
2026-05-28,eu-ccp-equivalence-signal,2026-05-28/news_01.md,GBPUSD=X,5,0.93,-2.15,-4.01,1.25,3,risk-off per UK financial services; bullish marginale per Eurex,medium,1,2026-05-28,0.2515,1,1,0.6785,2026-06-08
2026-05-28,eu-ccp-equivalence-signal,2026-05-28/news_01.md,GBPUSD=X,10,0.89,-3.25,-5.86,1.43,3,risk-off per UK financial services; bullish marginale per Eurex,medium,1,2026-05-28,-0.4089,1,0,1.2989,2026-06-15
2026-05-28,eu-ccp-equivalence-signal,2026-05-28/news_01.md,^STOXX50E,1,0.17,-2.61,-4.23,0.39,3,risk-off per UK financial services; bullish marginale per Eurex,medium,1,2026-05-28,-0.0755,1,0,0.2455,2026-05-31
2026-05-28,eu-ccp-equivalence-signal,2026-05-28/news_01.md,^STOXX50E,3,-0.31,-2.85,-4.75,0.33,3,risk-off per UK financial services; bullish marginale per Eurex,medium,1,2026-05-28,0.8710,0,0,1.1810,2026-06-08
2026-05-28,eu-ccp-equivalence-signal,2026-05-28/news_01.md,^STOXX50E,5,1.0,-1.05,-2.35,1.27,3,risk-off per UK financial services; bullish marginale per Eurex,medium,1,2026-05-28,0.7964,1,1,0.2036,2026-06-08
2026-05-28,eu-ccp-equivalence-signal,2026-05-28/news_01.md,^STOXX50E,10,1.15,-1.54,-3.67,1.93,3,risk-off per UK financial services; bullish marginale per Eurex,medium,1,2026-05-28,0.0306,1,1,1.1194,2026-06-15
2026-05-29,equities-record-ai-trade,2026-05-29/news_03.md,BTC-USD,1,0.48,0.59,-1.03,1.04,10,bullish,medium,1,2026-05-30,0.6047,1,1,0.1247,2026-05-31
2026-05-29,equities-record-ai-trade,2026-05-29/news_03.md,BTC-USD,3,0.05,0.59,-1.33,2.02,10,bullish,medium,0,2026-05-30,-4.5512,0,,4.6012,2026-06-08
2026-05-29,equities-record-ai-trade,2026-05-29/news_03.md,BTC-USD,5,0.27,1.17,-1.29,4.0,10,bullish,medium,1,2026-05-30,-13.0865,0,0,13.3565,2026-06-08
2026-05-29,equities-record-ai-trade,2026-05-29/news_03.md,BTC-USD,10,0.62,1.95,-2.04,2.67,10,bullish,medium,1,2026-05-30,-13.8732,0,0,14.4932,2026-06-15
2026-05-29,equities-record-ai-trade,2026-05-29/news_03.md,^GSPC,1,0.36,0.1,-0.55,0.5,10,bullish,medium,1,2026-05-29,0.2625,1,1,0.0975,2026-06-08
2026-05-29,equities-record-ai-trade,2026-05-29/news_03.md,^GSPC,3,0.13,0.22,-0.78,1.09,10,bullish,medium,1,2026-05-29,-0.3480,1,0,0.4780,2026-06-08
2026-05-29,equities-record-ai-trade,2026-05-29/news_03.md,^GSPC,5,0.85,0.46,-0.94,1.67,10,bullish,medium,1,2026-05-29,-2.5900,0,0,3.4400,2026-06-08
2026-05-29,equities-record-ai-trade,2026-05-29/news_03.md,^GSPC,10,1.25,0.89,0.27,2.42,10,bullish,medium,1,2026-05-29,-1.9604,0,0,3.2104,2026-06-15
2026-05-29,equities-record-ai-trade,2026-05-29/news_03.md,^N225,1,0.56,0.7,0.29,1.16,10,bullish,medium,1,2026-05-29,0.7912,1,1,0.2312,2026-06-01
2026-05-29,equities-record-ai-trade,2026-05-29/news_03.md,^N225,3,0.62,0.55,-0.43,1.05,10,bullish,medium,1,2026-05-29,3.5816,0,1,2.9616,2026-06-08
2026-05-29,equities-record-ai-trade,2026-05-29/news_03.md,^N225,5,-0.13,-0.34,-1.17,0.52,10,bullish,medium,1,2026-05-29,0.3899,1,0,0.5199,2026-06-08
2026-05-29,equities-record-ai-trade,2026-05-29/news_03.md,^N225,10,2.13,0.8,-0.18,3.39,10,bullish,medium,1,2026-05-29,-0.4666,0,0,2.5966,2026-06-15
2026-05-29,equities-record-ai-trade,2026-05-29/news_03.md,^STOXX50E,1,0.19,0.22,-0.15,0.53,10,bullish,medium,1,2026-05-29,-0.2577,0,0,0.4477,2026-06-08
2026-05-29,equities-record-ai-trade,2026-05-29/news_03.md,^STOXX50E,3,0.67,0.72,0.33,1.15,10,bullish,medium,1,2026-05-29,0.0501,0,1,0.6199,2026-06-08
2026-05-29,equities-record-ai-trade,2026-05-29/news_03.md,^STOXX50E,5,-0.04,-0.02,-1.1,0.54,10,bullish,medium,0,2026-05-29,0.1906,1,,0.2306,2026-06-08
2026-05-29,equities-record-ai-trade,2026-05-29/news_03.md,^STOXX50E,10,-0.19,0.18,-1.39,2.29,10,bullish,medium,1,2026-05-29,2.2657,1,0,2.4557,2026-06-15
2026-05-29,us-iran-hormuz-mou,2026-05-29/news_01.md,BZ=F,1,-2.46,-1.68,-2.64,-1.51,4,bearish-oil,medium,1,2026-05-29,2.4473,0,0,4.9073,2026-06-01
2026-05-29,us-iran-hormuz-mou,2026-05-29/news_01.md,BZ=F,3,0.07,0.26,-4.01,4.35,4,bearish-oil,medium,0,2026-05-29,7.0786,0,,7.0086,2026-06-08
2026-05-29,us-iran-hormuz-mou,2026-05-29/news_01.md,BZ=F,5,-2.21,-1.42,-4.85,1.22,4,bearish-oil,medium,1,2026-05-29,2.1620,0,0,4.3720,2026-06-08
2026-05-29,us-iran-hormuz-mou,2026-05-29/news_01.md,BZ=F,10,-9.1,-3.46,-9.32,-3.24,4,bearish-oil,medium,1,2026-05-29,-4.1594,1,1,4.9406,2026-06-15
2026-05-29,us-iran-hormuz-mou,2026-05-29/news_01.md,EURUSD=X,1,0.16,0.22,0.02,0.36,4,bearish-oil,medium,1,2026-05-29,-0.0466,0,0,0.2066,2026-06-01
2026-05-29,us-iran-hormuz-mou,2026-05-29/news_01.md,EURUSD=X,3,-0.4,-0.1,-0.61,0.11,4,bearish-oil,medium,1,2026-05-29,-0.3138,1,1,0.0862,2026-06-08
2026-05-29,us-iran-hormuz-mou,2026-05-29/news_01.md,EURUSD=X,5,-0.45,-0.51,-0.74,-0.22,4,bearish-oil,medium,1,2026-05-29,-1.1297,0,1,0.6797,2026-06-08
2026-05-29,us-iran-hormuz-mou,2026-05-29/news_01.md,EURUSD=X,10,0.46,0.51,-0.3,1.27,4,bearish-oil,medium,1,2026-05-29,-0.7406,0,0,1.2006,2026-06-15
2026-05-29,us-iran-hormuz-mou,2026-05-29/news_01.md,^GSPC,1,-0.11,-0.35,-0.41,-0.05,4,bearish-oil,medium,1,2026-05-29,0.2625,0,0,0.3725,2026-06-08
2026-05-29,us-iran-hormuz-mou,2026-05-29/news_01.md,^GSPC,3,0.81,0.62,0.46,0.97,4,bearish-oil,medium,1,2026-05-29,-0.3480,0,0,1.1580,2026-06-08
2026-05-29,us-iran-hormuz-mou,2026-05-29/news_01.md,^GSPC,5,0.84,0.59,0.18,1.25,4,bearish-oil,medium,1,2026-05-29,-2.5900,0,0,3.4300,2026-06-08
2026-05-29,us-iran-hormuz-mou,2026-05-29/news_01.md,^GSPC,10,0.2,-0.18,-1.55,1.57,4,bearish-oil,medium,1,2026-05-29,-1.9604,0,0,2.1604,2026-06-15
2026-05-29,us-iran-hormuz-mou,2026-05-29/news_01.md,^STOXX50E,1,-1.34,-1.32,-3.18,0.52,4,bearish-oil,medium,1,2026-05-29,-0.2577,1,1,1.0823,2026-06-08
2026-05-29,us-iran-hormuz-mou,2026-05-29/news_01.md,^STOXX50E,3,0.84,-0.29,-0.96,1.51,4,bearish-oil,medium,1,2026-05-29,0.0501,1,1,0.7899,2026-06-08
2026-05-29,us-iran-hormuz-mou,2026-05-29/news_01.md,^STOXX50E,5,0.35,-0.36,-1.29,1.29,4,bearish-oil,medium,1,2026-05-29,0.1906,1,1,0.1594,2026-06-08
2026-05-29,us-iran-hormuz-mou,2026-05-29/news_01.md,^STOXX50E,10,-1.91,-2.01,-2.57,-1.34,4,bearish-oil,medium,1,2026-05-29,2.2657,0,0,4.1757,2026-06-15
2026-05-29,us-pce-april-3-8,2026-05-29/news_02.md,EURUSD=X,1,-0.39,-0.52,-1.05,-0.08,10,hawkish,high,1,2026-05-29,-0.0466,0,1,0.3434,2026-06-01
2026-05-29,us-pce-april-3-8,2026-05-29/news_02.md,EURUSD=X,3,-1.13,-0.86,-1.38,-0.65,10,hawkish,high,1,2026-05-29,-0.3138,0,1,0.8162,2026-06-08
2026-05-29,us-pce-april-3-8,2026-05-29/news_02.md,EURUSD=X,5,-0.55,-0.7,-0.91,-0.08,10,hawkish,high,1,2026-05-29,-1.1297,0,1,0.5797,2026-06-08
2026-05-29,us-pce-april-3-8,2026-05-29/news_02.md,EURUSD=X,10,-1.06,-0.76,-1.64,0.31,10,hawkish,high,1,2026-05-29,-0.7406,1,1,0.3194,2026-06-15
2026-05-29,us-pce-april-3-8,2026-05-29/news_02.md,GC=F,1,-0.31,-0.5,-1.43,0.2,10,hawkish,high,1,2026-05-29,-0.8556,1,1,0.5456,2026-06-01
2026-05-29,us-pce-april-3-8,2026-05-29/news_02.md,GC=F,3,0.1,-0.34,-1.78,1.01,10,hawkish,high,1,2026-05-29,-2.1555,0,0,2.2555,2026-06-08
2026-05-29,us-pce-april-3-8,2026-05-29/news_02.md,GC=F,5,0.0,-0.02,-1.97,1.72,10,hawkish,high,0,2026-05-29,-4.9575,0,,4.9575,2026-06-08
2026-05-29,us-pce-april-3-8,2026-05-29/news_02.md,GC=F,10,-0.72,-0.99,-2.52,-0.25,10,hawkish,high,1,2026-05-29,-7.7117,0,1,6.9917,2026-06-15
2026-05-29,us-pce-april-3-8,2026-05-29/news_02.md,IEF,1,-0.18,-0.15,-0.32,0.26,10,hawkish,high,1,2026-05-29,-0.5071,0,1,0.3271,2026-06-08
2026-05-29,us-pce-april-3-8,2026-05-29/news_02.md,IEF,3,-0.28,-0.28,-0.42,-0.02,10,hawkish,high,1,2026-05-29,-0.6867,0,1,0.4067,2026-06-08
2026-05-29,us-pce-april-3-8,2026-05-29/news_02.md,IEF,5,-0.38,-0.51,-1.05,0.02,10,hawkish,high,1,2026-05-29,-1.0882,0,1,0.7082,2026-06-08
2026-05-29,us-pce-april-3-8,2026-05-29/news_02.md,IEF,10,-0.33,-0.67,-1.55,0.54,10,hawkish,high,1,2026-05-29,-0.4966,1,1,0.1666,2026-06-15
2026-05-29,us-pce-april-3-8,2026-05-29/news_02.md,^GSPC,1,0.17,-0.51,-1.46,0.64,10,hawkish,high,1,2026-05-29,0.2625,1,1,0.0925,2026-06-08
2026-05-29,us-pce-april-3-8,2026-05-29/news_02.md,^GSPC,3,-0.52,-0.36,-1.48,0.99,10,hawkish,high,1,2026-05-29,-0.3480,1,1,0.1720,2026-06-08
2026-05-29,us-pce-april-3-8,2026-05-29/news_02.md,^GSPC,5,-1.71,-1.71,-2.73,-0.16,10,hawkish,high,1,2026-05-29,-2.5900,1,1,0.8800,2026-06-08
2026-05-29,us-pce-april-3-8,2026-05-29/news_02.md,^GSPC,10,-0.87,-1.21,-3.9,1.16,10,hawkish,high,1,2026-05-29,-1.9604,1,1,1.0904,2026-06-15
2026-05-29,us-pce-april-3-8,2026-05-29/news_02.md,^TNX,1,0.18,0.19,-0.92,1.19,10,hawkish,high,1,2026-05-29,0.4940,1,1,0.3140,2026-06-08
2026-05-29,us-pce-april-3-8,2026-05-29/news_02.md,^TNX,3,1.33,1.72,0.71,1.75,10,hawkish,high,1,2026-05-29,0.8534,1,1,0.4766,2026-06-08
2026-05-29,us-pce-april-3-8,2026-05-29/news_02.md,^TNX,5,2.49,2.01,0.29,3.94,10,hawkish,high,1,2026-05-29,1.8639,1,1,0.6261,2026-06-08
2026-05-29,us-pce-april-3-8,2026-05-29/news_02.md,^TNX,10,1.61,3.01,-0.82,6.01,10,hawkish,high,1,2026-05-29,0.7635,1,1,0.8465,2026-06-15
2026-05-29,warsh-fed-chair-fomc-split,2026-05-29/news_04.md,EURUSD=X,1,-0.13,-0.09,-0.76,0.42,10,hawkish,medium,1,2026-05-29,-0.0466,1,1,0.0834,2026-06-01
2026-05-29,warsh-fed-chair-fomc-split,2026-05-29/news_04.md,EURUSD=X,3,-0.45,-0.55,-0.96,0.26,10,hawkish,medium,1,2026-05-29,-0.3138,1,1,0.1362,2026-06-08
2026-05-29,warsh-fed-chair-fomc-split,2026-05-29/news_04.md,EURUSD=X,5,-0.26,-0.3,-0.81,0.82,10,hawkish,medium,1,2026-05-29,-1.1297,0,1,0.8697,2026-06-08
2026-05-29,warsh-fed-chair-fomc-split,2026-05-29/news_04.md,EURUSD=X,10,0.12,-0.09,-0.8,0.62,10,hawkish,medium,1,2026-05-29,-0.7406,1,0,0.8606,2026-06-15
2026-05-29,warsh-fed-chair-fomc-split,2026-05-29/news_04.md,GC=F,1,-0.56,-0.09,-0.7,0.43,10,hawkish,medium,1,2026-05-29,-0.8556,0,1,0.2956,2026-06-01
2026-05-29,warsh-fed-chair-fomc-split,2026-05-29/news_04.md,GC=F,3,-0.66,-0.38,-1.37,0.81,10,hawkish,medium,1,2026-05-29,-2.1555,0,1,1.4955,2026-06-08
2026-05-29,warsh-fed-chair-fomc-split,2026-05-29/news_04.md,GC=F,5,0.04,0.11,-0.56,0.97,10,hawkish,medium,0,2026-05-29,-4.9575,0,,4.9975,2026-06-08
2026-05-29,warsh-fed-chair-fomc-split,2026-05-29/news_04.md,GC=F,10,0.47,1.19,-0.4,2.72,10,hawkish,medium,1,2026-05-29,-7.7117,0,0,8.1817,2026-06-15
2026-05-29,warsh-fed-chair-fomc-split,2026-05-29/news_04.md,IEF,1,-0.02,-0.04,-0.26,0.16,10,hawkish,medium,0,2026-05-29,-0.5071,0,,0.4871,2026-06-08
2026-05-29,warsh-fed-chair-fomc-split,2026-05-29/news_04.md,IEF,3,0.23,-0.28,-0.8,0.46,10,hawkish,medium,1,2026-05-29,-0.6867,1,0,0.9167,2026-06-08
2026-05-29,warsh-fed-chair-fomc-split,2026-05-29/news_04.md,IEF,5,0.22,-0.13,-0.77,0.61,10,hawkish,medium,1,2026-05-29,-1.0882,0,0,1.3082,2026-06-08
2026-05-29,warsh-fed-chair-fomc-split,2026-05-29/news_04.md,IEF,10,0.11,0.02,-0.99,1.3,10,hawkish,medium,1,2026-05-29,-0.4966,1,0,0.6066,2026-06-15
2026-05-29,warsh-fed-chair-fomc-split,2026-05-29/news_04.md,^GSPC,1,-0.42,-0.82,-2.26,0.58,10,hawkish,medium,1,2026-05-29,0.2625,1,0,0.6825,2026-06-08
2026-05-29,warsh-fed-chair-fomc-split,2026-05-29/news_04.md,^GSPC,3,-1.23,-1.74,-3.31,-0.23,10,hawkish,medium,1,2026-05-29,-0.3480,1,1,0.8820,2026-06-08
2026-05-29,warsh-fed-chair-fomc-split,2026-05-29/news_04.md,^GSPC,5,-0.58,-0.55,-1.58,0.16,10,hawkish,medium,1,2026-05-29,-2.5900,0,1,2.0100,2026-06-08
2026-05-29,warsh-fed-chair-fomc-split,2026-05-29/news_04.md,^GSPC,10,-0.52,-0.24,-2.53,1.46,10,hawkish,medium,1,2026-05-29,-1.9604,1,1,1.4404,2026-06-15
2026-05-29,warsh-fed-chair-fomc-split,2026-05-29/news_04.md,^TNX,1,-0.28,0.12,-1.37,0.94,10,hawkish,medium,1,2026-05-29,0.4940,1,0,0.7740,2026-06-08
2026-05-29,warsh-fed-chair-fomc-split,2026-05-29/news_04.md,^TNX,3,0.5,1.16,-1.38,2.45,10,hawkish,medium,1,2026-05-29,0.8534,1,1,0.3534,2026-06-08
2026-05-29,warsh-fed-chair-fomc-split,2026-05-29/news_04.md,^TNX,5,0.14,0.56,-2.24,3.38,10,hawkish,medium,1,2026-05-29,1.8639,1,1,1.7239,2026-06-08
2026-05-29,warsh-fed-chair-fomc-split,2026-05-29/news_04.md,^TNX,10,-0.47,-0.09,-3.86,4.66,10,hawkish,medium,1,2026-05-29,0.7635,1,0,1.2335,2026-06-15
2026-05-30,ai-capex-dell-samsung-hbm4e,2026-05-30/news_04.md,BTC-USD,1,0.5,0.16,-0.39,0.88,5,bullish,medium,1,2026-05-30,0.6047,1,1,0.1047,2026-05-31
2026-05-30,ai-capex-dell-samsung-hbm4e,2026-05-30/news_04.md,BTC-USD,3,0.87,3.71,0.83,6.08,5,bullish,medium,1,2026-05-30,-4.5512,0,0,5.4212,2026-06-08
2026-05-30,ai-capex-dell-samsung-hbm4e,2026-05-30/news_04.md,BTC-USD,5,2.97,2.56,0.54,4.63,5,bullish,medium,1,2026-05-30,-13.0865,0,0,16.0565,2026-06-08
2026-05-30,ai-capex-dell-samsung-hbm4e,2026-05-30/news_04.md,BTC-USD,10,-0.26,3.84,-1.24,2.43,5,bullish,medium,1,2026-05-30,-13.8732,0,1,13.6132,2026-06-15
2026-05-30,ai-capex-dell-samsung-hbm4e,2026-05-30/news_04.md,^GSPC,1,0.7,0.79,0.35,1.3,5,bullish,medium,1,2026-06-01,0.1292,0,1,0.5708,2026-06-08
2026-05-30,ai-capex-dell-samsung-hbm4e,2026-05-30/news_04.md,^GSPC,3,-0.02,0.06,-0.17,0.69,5,bullish,medium,0,2026-06-01,-0.2059,0,,0.1859,2026-06-08
2026-05-30,ai-capex-dell-samsung-hbm4e,2026-05-30/news_04.md,^GSPC,5,0.18,0.57,0.18,1.41,5,bullish,medium,1,2026-06-01,-2.5557,0,0,2.7357,2026-06-15
2026-05-30,ai-capex-dell-samsung-hbm4e,2026-05-30/news_04.md,^GSPC,10,1.5,0.6,1.38,2.38,5,bullish,medium,1,2026-06-01,-0.6009,0,0,2.1009,2026-06-22
2026-05-30,ai-capex-dell-samsung-hbm4e,2026-05-30/news_04.md,^N225,1,0.35,-0.53,-1.17,0.37,5,bullish,medium,1,2026-06-01,-0.2131,1,0,0.5631,2026-06-08
2026-05-30,ai-capex-dell-samsung-hbm4e,2026-05-30/news_04.md,^N225,3,0.28,0.01,-0.63,1.09,5,bullish,medium,1,2026-06-01,0.9573,1,1,0.6773,2026-06-08
2026-05-30,ai-capex-dell-samsung-hbm4e,2026-05-30/news_04.md,^N225,5,0.85,-0.01,-1.44,1.13,5,bullish,medium,1,2026-06-01,-4.9247,0,0,5.7747,2026-06-08
2026-05-30,ai-capex-dell-samsung-hbm4e,2026-05-30/news_04.md,^N225,10,1.51,0.6,-1.02,2.73,5,bullish,medium,1,2026-06-01,3.4240,0,1,1.9140,2026-06-15
2026-05-30,ai-capex-dell-samsung-hbm4e,2026-05-30/news_04.md,^STOXX50E,1,0.35,0.49,-0.04,0.7,5,bullish,medium,1,2026-06-01,1.2080,0,1,0.8580,2026-06-08
2026-05-30,ai-capex-dell-samsung-hbm4e,2026-05-30/news_04.md,^STOXX50E,3,-0.14,-0.43,-1.21,0.13,5,bullish,medium,1,2026-06-01,1.1331,0,0,1.2731,2026-06-08
2026-05-30,ai-capex-dell-samsung-hbm4e,2026-05-30/news_04.md,^STOXX50E,5,0.46,0.31,0.06,0.88,5,bullish,medium,1,2026-06-01,0.4530,1,1,0.0070,2026-06-15
2026-05-30,ai-capex-dell-samsung-hbm4e,2026-05-30/news_04.md,^STOXX50E,10,0.63,1.01,0.47,2.45,5,bullish,medium,1,2026-06-01,3.2226,0,1,2.5926,2026-06-22
2026-05-30,iran-mou-stalled,2026-05-30/news_01.md,BZ=F,1,0.45,-0.5,-0.09,0.46,5,risk-off,medium,1,2026-06-01,0.8356,0,1,0.3856,2026-06-08
2026-05-30,iran-mou-stalled,2026-05-30/news_01.md,BZ=F,3,-3.32,-1.1,-4.61,3.03,5,risk-off,medium,1,2026-06-01,4.0921,0,0,7.4121,2026-06-08
2026-05-30,iran-mou-stalled,2026-05-30/news_01.md,BZ=F,5,-3.44,-1.03,-5.28,4.78,5,risk-off,medium,1,2026-06-01,4.5956,1,0,8.0356,2026-06-08
2026-05-30,iran-mou-stalled,2026-05-30/news_01.md,BZ=F,10,-1.89,-2.41,-5.47,0.94,5,risk-off,medium,1,2026-06-01,-10.5624,0,1,8.6724,2026-06-15
2026-05-30,iran-mou-stalled,2026-05-30/news_01.md,GC=F,1,0.13,0.3,-0.05,1.06,5,risk-off,medium,1,2026-06-01,-0.0022,1,0,0.1322,2026-06-08
2026-05-30,iran-mou-stalled,2026-05-30/news_01.md,GC=F,3,0.53,0.13,-0.31,0.53,5,risk-off,medium,1,2026-06-01,-1.2891,0,0,1.8191,2026-06-08
2026-05-30,iran-mou-stalled,2026-05-30/news_01.md,GC=F,5,-1.42,-0.65,-1.76,0.54,5,risk-off,medium,1,2026-06-01,-5.3078,0,1,3.8878,2026-06-08
2026-05-30,iran-mou-stalled,2026-05-30/news_01.md,GC=F,10,-0.86,-0.9,-1.55,-0.22,5,risk-off,medium,1,2026-06-01,-4.8071,0,1,3.9471,2026-06-15
2026-05-30,iran-mou-stalled,2026-05-30/news_01.md,^GSPC,1,0.26,0.28,0.01,0.35,5,risk-off,medium,1,2026-06-01,0.1292,1,1,0.1308,2026-06-08
2026-05-30,iran-mou-stalled,2026-05-30/news_01.md,^GSPC,3,0.56,0.54,0.29,0.74,5,risk-off,medium,1,2026-06-01,-0.2059,0,0,0.7659,2026-06-08
2026-05-30,iran-mou-stalled,2026-05-30/news_01.md,^GSPC,5,0.74,0.39,-0.21,0.94,5,risk-off,medium,1,2026-06-01,-2.5557,0,0,3.2957,2026-06-15
2026-05-30,iran-mou-stalled,2026-05-30/news_01.md,^GSPC,10,1.87,1.43,1.07,1.97,5,risk-off,medium,1,2026-06-01,-0.6009,0,0,2.4709,2026-06-22
2026-05-30,iran-mou-stalled,2026-05-30/news_01.md,^STOXX50E,1,0.08,-0.26,-0.55,0.18,5,risk-off,medium,0,2026-06-01,1.2080,0,,1.1280,2026-06-08
2026-05-30,iran-mou-stalled,2026-05-30/news_01.md,^STOXX50E,3,0.02,0.05,-0.02,0.22,5,risk-off,medium,0,2026-06-01,1.1331,0,,1.1131,2026-06-08
2026-05-30,iran-mou-stalled,2026-05-30/news_01.md,^STOXX50E,5,0.14,0.01,-0.1,0.43,5,risk-off,medium,1,2026-06-01,0.4530,0,1,0.3130,2026-06-15
2026-05-30,iran-mou-stalled,2026-05-30/news_01.md,^STOXX50E,10,-0.07,0.23,-0.15,0.92,5,risk-off,medium,0,2026-06-01,3.2226,0,,3.2926,2026-06-22
2026-05-30,russia-nato-airspace-breach-romania,2026-05-30/news_03.md,BZ=F,1,-1.49,-1.34,-1.66,-1.07,5,risk-off,medium,1,2026-06-01,0.8356,0,0,2.3256,2026-06-08
2026-05-30,russia-nato-airspace-breach-romania,2026-05-30/news_03.md,BZ=F,3,-0.07,-0.78,-1.83,0.71,5,risk-off,medium,0,2026-06-01,4.0921,0,,4.1621,2026-06-08
2026-05-30,russia-nato-airspace-breach-romania,2026-05-30/news_03.md,BZ=F,5,-1.19,-2.13,-5.86,0.68,5,risk-off,medium,1,2026-06-01,4.5956,0,0,5.7856,2026-06-08
2026-05-30,russia-nato-airspace-breach-romania,2026-05-30/news_03.md,BZ=F,10,-3.22,-4.58,-8.98,1.62,5,risk-off,medium,1,2026-06-01,-10.5624,0,1,7.3424,2026-06-15
2026-05-30,russia-nato-airspace-breach-romania,2026-05-30/news_03.md,CHF=X,1,-0.03,0.06,-0.03,0.17,5,risk-off,medium,0,2026-05-30,0.0000,1,,0.0300,2026-05-31
2026-05-30,russia-nato-airspace-breach-romania,2026-05-30/news_03.md,CHF=X,3,-0.08,0.19,-0.14,0.8,5,risk-off,medium,0,2026-05-30,0.8414,0,,0.9214,2026-06-08
2026-05-30,russia-nato-airspace-breach-romania,2026-05-30/news_03.md,CHF=X,5,0.79,0.46,0.38,0.95,5,risk-off,medium,1,2026-05-30,1.3864,0,1,0.5964,2026-06-08
2026-05-30,russia-nato-airspace-breach-romania,2026-05-30/news_03.md,CHF=X,10,0.57,0.19,-0.4,0.59,5,risk-off,medium,1,2026-05-30,2.3932,0,1,1.8232,2026-06-15
2026-05-30,russia-nato-airspace-breach-romania,2026-05-30/news_03.md,GC=F,1,-0.05,0.34,-0.07,0.1,5,risk-off,medium,0,2026-06-01,-0.0022,1,,0.0478,2026-06-08
2026-05-30,russia-nato-airspace-breach-romania,2026-05-30/news_03.md,GC=F,3,0.32,0.16,-0.97,1.06,5,risk-off,medium,1,2026-06-01,-1.2891,0,0,1.6091,2026-06-08
2026-05-30,russia-nato-airspace-breach-romania,2026-05-30/news_03.md,GC=F,5,-1.1,-0.19,-1.74,1.05,5,risk-off,medium,1,2026-06-01,-5.3078,0,1,4.2078,2026-06-08
2026-05-30,russia-nato-airspace-breach-romania,2026-05-30/news_03.md,GC=F,10,-0.21,0.92,-1.57,2.43,5,risk-off,medium,1,2026-06-01,-4.8071,0,1,4.5971,2026-06-15
2026-05-30,russia-nato-airspace-breach-romania,2026-05-30/news_03.md,^STOXX50E,1,-0.3,-0.45,-0.83,0.04,5,risk-off,medium,1,2026-06-01,1.2080,0,0,1.5080,2026-06-08
2026-05-30,russia-nato-airspace-breach-romania,2026-05-30/news_03.md,^STOXX50E,3,0.25,0.39,0.11,1.42,5,risk-off,medium,1,2026-06-01,1.1331,1,1,0.8831,2026-06-08
2026-05-30,russia-nato-airspace-breach-romania,2026-05-30/news_03.md,^STOXX50E,5,0.38,0.33,0.15,0.76,5,risk-off,medium,1,2026-06-01,0.4530,1,1,0.0730,2026-06-15
2026-05-30,russia-nato-airspace-breach-romania,2026-05-30/news_03.md,^STOXX50E,10,0.49,0.38,-1.66,1.92,5,risk-off,medium,1,2026-06-01,3.2226,0,1,2.7326,2026-06-22
2026-05-30,ukraine-refinery-strikes-volgograd,2026-05-30/news_02.md,BZ=F,1,2.33,2.23,1.91,2.58,5,risk-off,medium,1,2026-06-01,0.8356,0,1,1.4944,2026-06-08
2026-05-30,ukraine-refinery-strikes-volgograd,2026-05-30/news_02.md,BZ=F,3,1.88,2.1,1.09,3.02,5,risk-off,medium,1,2026-06-01,4.0921,0,1,2.2121,2026-06-08
2026-05-30,ukraine-refinery-strikes-volgograd,2026-05-30/news_02.md,BZ=F,5,3.52,3.03,-0.26,6.35,5,risk-off,medium,1,2026-06-01,4.5956,1,1,1.0756,2026-06-08
2026-05-30,ukraine-refinery-strikes-volgograd,2026-05-30/news_02.md,BZ=F,10,-1.57,-1.62,-4.18,0.34,5,risk-off,medium,1,2026-06-01,-10.5624,0,1,8.9924,2026-06-15
2026-05-30,ukraine-refinery-strikes-volgograd,2026-05-30/news_02.md,EURUSD=X,1,-0.03,0.02,-0.07,0.12,5,risk-off,medium,0,2026-06-01,-0.1164,0,,0.0864,2026-06-08
2026-05-30,ukraine-refinery-strikes-volgograd,2026-05-30/news_02.md,EURUSD=X,3,0.08,0.03,-0.2,0.34,5,risk-off,medium,0,2026-06-01,-0.3484,0,,0.4284,2026-06-08
2026-05-30,ukraine-refinery-strikes-volgograd,2026-05-30/news_02.md,EURUSD=X,5,-0.27,0.21,-0.3,0.61,5,risk-off,medium,1,2026-06-01,-1.1292,0,1,0.8592,2026-06-08
2026-05-30,ukraine-refinery-strikes-volgograd,2026-05-30/news_02.md,EURUSD=X,10,-0.53,-0.07,-0.67,-0.04,5,risk-off,medium,1,2026-06-01,-0.2905,1,1,0.2395,2026-06-15
2026-05-30,ukraine-refinery-strikes-volgograd,2026-05-30/news_02.md,^GSPC,1,1.15,0.94,0.22,1.7,5,risk-off,medium,1,2026-06-01,0.1292,0,1,1.0208,2026-06-08
2026-05-30,ukraine-refinery-strikes-volgograd,2026-05-30/news_02.md,^GSPC,3,0.99,0.98,0.59,1.79,5,risk-off,medium,1,2026-06-01,-0.2059,0,0,1.1959,2026-06-08
2026-05-30,ukraine-refinery-strikes-volgograd,2026-05-30/news_02.md,^GSPC,5,1.06,1.5,0.38,1.85,5,risk-off,medium,1,2026-06-01,-2.5557,0,0,3.6157,2026-06-15
2026-05-30,ukraine-refinery-strikes-volgograd,2026-05-30/news_02.md,^GSPC,10,1.62,1.02,0.55,2.45,5,risk-off,medium,1,2026-06-01,-0.6009,0,0,2.2209,2026-06-22
2026-05-30,ukraine-refinery-strikes-volgograd,2026-05-30/news_02.md,^STOXX50E,1,0.71,0.97,0.5,1.04,5,risk-off,medium,1,2026-06-01,1.2080,0,1,0.4980,2026-06-08
2026-05-30,ukraine-refinery-strikes-volgograd,2026-05-30/news_02.md,^STOXX50E,3,1.04,1.47,0.28,2.59,5,risk-off,medium,1,2026-06-01,1.1331,1,1,0.0931,2026-06-08
2026-05-30,ukraine-refinery-strikes-volgograd,2026-05-30/news_02.md,^STOXX50E,5,1.69,2.35,1.66,3.72,5,risk-off,medium,1,2026-06-01,0.4530,0,1,1.2370,2026-06-15
2026-05-30,ukraine-refinery-strikes-volgograd,2026-05-30/news_02.md,^STOXX50E,10,2.65,2.36,1.63,4.32,5,risk-off,medium,1,2026-06-01,3.2226,1,1,0.5726,2026-06-22
2026-05-31,dell-ai-server-mega-beat,2026-05-31/news_03.md,^GSPC,1,0.7,0.79,0.35,1.3,5,bullish,medium,1,2026-06-01,0.1292,0,1,0.5708,2026-06-08
2026-05-31,dell-ai-server-mega-beat,2026-05-31/news_03.md,^GSPC,3,-0.02,0.06,-0.17,0.69,5,bullish,medium,0,2026-06-01,-0.2059,0,,0.1859,2026-06-08
2026-05-31,dell-ai-server-mega-beat,2026-05-31/news_03.md,^GSPC,5,0.18,0.57,0.18,1.41,5,bullish,medium,1,2026-06-01,-2.5557,0,0,2.7357,2026-06-15
2026-05-31,dell-ai-server-mega-beat,2026-05-31/news_03.md,^GSPC,10,1.5,0.6,1.38,2.38,5,bullish,medium,1,2026-06-01,-0.6009,0,0,2.1009,2026-06-22
2026-05-31,dell-ai-server-mega-beat,2026-05-31/news_03.md,^N225,1,0.35,-0.53,-1.17,0.37,5,bullish,medium,1,2026-06-01,-0.2131,1,0,0.5631,2026-06-08
2026-05-31,dell-ai-server-mega-beat,2026-05-31/news_03.md,^N225,3,0.28,0.01,-0.63,1.09,5,bullish,medium,1,2026-06-01,0.9573,1,1,0.6773,2026-06-08
2026-05-31,dell-ai-server-mega-beat,2026-05-31/news_03.md,^N225,5,0.85,-0.01,-1.44,1.13,5,bullish,medium,1,2026-06-01,-4.9247,0,0,5.7747,2026-06-08
2026-05-31,dell-ai-server-mega-beat,2026-05-31/news_03.md,^N225,10,1.51,0.6,-1.02,2.73,5,bullish,medium,1,2026-06-01,3.4240,0,1,1.9140,2026-06-15
2026-05-31,dell-ai-server-mega-beat,2026-05-31/news_03.md,^STOXX50E,1,0.35,0.49,-0.04,0.7,5,bullish,medium,1,2026-06-01,1.2080,0,1,0.8580,2026-06-08
2026-05-31,dell-ai-server-mega-beat,2026-05-31/news_03.md,^STOXX50E,3,-0.14,-0.43,-1.21,0.13,5,bullish,medium,1,2026-06-01,1.1331,0,0,1.2731,2026-06-08
2026-05-31,dell-ai-server-mega-beat,2026-05-31/news_03.md,^STOXX50E,5,0.46,0.31,0.06,0.88,5,bullish,medium,1,2026-06-01,0.4530,1,1,0.0070,2026-06-15
2026-05-31,dell-ai-server-mega-beat,2026-05-31/news_03.md,^STOXX50E,10,0.63,1.01,0.47,2.45,5,bullish,medium,1,2026-06-01,3.2226,0,1,2.5926,2026-06-22
2026-05-31,fed-chair-vacancy-policy-uncertainty,2026-05-31/news_04.md,EURUSD=X,1,0.03,-0.04,-0.16,0.27,5,neutral,low,0,2026-06-01,-0.1164,1,,0.1464,2026-06-08
2026-05-31,fed-chair-vacancy-policy-uncertainty,2026-05-31/news_04.md,EURUSD=X,3,-0.14,-0.33,-1.22,-0.1,5,neutral,low,1,2026-06-01,-0.3484,1,1,0.2084,2026-06-08
2026-05-31,fed-chair-vacancy-policy-uncertainty,2026-05-31/news_04.md,EURUSD=X,5,-0.27,-0.19,-1.02,0.59,5,neutral,low,1,2026-06-01,-1.1292,0,1,0.8592,2026-06-08
2026-05-31,fed-chair-vacancy-policy-uncertainty,2026-05-31/news_04.md,EURUSD=X,10,0.33,0.45,-0.12,1.02,5,neutral,low,1,2026-06-01,-0.2905,0,0,0.6205,2026-06-15
2026-05-31,fed-chair-vacancy-policy-uncertainty,2026-05-31/news_04.md,GC=F,1,-0.64,-0.65,-0.66,-0.52,5,neutral,low,1,2026-06-01,-0.0022,0,1,0.6378,2026-06-08
2026-05-31,fed-chair-vacancy-policy-uncertainty,2026-05-31/news_04.md,GC=F,3,-0.09,0.69,-0.14,0.98,5,neutral,low,0,2026-06-01,-1.2891,0,,1.1991,2026-06-08
2026-05-31,fed-chair-vacancy-policy-uncertainty,2026-05-31/news_04.md,GC=F,5,0.68,0.31,-0.39,0.84,5,neutral,low,1,2026-06-01,-5.3078,0,0,5.9878,2026-06-08
2026-05-31,fed-chair-vacancy-policy-uncertainty,2026-05-31/news_04.md,GC=F,10,0.65,0.98,0.2,1.72,5,neutral,low,1,2026-06-01,-4.8071,0,0,5.4571,2026-06-15
2026-05-31,fed-chair-vacancy-policy-uncertainty,2026-05-31/news_04.md,^GSPC,1,1.13,1.71,0.42,1.74,5,neutral,low,1,2026-06-01,0.1292,0,1,1.0008,2026-06-08
2026-05-31,fed-chair-vacancy-policy-uncertainty,2026-05-31/news_04.md,^GSPC,3,0.42,0.64,-1.82,1.46,5,neutral,low,1,2026-06-01,-0.2059,1,0,0.6259,2026-06-08
2026-05-31,fed-chair-vacancy-policy-uncertainty,2026-05-31/news_04.md,^GSPC,5,0.25,1.24,0.18,0.27,5,neutral,low,1,2026-06-01,-2.5557,0,0,2.8057,2026-06-15
2026-05-31,fed-chair-vacancy-policy-uncertainty,2026-05-31/news_04.md,^GSPC,10,2.54,2.86,0.22,2.54,5,neutral,low,1,2026-06-01,-0.6009,0,0,3.1409,2026-06-22
2026-05-31,fed-chair-vacancy-policy-uncertainty,2026-05-31/news_04.md,^TNX,1,-0.17,0.12,-0.73,0.67,5,neutral,low,1,2026-06-01,-0.4469,1,1,0.2769,2026-06-08
2026-05-31,fed-chair-vacancy-policy-uncertainty,2026-05-31/news_04.md,^TNX,3,-1.7,-1.61,-3.51,-0.47,5,neutral,low,1,2026-06-01,0.0447,0,0,1.7447,2026-06-08
2026-05-31,fed-chair-vacancy-policy-uncertainty,2026-05-31/news_04.md,^TNX,5,-0.68,-1.5,-3.2,-0.3,5,neutral,low,1,2026-06-01,1.7207,0,0,2.4007,2026-06-15
2026-05-31,fed-chair-vacancy-policy-uncertainty,2026-05-31/news_04.md,^TNX,10,0.6,-0.47,-0.76,3.29,5,neutral,low,1,2026-06-01,-0.1341,1,0,0.7341,2026-06-22
2026-05-31,global-composite-pmi-contraction,2026-05-31/news_05.md,BZ=F,1,-2.11,-1.31,-2.75,0.41,5,risk-off,medium,1,2026-06-01,0.8356,0,0,2.9456,2026-06-08
2026-05-31,global-composite-pmi-contraction,2026-05-31/news_05.md,BZ=F,3,-0.13,-1.15,-3.82,1.21,5,risk-off,medium,1,2026-06-01,4.0921,0,0,4.2221,2026-06-08
2026-05-31,global-composite-pmi-contraction,2026-05-31/news_05.md,BZ=F,5,0.18,-0.63,-0.45,0.64,5,risk-off,medium,1,2026-06-01,4.5956,0,1,4.4156,2026-06-08
2026-05-31,global-composite-pmi-contraction,2026-05-31/news_05.md,BZ=F,10,-1.2,-0.82,-3.23,1.91,5,risk-off,medium,1,2026-06-01,-10.5624,0,1,9.3624,2026-06-15
2026-05-31,global-composite-pmi-contraction,2026-05-31/news_05.md,EURUSD=X,1,0.02,-0.1,-0.34,0.07,5,risk-off,medium,0,2026-06-01,-0.1164,1,,0.1364,2026-06-08
2026-05-31,global-composite-pmi-contraction,2026-05-31/news_05.md,EURUSD=X,3,0.42,0.36,0.15,0.54,5,risk-off,medium,1,2026-06-01,-0.3484,0,0,0.7684,2026-06-08
2026-05-31,global-composite-pmi-contraction,2026-05-31/news_05.md,EURUSD=X,5,0.52,0.5,0.31,0.69,5,risk-off,medium,1,2026-06-01,-1.1292,0,0,1.6492,2026-06-08
2026-05-31,global-composite-pmi-contraction,2026-05-31/news_05.md,EURUSD=X,10,0.68,0.57,0.15,0.91,5,risk-off,medium,1,2026-06-01,-0.2905,0,0,0.9705,2026-06-15
2026-05-31,global-composite-pmi-contraction,2026-05-31/news_05.md,GC=F,1,-0.28,-0.16,-0.38,0.39,5,risk-off,medium,1,2026-06-01,-0.0022,1,1,0.2778,2026-06-08
2026-05-31,global-composite-pmi-contraction,2026-05-31/news_05.md,GC=F,3,-1.89,-1.13,-1.91,-0.41,5,risk-off,medium,1,2026-06-01,-1.2891,1,1,0.6009,2026-06-08
2026-05-31,global-composite-pmi-contraction,2026-05-31/news_05.md,GC=F,5,-0.91,-0.94,-1.8,-0.53,5,risk-off,medium,1,2026-06-01,-5.3078,0,1,4.3978,2026-06-08
2026-05-31,global-composite-pmi-contraction,2026-05-31/news_05.md,GC=F,10,0.13,-0.62,-2.48,0.74,5,risk-off,medium,1,2026-06-01,-4.8071,0,0,4.9371,2026-06-15
2026-05-31,global-composite-pmi-contraction,2026-05-31/news_05.md,^GSPC,1,-0.53,-0.54,-1.53,-0.08,5,risk-off,medium,1,2026-06-01,0.1292,0,0,0.6592,2026-06-08
2026-05-31,global-composite-pmi-contraction,2026-05-31/news_05.md,^GSPC,3,-0.36,-0.66,-0.47,-0.06,5,risk-off,medium,1,2026-06-01,-0.2059,1,1,0.1541,2026-06-08
2026-05-31,global-composite-pmi-contraction,2026-05-31/news_05.md,^GSPC,5,0.51,0.18,-0.73,1.33,5,risk-off,medium,1,2026-06-01,-2.5557,0,0,3.0657,2026-06-15
2026-05-31,global-composite-pmi-contraction,2026-05-31/news_05.md,^GSPC,10,1.77,0.88,0.35,2.35,5,risk-off,medium,1,2026-06-01,-0.6009,0,0,2.3709,2026-06-22
2026-05-31,global-composite-pmi-contraction,2026-05-31/news_05.md,^TNX,1,-2.62,-0.98,-3.08,-1.85,5,risk-off,medium,1,2026-06-01,-0.4469,0,1,2.1731,2026-06-08
2026-05-31,global-composite-pmi-contraction,2026-05-31/news_05.md,^TNX,3,0.6,1.26,-2.21,0.62,5,risk-off,medium,1,2026-06-01,0.0447,1,1,0.5553,2026-06-08
2026-05-31,global-composite-pmi-contraction,2026-05-31/news_05.md,^TNX,5,0.69,3.76,0.53,1.38,5,risk-off,medium,1,2026-06-01,1.7207,0,1,1.0307,2026-06-15
2026-05-31,global-composite-pmi-contraction,2026-05-31/news_05.md,^TNX,10,2.84,5.5,-1.26,5.28,5,risk-off,medium,1,2026-06-01,-0.1341,1,0,2.9741,2026-06-22
2026-05-31,iran-mou-iaea-deadline,2026-05-31/news_01.md,BZ=F,1,0.18,-1.1,-3.09,0.46,6,risk-off,medium,1,2026-06-01,0.8356,0,1,0.6556,2026-06-08
2026-05-31,iran-mou-iaea-deadline,2026-05-31/news_01.md,BZ=F,3,-2.3,-1.13,-4.28,1.96,6,risk-off,medium,1,2026-06-01,4.0921,0,0,6.3921,2026-06-08
2026-05-31,iran-mou-iaea-deadline,2026-05-31/news_01.md,BZ=F,5,-2.41,-1.09,-4.82,3.24,6,risk-off,medium,1,2026-06-01,4.5956,0,0,7.0056,2026-06-08
2026-05-31,iran-mou-iaea-deadline,2026-05-31/news_01.md,BZ=F,10,-1.49,-2.19,-4.57,0.43,6,risk-off,medium,1,2026-06-01,-10.5624,0,1,9.0724,2026-06-15
2026-05-31,iran-mou-iaea-deadline,2026-05-31/news_01.md,EURUSD=X,1,-0.6,-0.48,-0.67,-0.31,6,risk-off,medium,1,2026-06-01,-0.1164,0,1,0.4836,2026-06-08
2026-05-31,iran-mou-iaea-deadline,2026-05-31/news_01.md,EURUSD=X,3,-0.31,-0.36,-0.63,-0.14,6,risk-off,medium,1,2026-06-01,-0.3484,1,1,0.0384,2026-06-08
2026-05-31,iran-mou-iaea-deadline,2026-05-31/news_01.md,EURUSD=X,5,-0.56,-0.62,-1.05,-0.15,6,risk-off,medium,1,2026-06-01,-1.1292,0,1,0.5692,2026-06-08
2026-05-31,iran-mou-iaea-deadline,2026-05-31/news_01.md,EURUSD=X,10,-1.0,-0.84,-1.25,-0.42,6,risk-off,medium,1,2026-06-01,-0.2905,0,1,0.7095,2026-06-15
2026-05-31,iran-mou-iaea-deadline,2026-05-31/news_01.md,GC=F,1,0.59,0.47,-0.01,1.09,6,risk-off,medium,1,2026-06-01,-0.0022,1,0,0.5922,2026-06-08
2026-05-31,iran-mou-iaea-deadline,2026-05-31/news_01.md,GC=F,3,0.53,0.24,-0.1,0.66,6,risk-off,medium,1,2026-06-01,-1.2891,0,0,1.8191,2026-06-08
2026-05-31,iran-mou-iaea-deadline,2026-05-31/news_01.md,GC=F,5,-0.44,-0.4,-1.68,0.78,6,risk-off,medium,1,2026-06-01,-5.3078,0,1,4.8678,2026-06-08
2026-05-31,iran-mou-iaea-deadline,2026-05-31/news_01.md,GC=F,10,-0.54,-0.47,-1.38,0.41,6,risk-off,medium,1,2026-06-01,-4.8071,0,1,4.2671,2026-06-15
2026-05-31,iran-mou-iaea-deadline,2026-05-31/news_01.md,^GSPC,1,0.28,0.28,0.07,0.34,6,risk-off,medium,1,2026-06-01,0.1292,1,1,0.1508,2026-06-08
2026-05-31,iran-mou-iaea-deadline,2026-05-31/news_01.md,^GSPC,3,0.65,0.59,0.36,0.85,6,risk-off,medium,1,2026-06-01,-0.2059,0,0,0.8559,2026-06-08
2026-05-31,iran-mou-iaea-deadline,2026-05-31/news_01.md,^GSPC,5,0.63,0.41,-0.03,0.89,6,risk-off,medium,1,2026-06-01,-2.5557,0,0,3.1857,2026-06-15
2026-05-31,iran-mou-iaea-deadline,2026-05-31/news_01.md,^GSPC,10,1.6,1.41,1.14,1.94,6,risk-off,medium,1,2026-06-01,-0.6009,0,0,2.2009,2026-06-22
2026-05-31,iran-mou-iaea-deadline,2026-05-31/news_01.md,^STOXX50E,1,0.13,-0.17,-0.39,0.27,6,risk-off,medium,1,2026-06-01,1.2080,0,1,1.0780,2026-06-08
2026-05-31,iran-mou-iaea-deadline,2026-05-31/news_01.md,^STOXX50E,3,0.12,0.26,-0.01,0.78,6,risk-off,medium,1,2026-06-01,1.1331,0,1,1.0131,2026-06-08
2026-05-31,iran-mou-iaea-deadline,2026-05-31/news_01.md,^STOXX50E,5,0.28,0.13,-0.04,0.5,6,risk-off,medium,1,2026-06-01,0.4530,1,1,0.1730,2026-06-15
2026-05-31,iran-mou-iaea-deadline,2026-05-31/news_01.md,^STOXX50E,10,0.03,0.21,-0.13,0.73,6,risk-off,medium,0,2026-06-01,3.2226,0,,3.1926,2026-06-22
2026-05-31,iran-mou-iaea-deadline,2026-05-31/news_01.md,^TNX,1,0.9,-0.03,-1.01,1.16,6,risk-off,medium,1,2026-06-01,-0.4469,1,0,1.3469,2026-06-08
2026-05-31,iran-mou-iaea-deadline,2026-05-31/news_01.md,^TNX,3,0.55,1.45,0.15,3.78,6,risk-off,medium,1,2026-06-01,0.0447,0,1,0.5053,2026-06-08
2026-05-31,iran-mou-iaea-deadline,2026-05-31/news_01.md,^TNX,5,1.53,1.2,0.16,3.32,6,risk-off,medium,1,2026-06-01,1.7207,1,1,0.1907,2026-06-15
2026-05-31,iran-mou-iaea-deadline,2026-05-31/news_01.md,^TNX,10,2.96,1.47,0.44,4.05,6,risk-off,medium,1,2026-06-01,-0.1341,0,0,3.0941,2026-06-22
2026-05-31,russia-ukraine-attrition-energy,2026-05-31/news_02.md,BZ=F,1,2.33,2.23,1.91,2.58,5,risk-off,medium,1,2026-06-01,0.8356,0,1,1.4944,2026-06-08
2026-05-31,russia-ukraine-attrition-energy,2026-05-31/news_02.md,BZ=F,3,1.88,2.1,1.09,3.02,5,risk-off,medium,1,2026-06-01,4.0921,0,1,2.2121,2026-06-08
2026-05-31,russia-ukraine-attrition-energy,2026-05-31/news_02.md,BZ=F,5,3.52,3.03,-0.26,6.35,5,risk-off,medium,1,2026-06-01,4.5956,1,1,1.0756,2026-06-08
2026-05-31,russia-ukraine-attrition-energy,2026-05-31/news_02.md,BZ=F,10,-1.57,-1.62,-4.18,0.34,5,risk-off,medium,1,2026-06-01,-10.5624,0,1,8.9924,2026-06-15
2026-05-31,russia-ukraine-attrition-energy,2026-05-31/news_02.md,EURUSD=X,1,-0.03,0.02,-0.07,0.12,5,risk-off,medium,0,2026-06-01,-0.1164,0,,0.0864,2026-06-08
2026-05-31,russia-ukraine-attrition-energy,2026-05-31/news_02.md,EURUSD=X,3,0.08,0.03,-0.2,0.34,5,risk-off,medium,0,2026-06-01,-0.3484,0,,0.4284,2026-06-08
2026-05-31,russia-ukraine-attrition-energy,2026-05-31/news_02.md,EURUSD=X,5,-0.27,0.21,-0.3,0.61,5,risk-off,medium,1,2026-06-01,-1.1292,0,1,0.8592,2026-06-08
2026-05-31,russia-ukraine-attrition-energy,2026-05-31/news_02.md,EURUSD=X,10,-0.53,-0.07,-0.67,-0.04,5,risk-off,medium,1,2026-06-01,-0.2905,1,1,0.2395,2026-06-15
2026-05-31,russia-ukraine-attrition-energy,2026-05-31/news_02.md,^GSPC,1,1.15,0.94,0.22,1.7,5,risk-off,medium,1,2026-06-01,0.1292,0,1,1.0208,2026-06-08
2026-05-31,russia-ukraine-attrition-energy,2026-05-31/news_02.md,^GSPC,3,0.99,0.98,0.59,1.79,5,risk-off,medium,1,2026-06-01,-0.2059,0,0,1.1959,2026-06-08
2026-05-31,russia-ukraine-attrition-energy,2026-05-31/news_02.md,^GSPC,5,1.06,1.5,0.38,1.85,5,risk-off,medium,1,2026-06-01,-2.5557,0,0,3.6157,2026-06-15
2026-05-31,russia-ukraine-attrition-energy,2026-05-31/news_02.md,^GSPC,10,1.62,1.02,0.55,2.45,5,risk-off,medium,1,2026-06-01,-0.6009,0,0,2.2209,2026-06-22
2026-05-31,russia-ukraine-attrition-energy,2026-05-31/news_02.md,^STOXX50E,1,0.71,0.97,0.5,1.04,5,risk-off,medium,1,2026-06-01,1.2080,0,1,0.4980,2026-06-08
2026-05-31,russia-ukraine-attrition-energy,2026-05-31/news_02.md,^STOXX50E,3,1.04,1.47,0.28,2.59,5,risk-off,medium,1,2026-06-01,1.1331,1,1,0.0931,2026-06-08
2026-05-31,russia-ukraine-attrition-energy,2026-05-31/news_02.md,^STOXX50E,5,1.69,2.35,1.66,3.72,5,risk-off,medium,1,2026-06-01,0.4530,0,1,1.2370,2026-06-15
2026-05-31,russia-ukraine-attrition-energy,2026-05-31/news_02.md,^STOXX50E,10,2.65,2.36,1.63,4.32,5,risk-off,medium,1,2026-06-01,3.2226,1,1,0.5726,2026-06-22
2026-06-01,ai-semiconductor-rally-asia,2026-06-01/news_02.md,BTC-USD,1,-0.39,-0.48,,,7,bullish,medium,1,2026-06-01,-4.2381,,1,3.8481,2026-06-08
2026-06-01,ai-semiconductor-rally-asia,2026-06-01/news_02.md,BTC-USD,3,0.83,1.61,,,7,bullish,medium,1,2026-06-01,-12.8014,,0,13.6314,2026-06-08
2026-06-01,ai-semiconductor-rally-asia,2026-06-01/news_02.md,BTC-USD,5,0.54,1.19,,,7,bullish,medium,1,2026-06-01,-16.8330,,0,17.3730,2026-06-08
2026-06-01,ai-semiconductor-rally-asia,2026-06-01/news_02.md,BTC-USD,10,-1.22,1.47,,,7,bullish,medium,1,2026-06-01,-14.6330,,1,13.4130,2026-06-15
2026-06-01,ai-semiconductor-rally-asia,2026-06-01/news_02.md,ETH-USD,1,-1.32,-1.27,,,7,bullish,medium,1,2026-06-01,-0.5150,,1,0.8050,2026-06-08
2026-06-01,ai-semiconductor-rally-asia,2026-06-01/news_02.md,ETH-USD,3,1.3,2.09,,,7,bullish,medium,1,2026-06-01,-10.5874,,0,11.8874,2026-06-08
2026-06-01,ai-semiconductor-rally-asia,2026-06-01/news_02.md,ETH-USD,5,-1.03,0.13,,,7,bullish,medium,1,2026-06-01,-21.3967,,1,20.3667,2026-06-08
2026-06-01,ai-semiconductor-rally-asia,2026-06-01/news_02.md,ETH-USD,10,0.11,0.93,,,7,bullish,medium,1,2026-06-01,-17.3726,,0,17.4826,2026-06-15
2026-06-01,ai-semiconductor-rally-asia,2026-06-01/news_02.md,^GSPC,1,0.7,0.62,0.19,1.16,7,bullish,medium,1,2026-06-01,0.1292,0,1,0.5708,2026-06-08
2026-06-01,ai-semiconductor-rally-asia,2026-06-01/news_02.md,^GSPC,3,-0.17,-0.26,-1.05,0.34,7,bullish,medium,1,2026-06-01,-0.2059,1,1,0.0359,2026-06-08
2026-06-01,ai-semiconductor-rally-asia,2026-06-01/news_02.md,^GSPC,5,0.18,-0.11,-1.21,0.8,7,bullish,medium,1,2026-06-01,-2.5557,0,0,2.7357,2026-06-15
2026-06-01,ai-semiconductor-rally-asia,2026-06-01/news_02.md,^GSPC,10,1.38,0.7,0.94,1.94,7,bullish,medium,1,2026-06-01,-0.6009,0,0,1.9809,2026-06-22
2026-06-01,ai-semiconductor-rally-asia,2026-06-01/news_02.md,^N225,1,0.35,-0.31,-0.71,0.53,7,bullish,medium,1,2026-06-01,-0.2131,1,0,0.5631,2026-06-08
2026-06-01,ai-semiconductor-rally-asia,2026-06-01/news_02.md,^N225,3,0.28,-0.05,-0.92,0.97,7,bullish,medium,1,2026-06-01,0.9573,1,1,0.6773,2026-06-08
2026-06-01,ai-semiconductor-rally-asia,2026-06-01/news_02.md,^N225,5,-0.58,-0.73,-2.06,0.99,7,bullish,medium,1,2026-06-01,-4.9247,0,1,4.3447,2026-06-08
2026-06-01,ai-semiconductor-rally-asia,2026-06-01/news_02.md,^N225,10,1.51,0.37,-2.43,3.16,7,bullish,medium,1,2026-06-01,3.4240,0,1,1.9140,2026-06-15
2026-06-01,iran-mou-missed-deadline-oil,2026-06-01/news_01.md,BZ=F,1,0.45,-0.23,-0.67,1.29,7,risk-off,high,1,2026-06-01,0.8356,1,1,0.3856,2026-06-08
2026-06-01,iran-mou-missed-deadline-oil,2026-06-01/news_01.md,BZ=F,3,1.35,0.12,-1.79,3.18,7,risk-off,high,1,2026-06-01,4.0921,0,1,2.7421,2026-06-08
2026-06-01,iran-mou-missed-deadline-oil,2026-06-01/news_01.md,BZ=F,5,2.26,-0.07,-4.49,3.63,7,risk-off,high,1,2026-06-01,4.5956,0,1,2.3356,2026-06-08
2026-06-01,iran-mou-missed-deadline-oil,2026-06-01/news_01.md,BZ=F,10,-0.17,-0.91,-7.19,5.78,7,risk-off,high,1,2026-06-01,-10.5624,0,1,10.3924,2026-06-15
2026-06-01,iran-mou-missed-deadline-oil,2026-06-01/news_01.md,CHF=X,1,0.03,0.09,-0.1,0.33,7,risk-off,high,0,2026-06-01,0.4882,0,,0.4582,2026-06-08
2026-06-01,iran-mou-missed-deadline-oil,2026-06-01/news_01.md,CHF=X,3,0.4,0.46,-0.05,0.99,7,risk-off,high,1,2026-06-01,1.0314,0,1,0.6314,2026-06-08
2026-06-01,iran-mou-missed-deadline-oil,2026-06-01/news_01.md,CHF=X,5,0.2,0.46,-0.07,0.69,7,risk-off,high,1,2026-06-01,1.9324,0,1,1.7324,2026-06-08
2026-06-01,iran-mou-missed-deadline-oil,2026-06-01/news_01.md,CHF=X,10,-0.64,-0.32,-0.83,-0.05,7,risk-off,high,1,2026-06-01,1.7842,0,0,2.4242,2026-06-15
2026-06-01,iran-mou-missed-deadline-oil,2026-06-01/news_01.md,GC=F,1,-0.05,-0.17,-0.71,0.1,7,risk-off,high,0,2026-06-01,-0.0022,1,,0.0478,2026-06-08
2026-06-01,iran-mou-missed-deadline-oil,2026-06-01/news_01.md,GC=F,3,-0.31,-0.35,-1.18,0.53,7,risk-off,high,1,2026-06-01,-1.2891,0,1,0.9791,2026-06-08
2026-06-01,iran-mou-missed-deadline-oil,2026-06-01/news_01.md,GC=F,5,-1.31,-0.08,-1.66,0.95,7,risk-off,high,1,2026-06-01,-5.3078,0,1,3.9978,2026-06-08
2026-06-01,iran-mou-missed-deadline-oil,2026-06-01/news_01.md,GC=F,10,-1.55,-0.73,-2.15,-0.22,7,risk-off,high,1,2026-06-01,-4.8071,0,1,3.2571,2026-06-15
2026-06-01,iran-mou-missed-deadline-oil,2026-06-01/news_01.md,JPY=X,1,0.07,-0.0,-0.3,0.22,7,risk-off,high,0,2026-06-01,0.1825,1,,0.1125,2026-06-08
2026-06-01,iran-mou-missed-deadline-oil,2026-06-01/news_01.md,JPY=X,3,0.45,0.5,-0.06,1.06,7,risk-off,high,1,2026-06-01,0.2747,1,1,0.1753,2026-06-08
2026-06-01,iran-mou-missed-deadline-oil,2026-06-01/news_01.md,JPY=X,5,0.72,0.74,0.18,1.15,7,risk-off,high,1,2026-06-01,0.5043,1,1,0.2157,2026-06-08
2026-06-01,iran-mou-missed-deadline-oil,2026-06-01/news_01.md,JPY=X,10,1.05,0.8,0.02,1.67,7,risk-off,high,1,2026-06-01,0.4647,1,1,0.5853,2026-06-15
2026-06-01,iran-mou-missed-deadline-oil,2026-06-01/news_01.md,^GSPC,1,0.35,0.4,0.05,0.87,7,risk-off,high,1,2026-06-01,0.1292,1,1,0.2208,2026-06-08
2026-06-01,iran-mou-missed-deadline-oil,2026-06-01/news_01.md,^GSPC,3,0.56,0.88,0.18,1.5,7,risk-off,high,1,2026-06-01,-0.2059,0,0,0.7659,2026-06-08
2026-06-01,iran-mou-missed-deadline-oil,2026-06-01/news_01.md,^GSPC,5,1.01,1.08,0.87,1.44,7,risk-off,high,1,2026-06-01,-2.5557,0,0,3.5657,2026-06-15
2026-06-01,iran-mou-missed-deadline-oil,2026-06-01/news_01.md,^GSPC,10,1.97,1.69,0.41,2.97,7,risk-off,high,1,2026-06-01,-0.6009,0,0,2.5709,2026-06-22
2026-06-01,us-macro-pulse-q1gdp-ism-jobs,2026-06-01/news_04.md,EURUSD=X,1,0.19,0.15,,,8,bearish,medium,1,2026-06-01,-0.1164,,0,0.3064,2026-06-08
2026-06-01,us-macro-pulse-q1gdp-ism-jobs,2026-06-01/news_04.md,EURUSD=X,3,0.69,0.93,,,8,bearish,medium,1,2026-06-01,-0.3484,,0,1.0384,2026-06-08
2026-06-01,us-macro-pulse-q1gdp-ism-jobs,2026-06-01/news_04.md,EURUSD=X,5,0.75,0.87,,,8,bearish,medium,1,2026-06-01,-1.1292,,0,1.8792,2026-06-08
2026-06-01,us-macro-pulse-q1gdp-ism-jobs,2026-06-01/news_04.md,EURUSD=X,10,1.28,1.06,,,8,bearish,medium,1,2026-06-01,-0.2905,,0,1.5705,2026-06-15
2026-06-01,us-macro-pulse-q1gdp-ism-jobs,2026-06-01/news_04.md,GC=F,1,0.19,0.26,,,8,bearish,medium,1,2026-06-01,-0.0022,,0,0.1922,2026-06-08
2026-06-01,us-macro-pulse-q1gdp-ism-jobs,2026-06-01/news_04.md,GC=F,3,0.14,0.43,,,8,bearish,medium,1,2026-06-01,-1.2891,,0,1.4291,2026-06-08
2026-06-01,us-macro-pulse-q1gdp-ism-jobs,2026-06-01/news_04.md,GC=F,5,-0.25,0.85,,,8,bearish,medium,1,2026-06-01,-5.3078,,1,5.0578,2026-06-08
2026-06-01,us-macro-pulse-q1gdp-ism-jobs,2026-06-01/news_04.md,GC=F,10,0.26,1.8,,,8,bearish,medium,1,2026-06-01,-4.8071,,0,5.0671,2026-06-15
2026-06-01,us-macro-pulse-q1gdp-ism-jobs,2026-06-01/news_04.md,IEF,1,-0.01,0.09,,,8,bearish,medium,0,2026-06-01,0.0743,,,0.0843,2026-06-08
2026-06-01,us-macro-pulse-q1gdp-ism-jobs,2026-06-01/news_04.md,IEF,3,0.02,-0.04,,,8,bearish,medium,0,2026-06-01,-0.0531,,,0.0731,2026-06-08
2026-06-01,us-macro-pulse-q1gdp-ism-jobs,2026-06-01/news_04.md,IEF,5,-0.14,-0.19,,,8,bearish,medium,1,2026-06-01,-0.6902,,1,0.5502,2026-06-15
2026-06-01,us-macro-pulse-q1gdp-ism-jobs,2026-06-01/news_04.md,IEF,10,-0.83,-0.31,,,8,bearish,medium,1,2026-06-01,0.1168,,0,0.9468,2026-06-22
2026-06-01,us-macro-pulse-q1gdp-ism-jobs,2026-06-01/news_04.md,^GSPC,1,-0.73,-0.62,-1.37,-0.09,8,bearish,medium,1,2026-06-01,0.1292,0,0,0.8592,2026-06-08
2026-06-01,us-macro-pulse-q1gdp-ism-jobs,2026-06-01/news_04.md,^GSPC,3,-1.87,-1.33,-2.65,0.49,8,bearish,medium,1,2026-06-01,-0.2059,1,1,1.6641,2026-06-08
2026-06-01,us-macro-pulse-q1gdp-ism-jobs,2026-06-01/news_04.md,^GSPC,5,-1.2,-1.2,-2.45,-0.21,8,bearish,medium,1,2026-06-01,-2.5557,0,1,1.3557,2026-06-15
2026-06-01,us-macro-pulse-q1gdp-ism-jobs,2026-06-01/news_04.md,^GSPC,10,-0.61,-0.51,-3.5,1.87,8,bearish,medium,1,2026-06-01,-0.6009,1,1,0.0091,2026-06-22
2026-06-01,us-macro-pulse-q1gdp-ism-jobs,2026-06-01/news_04.md,^TNX,1,0.03,-0.66,-2.27,0.9,8,bearish,medium,0,2026-06-01,-0.4469,1,,0.4769,2026-06-08
2026-06-01,us-macro-pulse-q1gdp-ism-jobs,2026-06-01/news_04.md,^TNX,3,-0.46,-0.97,-3.62,2.53,8,bearish,medium,1,2026-06-01,0.0447,1,0,0.5047,2026-06-08
2026-06-01,us-macro-pulse-q1gdp-ism-jobs,2026-06-01/news_04.md,^TNX,5,0.66,-0.35,-2.43,2.38,8,bearish,medium,1,2026-06-01,1.7207,1,1,1.0607,2026-06-15
2026-06-01,us-macro-pulse-q1gdp-ism-jobs,2026-06-01/news_04.md,^TNX,10,3.17,0.76,-1.5,7.11,8,bearish,medium,1,2026-06-01,-0.1341,1,0,3.3041,2026-06-22
2026-06-01,warsh-fomc-ecb-divergence,2026-06-01/news_03.md,EURUSD=X,1,0.12,-0.05,,,7,hawkish,medium,1,2026-06-01,-0.1164,,0,0.2364,2026-06-08
2026-06-01,warsh-fomc-ecb-divergence,2026-06-01/news_03.md,EURUSD=X,3,-0.39,-0.33,,,7,hawkish,medium,1,2026-06-01,-0.3484,,1,0.0416,2026-06-08
2026-06-01,warsh-fomc-ecb-divergence,2026-06-01/news_03.md,EURUSD=X,5,0.0,-0.04,,,7,hawkish,medium,0,2026-06-01,-1.1292,,,1.1292,2026-06-08
2026-06-01,warsh-fomc-ecb-divergence,2026-06-01/news_03.md,EURUSD=X,10,0.1,0.1,,,7,hawkish,medium,1,2026-06-01,-0.2905,,0,0.3905,2026-06-15
2026-06-01,warsh-fomc-ecb-divergence,2026-06-01/news_03.md,IEF,1,0.06,0.06,,,7,hawkish,medium,0,2026-06-01,0.0743,,,0.0143,2026-06-08
2026-06-01,warsh-fomc-ecb-divergence,2026-06-01/news_03.md,IEF,3,0.25,0.08,,,7,hawkish,medium,1,2026-06-01,-0.0531,,0,0.3031,2026-06-08
2026-06-01,warsh-fomc-ecb-divergence,2026-06-01/news_03.md,IEF,5,0.38,0.16,,,7,hawkish,medium,1,2026-06-01,-0.6902,,0,1.0702,2026-06-15
2026-06-01,warsh-fomc-ecb-divergence,2026-06-01/news_03.md,IEF,10,0.49,0.03,,,7,hawkish,medium,1,2026-06-01,0.1168,,1,0.3732,2026-06-22
2026-06-01,warsh-fomc-ecb-divergence,2026-06-01/news_03.md,JPY=X,1,-0.17,0.07,,,7,hawkish,medium,1,2026-06-01,0.1825,,0,0.3525,2026-06-08
2026-06-01,warsh-fomc-ecb-divergence,2026-06-01/news_03.md,JPY=X,3,0.58,0.21,,,7,hawkish,medium,1,2026-06-01,0.2747,,1,0.3053,2026-06-08
2026-06-01,warsh-fomc-ecb-divergence,2026-06-01/news_03.md,JPY=X,5,-0.34,-0.43,,,7,hawkish,medium,1,2026-06-01,0.5043,,0,0.8443,2026-06-08
2026-06-01,warsh-fomc-ecb-divergence,2026-06-01/news_03.md,JPY=X,10,-0.32,-0.13,,,7,hawkish,medium,1,2026-06-01,0.4647,,0,0.7847,2026-06-15
2026-06-01,warsh-fomc-ecb-divergence,2026-06-01/news_03.md,^GSPC,1,-0.22,-0.86,,,7,hawkish,medium,1,2026-06-01,0.1292,,0,0.3492,2026-06-08
2026-06-01,warsh-fomc-ecb-divergence,2026-06-01/news_03.md,^GSPC,3,-0.18,-1.33,,,7,hawkish,medium,1,2026-06-01,-0.2059,,1,0.0259,2026-06-08
2026-06-01,warsh-fomc-ecb-divergence,2026-06-01/news_03.md,^GSPC,5,-0.44,-0.41,,,7,hawkish,medium,1,2026-06-01,-2.5557,,1,2.1157,2026-06-15
2026-06-01,warsh-fomc-ecb-divergence,2026-06-01/news_03.md,^GSPC,10,1.0,0.09,,,7,hawkish,medium,1,2026-06-01,-0.6009,,0,1.6009,2026-06-22
2026-06-01,warsh-fomc-ecb-divergence,2026-06-01/news_03.md,^TNX,1,-0.5,-0.49,-1.28,0.25,7,hawkish,medium,1,2026-06-01,-0.4469,1,1,0.0531,2026-06-08
2026-06-01,warsh-fomc-ecb-divergence,2026-06-01/news_03.md,^TNX,3,-1.41,-0.6,-1.96,0.59,7,hawkish,medium,1,2026-06-01,0.0447,1,0,1.4547,2026-06-08
2026-06-01,warsh-fomc-ecb-divergence,2026-06-01/news_03.md,^TNX,5,-1.65,-0.89,-2.92,0.32,7,hawkish,medium,1,2026-06-01,1.7207,0,0,3.3707,2026-06-15
2026-06-01,warsh-fomc-ecb-divergence,2026-06-01/news_03.md,^TNX,10,-1.11,-0.02,-3.43,1.69,7,hawkish,medium,1,2026-06-01,-0.1341,1,1,0.9759,2026-06-22
2026-06-03,ecb-hawkish-pivot-stagflation,2026-06-03/news_03.md,BTP_BUND_SPREAD,1,2.44,2.96,1.49,4.37,5,hawkish,medium,1,2026-06-03,-0.6873,0,0,3.1273,2026-06-08
2026-06-03,ecb-hawkish-pivot-stagflation,2026-06-03/news_03.md,BTP_BUND_SPREAD,3,1.64,5.5,1.21,2.96,5,hawkish,medium,1,2026-06-03,2.1015,1,1,0.4615,2026-06-15
2026-06-03,ecb-hawkish-pivot-stagflation,2026-06-03/news_03.md,BTP_BUND_SPREAD,5,3.47,7.41,1.55,3.5,5,hawkish,medium,1,2026-06-03,3.6479,0,1,0.1779,2026-06-15
2026-06-03,ecb-hawkish-pivot-stagflation,2026-06-03/news_03.md,BTP_BUND_SPREAD,10,11.39,5.09,-2.09,11.73,5,hawkish,medium,1,2026-06-03,-6.6878,0,0,18.0778,2026-07-13
2026-06-03,ecb-hawkish-pivot-stagflation,2026-06-03/news_03.md,EURUSD=X,1,0.16,-0.07,-0.23,0.23,5,hawkish,medium,1,2026-06-03,-0.0813,1,0,0.2413,2026-06-08
2026-06-03,ecb-hawkish-pivot-stagflation,2026-06-03/news_03.md,EURUSD=X,3,0.41,0.01,-0.39,0.72,5,hawkish,medium,1,2026-06-03,-0.8642,0,0,1.2742,2026-06-08
2026-06-03,ecb-hawkish-pivot-stagflation,2026-06-03/news_03.md,EURUSD=X,5,-0.12,-0.11,-0.68,0.26,5,hawkish,medium,1,2026-06-03,-0.5548,1,1,0.4348,2026-06-15
2026-06-03,ecb-hawkish-pivot-stagflation,2026-06-03/news_03.md,EURUSD=X,10,-0.43,-0.64,-1.65,-0.25,5,hawkish,medium,1,2026-06-03,-0.0581,0,1,0.3719,2026-06-22
2026-06-03,ecb-hawkish-pivot-stagflation,2026-06-03/news_03.md,FTSEMIB.MI,1,0.08,-0.15,0.07,0.65,5,hawkish,medium,0,2026-06-03,0.2725,1,,0.1925,2026-06-08
2026-06-03,ecb-hawkish-pivot-stagflation,2026-06-03/news_03.md,FTSEMIB.MI,3,-0.4,-0.98,-1.01,-0.17,5,hawkish,medium,1,2026-06-03,0.3397,0,0,0.7397,2026-06-15
2026-06-03,ecb-hawkish-pivot-stagflation,2026-06-03/news_03.md,FTSEMIB.MI,5,-0.57,-0.26,-1.84,3.17,5,hawkish,medium,1,2026-06-03,-0.0176,1,1,0.5524,2026-06-15
2026-06-03,ecb-hawkish-pivot-stagflation,2026-06-03/news_03.md,FTSEMIB.MI,10,-1.24,0.35,-1.95,0.56,5,hawkish,medium,1,2026-06-03,5.1101,0,0,6.3501,2026-06-22
2026-06-03,ecb-hawkish-pivot-stagflation,2026-06-03/news_03.md,IEAG.AS,1,-0.19,0.15,-0.24,0.3,5,hawkish,medium,1,2026-06-03,0.0558,1,0,0.2458,2026-06-08
2026-06-03,ecb-hawkish-pivot-stagflation,2026-06-03/news_03.md,IEAG.AS,3,0.01,0.15,-0.33,0.17,5,hawkish,medium,0,2026-06-03,-0.1674,1,,0.1774,2026-06-15
2026-06-03,ecb-hawkish-pivot-stagflation,2026-06-03/news_03.md,IEAG.AS,5,-0.07,0.28,-0.4,-0.03,5,hawkish,medium,0,2026-06-03,-0.2511,1,,0.1811,2026-06-15
2026-06-03,ecb-hawkish-pivot-stagflation,2026-06-03/news_03.md,IEAG.AS,10,0.01,-0.13,-2.0,0.21,5,hawkish,medium,0,2026-06-03,0.6789,0,,0.6689,2026-06-22
2026-06-03,ecb-hawkish-pivot-stagflation,2026-06-03/news_03.md,^GDAXI,1,0.53,0.33,0.05,0.56,5,hawkish,medium,1,2026-06-03,0.6009,0,1,0.0709,2026-06-08
2026-06-03,ecb-hawkish-pivot-stagflation,2026-06-03/news_03.md,^GDAXI,3,-1.06,-0.97,-1.13,-0.89,5,hawkish,medium,1,2026-06-03,-0.7248,0,1,0.3352,2026-06-15
2026-06-03,ecb-hawkish-pivot-stagflation,2026-06-03/news_03.md,^GDAXI,5,-0.45,-0.94,-1.48,0.27,5,hawkish,medium,1,2026-06-03,-2.4223,0,1,1.9723,2026-06-15
2026-06-03,ecb-hawkish-pivot-stagflation,2026-06-03/news_03.md,^GDAXI,10,-2.43,-0.72,-2.89,1.63,5,hawkish,medium,1,2026-06-03,0.5595,1,0,2.9895,2026-06-22
2026-06-03,ecb-hawkish-pivot-stagflation,2026-06-03/news_03.md,^STOXX50E,1,0.36,0.16,-0.0,0.71,5,hawkish,medium,1,2026-06-03,0.8220,0,1,0.4620,2026-06-08
2026-06-03,ecb-hawkish-pivot-stagflation,2026-06-03/news_03.md,^STOXX50E,3,-0.87,-1.14,-1.06,-0.59,5,hawkish,medium,1,2026-06-03,0.1441,0,0,1.0141,2026-06-15
2026-06-03,ecb-hawkish-pivot-stagflation,2026-06-03/news_03.md,^STOXX50E,5,-1.55,-1.64,-1.57,0.84,5,hawkish,medium,1,2026-06-03,-0.7206,1,1,0.8294,2026-06-15
2026-06-03,ecb-hawkish-pivot-stagflation,2026-06-03/news_03.md,^STOXX50E,10,-2.43,-2.0,-2.76,-0.92,5,hawkish,medium,1,2026-06-03,4.0720,0,0,6.5020,2026-06-22
2026-06-03,gulf-escalation-bahrain,2026-06-03/news_01.md,BZ=F,1,0.8,0.42,0.0,1.22,4,risk_off,medium,1,2026-06-03,-0.4100,0,0,1.2100,2026-06-08
2026-06-03,gulf-escalation-bahrain,2026-06-03/news_01.md,BZ=F,3,2.34,0.87,-0.14,3.35,4,risk_off,medium,1,2026-06-03,0.0717,1,1,2.2683,2026-06-08
2026-06-03,gulf-escalation-bahrain,2026-06-03/news_01.md,BZ=F,5,-0.61,-0.35,-4.1,3.14,4,risk_off,medium,1,2026-06-03,-6.3647,0,1,5.7547,2026-06-15
2026-06-03,gulf-escalation-bahrain,2026-06-03/news_01.md,BZ=F,10,-2.82,-1.5,-6.33,2.01,4,risk_off,medium,1,2026-06-03,-19.4835,0,1,16.6635,2026-06-22
2026-06-03,gulf-escalation-bahrain,2026-06-03/news_01.md,GC=F,1,-0.17,-0.07,-0.57,0.32,4,risk_off,medium,1,2026-06-03,0.0223,1,0,0.1923,2026-06-08
2026-06-03,gulf-escalation-bahrain,2026-06-03/news_01.md,GC=F,3,-0.32,-0.32,-1.17,0.54,4,risk_off,medium,1,2026-06-03,-4.0498,0,1,3.7298,2026-06-08
2026-06-03,gulf-escalation-bahrain,2026-06-03/news_01.md,GC=F,5,-0.51,0.29,-1.63,1.4,4,risk_off,medium,1,2026-06-03,-5.9591,0,1,5.4491,2026-06-15
2026-06-03,gulf-escalation-bahrain,2026-06-03/news_01.md,GC=F,10,-0.6,-0.0,-2.36,1.76,4,risk_off,medium,1,2026-06-03,-3.1709,0,1,2.5709,2026-06-22
2026-06-03,gulf-escalation-bahrain,2026-06-03/news_01.md,^GSPC,1,0.58,0.48,0.22,0.84,4,risk_off,medium,1,2026-06-03,0.4055,1,1,0.1745,2026-06-08
2026-06-03,gulf-escalation-bahrain,2026-06-03/news_01.md,^GSPC,3,0.73,0.96,0.44,1.25,4,risk_off,medium,1,2026-06-03,-1.9587,0,0,2.6887,2026-06-15
2026-06-03,gulf-escalation-bahrain,2026-06-03/news_01.md,^GSPC,5,0.98,1.23,0.91,1.3,4,risk_off,medium,1,2026-06-03,-3.7954,0,0,4.7754,2026-06-15
2026-06-03,gulf-escalation-bahrain,2026-06-03/news_01.md,^GSPC,10,2.04,1.89,0.78,3.15,4,risk_off,medium,1,2026-06-03,-1.7684,0,0,3.8084,2026-06-22
2026-06-03,gulf-escalation-bahrain,2026-06-03/news_01.md,^STOXX50E,1,0.3,0.34,-0.39,1.02,4,risk_off,medium,1,2026-06-03,0.8220,1,1,0.5220,2026-06-08
2026-06-03,gulf-escalation-bahrain,2026-06-03/news_01.md,^STOXX50E,3,0.91,1.23,-0.13,2.27,4,risk_off,medium,1,2026-06-03,0.1441,1,1,0.7659,2026-06-15
2026-06-03,gulf-escalation-bahrain,2026-06-03/news_01.md,^STOXX50E,5,0.95,0.78,0.05,1.68,4,risk_off,medium,1,2026-06-03,-0.7206,0,0,1.6706,2026-06-15
2026-06-03,gulf-escalation-bahrain,2026-06-03/news_01.md,^STOXX50E,10,1.11,1.11,0.86,1.36,4,risk_off,medium,1,2026-06-03,4.0720,0,1,2.9620,2026-06-22
2026-06-03,us-hawkish-jolts-ism,2026-06-03/news_02.md,EURUSD=X,1,-0.59,-0.67,-1.08,-0.5,5,hawkish,medium,1,2026-06-03,-0.0813,0,1,0.5087,2026-06-08
2026-06-03,us-hawkish-jolts-ism,2026-06-03/news_02.md,EURUSD=X,3,-1.03,-1.05,-1.68,-0.6,5,hawkish,medium,1,2026-06-03,-0.8642,1,1,0.1658,2026-06-08
2026-06-03,us-hawkish-jolts-ism,2026-06-03/news_02.md,EURUSD=X,5,-0.68,-1.06,-1.99,-0.45,5,hawkish,medium,1,2026-06-03,-0.5548,1,1,0.1252,2026-06-15
2026-06-03,us-hawkish-jolts-ism,2026-06-03/news_02.md,EURUSD=X,10,-0.93,-0.56,-1.11,-0.05,5,hawkish,medium,1,2026-06-03,-0.0581,1,1,0.8719,2026-06-22
2026-06-03,us-hawkish-jolts-ism,2026-06-03/news_02.md,IEF,1,-0.14,-0.2,-0.3,0.37,5,hawkish,medium,1,2026-06-03,0.1277,1,0,0.2677,2026-06-08
2026-06-03,us-hawkish-jolts-ism,2026-06-03/news_02.md,IEF,3,-0.35,-0.32,-0.37,0.09,5,hawkish,medium,1,2026-06-03,-0.5106,0,1,0.1606,2026-06-15
2026-06-03,us-hawkish-jolts-ism,2026-06-03/news_02.md,IEF,5,-0.13,-0.37,-0.53,0.0,5,hawkish,medium,1,2026-06-03,-0.3298,1,1,0.1998,2026-06-15
2026-06-03,us-hawkish-jolts-ism,2026-06-03/news_02.md,IEF,10,-0.21,-0.43,-0.51,-0.15,5,hawkish,medium,1,2026-06-03,0.0213,0,0,0.2313,2026-06-22
2026-06-03,us-hawkish-jolts-ism,2026-06-03/news_02.md,^GSPC,1,0.28,-1.2,-3.88,0.74,5,hawkish,medium,1,2026-06-03,0.4055,1,1,0.1255,2026-06-08
2026-06-03,us-hawkish-jolts-ism,2026-06-03/news_02.md,^GSPC,3,-1.91,-1.6,-2.84,-1.38,5,hawkish,medium,1,2026-06-03,-1.9587,1,1,0.0487,2026-06-15
2026-06-03,us-hawkish-jolts-ism,2026-06-03/news_02.md,^GSPC,5,-3.51,-3.31,-5.16,-2.68,5,hawkish,medium,1,2026-06-03,-3.7954,1,1,0.2854,2026-06-15
2026-06-03,us-hawkish-jolts-ism,2026-06-03/news_02.md,^GSPC,10,-1.08,-0.99,-1.72,-0.02,5,hawkish,medium,1,2026-06-03,-1.7684,0,1,0.6884,2026-06-22
2026-06-03,us-hawkish-jolts-ism,2026-06-03/news_02.md,^TNX,1,0.35,1.01,-1.14,1.28,5,hawkish,medium,1,2026-06-03,-0.3117,1,0,0.6617,2026-06-08
2026-06-03,us-hawkish-jolts-ism,2026-06-03/news_02.md,^TNX,3,1.49,2.0,-0.35,1.78,5,hawkish,medium,1,2026-06-03,1.3583,1,1,0.1317,2026-06-15
2026-06-03,us-hawkish-jolts-ism,2026-06-03/news_02.md,^TNX,5,0.55,1.36,0.21,2.63,5,hawkish,medium,1,2026-06-03,1.1356,1,1,0.5856,2026-06-15
2026-06-03,us-hawkish-jolts-ism,2026-06-03/news_02.md,^TNX,10,1.2,1.85,0.81,2.02,5,hawkish,medium,1,2026-06-03,-0.6235,0,0,1.8235,2026-06-22
2026-06-04,ecb-oil-shock-hawkish,2026-06-04/news_03.md,BZ=F,1,-0.75,0.18,,,6,hawkish,medium,1,2026-06-04,-4.1988,,1,3.4488,2026-06-08
2026-06-04,ecb-oil-shock-hawkish,2026-06-04/news_03.md,BZ=F,3,0.08,0.43,,,6,hawkish,medium,0,2026-06-04,-4.2194,,,4.2994,2026-06-15
2026-06-04,ecb-oil-shock-hawkish,2026-06-04/news_03.md,BZ=F,5,1.11,0.53,,,6,hawkish,medium,1,2026-06-04,-3.9621,,0,5.0721,2026-06-15
2026-06-04,ecb-oil-shock-hawkish,2026-06-04/news_03.md,BZ=F,10,-0.96,-2.29,,,6,hawkish,medium,1,2026-06-04,-19.9136,,1,18.9536,2026-06-22
2026-06-04,ecb-oil-shock-hawkish,2026-06-04/news_03.md,EURUSD=X,1,-0.38,-0.23,,,6,hawkish,medium,1,2026-06-04,-0.7378,,1,0.3578,2026-06-08
2026-06-04,ecb-oil-shock-hawkish,2026-06-04/news_03.md,EURUSD=X,3,-0.81,-0.73,,,6,hawkish,medium,1,2026-06-04,-0.5658,,1,0.2442,2026-06-15
2026-06-04,ecb-oil-shock-hawkish,2026-06-04/news_03.md,EURUSD=X,5,-1.28,-1.11,,,6,hawkish,medium,1,2026-06-04,-0.5314,,1,0.7486,2026-06-15
2026-06-04,ecb-oil-shock-hawkish,2026-06-04/news_03.md,EURUSD=X,10,-1.07,-1.05,,,6,hawkish,medium,1,2026-06-04,-0.8520,,1,0.2180,2026-06-22
2026-06-04,ecb-oil-shock-hawkish,2026-06-04/news_03.md,FTSEMIB.MI,1,-0.41,-0.97,,,6,hawkish,medium,1,2026-06-04,-0.5607,,1,0.1507,2026-06-08
2026-06-04,ecb-oil-shock-hawkish,2026-06-04/news_03.md,FTSEMIB.MI,3,-0.05,-1.15,,,6,hawkish,medium,0,2026-06-04,0.1762,,,0.2262,2026-06-15
2026-06-04,ecb-oil-shock-hawkish,2026-06-04/news_03.md,FTSEMIB.MI,5,1.0,0.07,,,6,hawkish,medium,1,2026-06-04,0.6590,,1,0.3410,2026-06-15
2026-06-04,ecb-oil-shock-hawkish,2026-06-04/news_03.md,FTSEMIB.MI,10,1.67,1.25,,,6,hawkish,medium,1,2026-06-04,5.0102,,1,3.3402,2026-06-22
2026-06-04,ecb-oil-shock-hawkish,2026-06-04/news_03.md,IEAG.AS,1,-0.66,-0.33,,,6,hawkish,medium,1,2026-06-04,-0.0929,,1,0.5671,2026-06-08
2026-06-04,ecb-oil-shock-hawkish,2026-06-04/news_03.md,IEAG.AS,3,-1.18,-0.92,,,6,hawkish,medium,1,2026-06-04,-0.2045,,1,0.9755,2026-06-15
2026-06-04,ecb-oil-shock-hawkish,2026-06-04/news_03.md,IEAG.AS,5,-1.51,-0.75,,,6,hawkish,medium,1,2026-06-04,-0.0372,,1,1.4728,2026-06-15
2026-06-04,ecb-oil-shock-hawkish,2026-06-04/news_03.md,IEAG.AS,10,-0.78,-0.43,,,6,hawkish,medium,1,2026-06-04,0.6227,,0,1.4027,2026-06-22
2026-06-04,ecb-oil-shock-hawkish,2026-06-04/news_03.md,^GDAXI,1,-0.08,-0.55,,,6,hawkish,medium,0,2026-06-04,-0.7452,,,0.6652,2026-06-08
2026-06-04,ecb-oil-shock-hawkish,2026-06-04/news_03.md,^GDAXI,3,-0.98,-1.05,,,6,hawkish,medium,1,2026-06-04,-2.0521,,1,1.0721,2026-06-15
2026-06-04,ecb-oil-shock-hawkish,2026-06-04/news_03.md,^GDAXI,5,0.18,-1.2,,,6,hawkish,medium,1,2026-06-04,-2.9474,,0,3.1274,2026-06-15
2026-06-04,ecb-oil-shock-hawkish,2026-06-04/news_03.md,^GDAXI,10,-0.25,-0.37,,,6,hawkish,medium,1,2026-06-04,0.3281,,0,0.5781,2026-06-22
2026-06-04,ecb-oil-shock-hawkish,2026-06-04/news_03.md,^STOXX50E,1,0.12,-0.4,,,6,hawkish,medium,1,2026-06-04,-0.6760,,0,0.7960,2026-06-08
2026-06-04,ecb-oil-shock-hawkish,2026-06-04/news_03.md,^STOXX50E,3,-0.44,-0.82,,,6,hawkish,medium,1,2026-06-04,-0.8780,,1,0.4380,2026-06-15
2026-06-04,ecb-oil-shock-hawkish,2026-06-04/news_03.md,^STOXX50E,5,0.53,-0.72,,,6,hawkish,medium,1,2026-06-04,-0.7598,,0,1.2898,2026-06-15
2026-06-04,ecb-oil-shock-hawkish,2026-06-04/news_03.md,^STOXX50E,10,0.33,0.13,,,6,hawkish,medium,1,2026-06-04,3.6036,,1,3.2736,2026-06-22
2026-06-04,iran-hormuz-escalation,2026-06-04/news_01.md,BZ=F,1,0.23,-0.75,-0.07,0.46,6,risk-off,medium,1,2026-06-04,-4.1988,0,0,4.4288,2026-06-08
2026-06-04,iran-hormuz-escalation,2026-06-04/news_01.md,BZ=F,3,-1.14,-1.02,-4.28,1.27,6,risk-off,medium,1,2026-06-04,-4.2194,1,1,3.0794,2026-06-15
2026-06-04,iran-hormuz-escalation,2026-06-04/news_01.md,BZ=F,5,-0.59,-0.43,-4.82,4.26,6,risk-off,medium,1,2026-06-04,-3.9621,1,1,3.3721,2026-06-15
2026-06-04,iran-hormuz-escalation,2026-06-04/news_01.md,BZ=F,10,-0.47,-0.76,-4.57,4.17,6,risk-off,medium,1,2026-06-04,-19.9136,0,1,19.4436,2026-06-22
2026-06-04,iran-hormuz-escalation,2026-06-04/news_01.md,CHF=X,1,0.08,0.11,,,6,risk-off,medium,0,2026-06-04,0.7198,,,0.6398,2026-06-08
2026-06-04,iran-hormuz-escalation,2026-06-04/news_01.md,CHF=X,3,0.58,0.46,,,6,risk-off,medium,1,2026-06-04,0.7565,,1,0.1765,2026-06-15
2026-06-04,iran-hormuz-escalation,2026-06-04/news_01.md,CHF=X,5,0.33,0.54,,,6,risk-off,medium,1,2026-06-04,0.9930,,1,0.6630,2026-06-15
2026-06-04,iran-hormuz-escalation,2026-06-04/news_01.md,CHF=X,10,0.2,0.31,,,6,risk-off,medium,1,2026-06-04,0.6654,,1,0.4654,2026-06-22
2026-06-04,iran-hormuz-escalation,2026-06-04/news_01.md,GC=F,1,0.1,0.1,,,6,risk-off,medium,1,2026-06-04,-2.8854,,0,2.9854,2026-06-08
2026-06-04,iran-hormuz-escalation,2026-06-04/news_01.md,GC=F,3,0.11,-0.12,,,6,risk-off,medium,1,2026-06-04,-2.7497,,0,2.8597,2026-06-15
2026-06-04,iran-hormuz-escalation,2026-06-04/news_01.md,GC=F,5,-0.39,0.2,,,6,risk-off,medium,1,2026-06-04,-8.3381,,1,7.9481,2026-06-15
2026-06-04,iran-hormuz-escalation,2026-06-04/news_01.md,GC=F,10,-0.54,0.19,,,6,risk-off,medium,1,2026-06-04,-3.8309,,1,3.2909,2026-06-22
2026-06-04,iran-hormuz-escalation,2026-06-04/news_01.md,JPY=X,1,0.04,0.06,,,6,risk-off,medium,0,2026-06-04,0.2571,,,0.2171,2026-06-08
2026-06-04,iran-hormuz-escalation,2026-06-04/news_01.md,JPY=X,3,0.65,0.76,,,6,risk-off,medium,1,2026-06-04,0.1651,,1,0.4849,2026-06-15
2026-06-04,iran-hormuz-escalation,2026-06-04/news_01.md,JPY=X,5,0.89,1.09,,,6,risk-off,medium,1,2026-06-04,0.4084,,1,0.4816,2026-06-15
2026-06-04,iran-hormuz-escalation,2026-06-04/news_01.md,JPY=X,10,1.67,1.7,,,6,risk-off,medium,1,2026-06-04,0.2539,,1,1.4161,2026-06-22
2026-06-04,iran-hormuz-escalation,2026-06-04/news_01.md,^GSPC,1,-0.07,-0.02,,,6,risk-off,medium,0,2026-06-04,-2.6445,,,2.5745,2026-06-08
2026-06-04,iran-hormuz-escalation,2026-06-04/news_01.md,^GSPC,3,0.43,0.24,,,6,risk-off,medium,1,2026-06-04,-2.6062,,0,3.0362,2026-06-15
2026-06-04,iran-hormuz-escalation,2026-06-04/news_01.md,^GSPC,5,0.84,0.67,,,6,risk-off,medium,1,2026-06-04,-2.5053,,0,3.3453,2026-06-15
2026-06-04,iran-hormuz-escalation,2026-06-04/news_01.md,^GSPC,10,1.51,1.55,,,6,risk-off,medium,1,2026-06-04,-1.1040,,0,2.6140,2026-06-22
2026-06-04,iran-hormuz-escalation,2026-06-04/news_01.md,^TNX,1,0.9,0.76,,,6,risk-off,medium,1,2026-06-04,1.3178,,1,0.4178,2026-06-08
2026-06-04,iran-hormuz-escalation,2026-06-04/news_01.md,^TNX,3,2.61,1.89,,,6,risk-off,medium,1,2026-06-04,1.1391,,1,1.4709,2026-06-15
2026-06-04,iran-hormuz-escalation,2026-06-04/news_01.md,^TNX,5,0.98,0.3,,,6,risk-off,medium,1,2026-06-04,-0.3127,,0,1.2927,2026-06-15
2026-06-04,iran-hormuz-escalation,2026-06-04/news_01.md,^TNX,10,1.19,0.12,,,6,risk-off,medium,1,2026-06-04,-0.5808,,0,1.7708,2026-06-22
2026-06-04,ukraine-russia-energy-strikes,2026-06-04/news_04.md,BZ=F,1,1.06,0.87,-0.25,1.65,6,bullish,low,1,2026-06-04,-4.1988,0,0,5.2588,2026-06-08
2026-06-04,ukraine-russia-energy-strikes,2026-06-04/news_04.md,BZ=F,3,2.75,1.54,2.44,3.29,6,bullish,low,1,2026-06-04,-4.2194,0,0,6.9694,2026-06-15
2026-06-04,ukraine-russia-energy-strikes,2026-06-04/news_04.md,BZ=F,5,2.6,1.48,0.99,3.76,6,bullish,low,1,2026-06-04,-3.9621,0,0,6.5621,2026-06-15
2026-06-04,ukraine-russia-energy-strikes,2026-06-04/news_04.md,BZ=F,10,0.36,-0.44,-2.07,2.15,6,bullish,low,1,2026-06-04,-19.9136,0,0,20.2736,2026-06-22
2026-06-04,ukraine-russia-energy-strikes,2026-06-04/news_04.md,GC=F,1,0.84,0.66,,,6,bullish,low,1,2026-06-04,-2.8854,,0,3.7254,2026-06-08
2026-06-04,ukraine-russia-energy-strikes,2026-06-04/news_04.md,GC=F,3,-0.14,0.33,,,6,bullish,low,1,2026-06-04,-2.7497,,1,2.6097,2026-06-15
2026-06-04,ukraine-russia-energy-strikes,2026-06-04/news_04.md,GC=F,5,0.34,0.8,,,6,bullish,low,1,2026-06-04,-8.3381,,0,8.6781,2026-06-15
2026-06-04,ukraine-russia-energy-strikes,2026-06-04/news_04.md,GC=F,10,1.36,2.35,,,6,bullish,low,1,2026-06-04,-3.8309,,0,5.1909,2026-06-22
2026-06-04,ukraine-russia-energy-strikes,2026-06-04/news_04.md,^GSPC,1,0.05,0.08,,,6,bullish,low,0,2026-06-04,-2.6445,,,2.6945,2026-06-08
2026-06-04,ukraine-russia-energy-strikes,2026-06-04/news_04.md,^GSPC,3,-0.17,-0.17,,,6,bullish,low,1,2026-06-04,-2.6062,,1,2.4362,2026-06-15
2026-06-04,ukraine-russia-energy-strikes,2026-06-04/news_04.md,^GSPC,5,0.61,0.57,,,6,bullish,low,1,2026-06-04,-2.5053,,0,3.1153,2026-06-15
2026-06-04,ukraine-russia-energy-strikes,2026-06-04/news_04.md,^GSPC,10,1.08,0.64,,,6,bullish,low,1,2026-06-04,-1.1040,,0,2.1840,2026-06-22
2026-06-04,ukraine-russia-energy-strikes,2026-06-04/news_04.md,^STOXX50E,1,0.44,0.35,,,6,bullish,low,1,2026-06-04,-0.6760,,0,1.1160,2026-06-08
2026-06-04,ukraine-russia-energy-strikes,2026-06-04/news_04.md,^STOXX50E,3,0.51,0.6,,,6,bullish,low,1,2026-06-04,-0.8780,,0,1.3880,2026-06-15
2026-06-04,ukraine-russia-energy-strikes,2026-06-04/news_04.md,^STOXX50E,5,0.25,0.73,,,6,bullish,low,1,2026-06-04,-0.7598,,0,1.0098,2026-06-15
2026-06-04,ukraine-russia-energy-strikes,2026-06-04/news_04.md,^STOXX50E,10,1.62,1.03,,,6,bullish,low,1,2026-06-04,3.6036,,1,1.9836,2026-06-22
2026-06-04,us-labor-fed-repricing,2026-06-04/news_02.md,EURUSD=X,1,-0.28,-0.34,,,6,hawkish,medium,1,2026-06-04,-0.7378,,1,0.4578,2026-06-08
2026-06-04,us-labor-fed-repricing,2026-06-04/news_02.md,EURUSD=X,3,-0.36,-0.55,,,6,hawkish,medium,1,2026-06-04,-0.5658,,1,0.2058,2026-06-15
2026-06-04,us-labor-fed-repricing,2026-06-04/news_02.md,EURUSD=X,5,-0.6,-0.69,,,6,hawkish,medium,1,2026-06-04,-0.5314,,1,0.0686,2026-06-15
2026-06-04,us-labor-fed-repricing,2026-06-04/news_02.md,EURUSD=X,10,-0.61,-0.59,,,6,hawkish,medium,1,2026-06-04,-0.8520,,1,0.2420,2026-06-22
2026-06-04,us-labor-fed-repricing,2026-06-04/news_02.md,GC=F,1,0.22,0.11,,,6,hawkish,medium,1,2026-06-04,-2.8854,,0,3.1054,2026-06-08
2026-06-04,us-labor-fed-repricing,2026-06-04/news_02.md,GC=F,3,-0.16,-0.11,,,6,hawkish,medium,1,2026-06-04,-2.7497,,1,2.5897,2026-06-15
2026-06-04,us-labor-fed-repricing,2026-06-04/news_02.md,GC=F,5,0.36,0.39,,,6,hawkish,medium,1,2026-06-04,-8.3381,,0,8.6981,2026-06-15
2026-06-04,us-labor-fed-repricing,2026-06-04/news_02.md,GC=F,10,0.88,1.28,,,6,hawkish,medium,1,2026-06-04,-3.8309,,0,4.7109,2026-06-22
2026-06-04,us-labor-fed-repricing,2026-06-04/news_02.md,IEF,1,-0.0,0.01,,,6,hawkish,medium,0,2026-06-04,-0.5312,,,0.5312,2026-06-08
2026-06-04,us-labor-fed-repricing,2026-06-04/news_02.md,IEF,3,-0.43,-0.42,,,6,hawkish,medium,1,2026-06-04,-0.3612,,1,0.0688,2026-06-15
2026-06-04,us-labor-fed-repricing,2026-06-04/news_02.md,IEF,5,-0.22,-0.34,,,6,hawkish,medium,1,2026-06-04,0.2337,,0,0.4537,2026-06-15
2026-06-04,us-labor-fed-repricing,2026-06-04/news_02.md,IEF,10,-0.33,-0.75,,,6,hawkish,medium,1,2026-06-04,0.2550,,0,0.5850,2026-06-22
2026-06-04,us-labor-fed-repricing,2026-06-04/news_02.md,JPY=X,1,0.42,0.77,,,6,hawkish,medium,1,2026-06-04,0.2571,,1,0.1629,2026-06-08
2026-06-04,us-labor-fed-repricing,2026-06-04/news_02.md,JPY=X,3,0.41,0.52,,,6,hawkish,medium,1,2026-06-04,0.1651,,1,0.2449,2026-06-15
2026-06-04,us-labor-fed-repricing,2026-06-04/news_02.md,JPY=X,5,0.57,0.64,,,6,hawkish,medium,1,2026-06-04,0.4084,,1,0.1616,2026-06-15
2026-06-04,us-labor-fed-repricing,2026-06-04/news_02.md,JPY=X,10,1.64,1.11,,,6,hawkish,medium,1,2026-06-04,0.2539,,1,1.3861,2026-06-22
2026-06-04,us-labor-fed-repricing,2026-06-04/news_02.md,^GSPC,1,-0.29,-0.65,-0.55,-0.08,6,hawkish,medium,1,2026-06-04,-2.6445,0,1,2.3545,2026-06-08
2026-06-04,us-labor-fed-repricing,2026-06-04/news_02.md,^GSPC,3,-0.4,-0.13,-0.74,1.29,6,hawkish,medium,1,2026-06-04,-2.6062,0,1,2.2062,2026-06-15
2026-06-04,us-labor-fed-repricing,2026-06-04/news_02.md,^GSPC,5,-1.33,-1.24,-1.75,0.01,6,hawkish,medium,1,2026-06-04,-2.5053,0,1,1.1753,2026-06-15
2026-06-04,us-labor-fed-repricing,2026-06-04/news_02.md,^GSPC,10,-1.24,-0.69,-2.87,1.96,6,hawkish,medium,1,2026-06-04,-1.1040,1,1,0.1360,2026-06-22
2026-06-04,us-labor-fed-repricing,2026-06-04/news_02.md,^TNX,1,-0.34,0.03,,,6,hawkish,medium,1,2026-06-04,1.3178,,0,1.6578,2026-06-08
2026-06-04,us-labor-fed-repricing,2026-06-04/news_02.md,^TNX,3,1.23,1.57,,,6,hawkish,medium,1,2026-06-04,1.1391,,1,0.0909,2026-06-15
2026-06-04,us-labor-fed-repricing,2026-06-04/news_02.md,^TNX,5,1.38,1.4,,,6,hawkish,medium,1,2026-06-04,-0.3127,,0,1.6927,2026-06-15
2026-06-04,us-labor-fed-repricing,2026-06-04/news_02.md,^TNX,10,1.7,3.02,,,6,hawkish,medium,1,2026-06-04,-0.5808,,0,2.2808,2026-06-22
2026-06-05,ecb-hawkish-twice-hike-2026,2026-06-05/news_04.md,BTP_BUND_SPREAD,1,0.49,0.78,,,9,hawkish,medium,1,2026-06-05,-0.2582,,0,0.7482,2026-06-15
2026-06-05,ecb-hawkish-twice-hike-2026,2026-06-05/news_04.md,BTP_BUND_SPREAD,3,1.64,1.77,,,9,hawkish,medium,1,2026-06-05,1.2524,,1,0.3876,2026-06-15
2026-06-05,ecb-hawkish-twice-hike-2026,2026-06-05/news_04.md,BTP_BUND_SPREAD,5,1.55,0.26,,,9,hawkish,medium,1,2026-06-05,-5.1904,,0,6.7404,2026-06-15
2026-06-05,ecb-hawkish-twice-hike-2026,2026-06-05/news_04.md,BTP_BUND_SPREAD,10,-2.59,-2.3,,,9,hawkish,medium,1,2026-06-05,-7.8502,,1,5.2602,2026-07-13
2026-06-05,ecb-hawkish-twice-hike-2026,2026-06-05/news_04.md,EURUSD=X,1,-0.34,-0.23,,,9,hawkish,medium,1,2026-06-05,-0.0461,,1,0.2939,2026-06-08
2026-06-05,ecb-hawkish-twice-hike-2026,2026-06-05/news_04.md,EURUSD=X,3,-0.58,-0.54,,,9,hawkish,medium,1,2026-06-05,0.2658,,0,0.8458,2026-06-15
2026-06-05,ecb-hawkish-twice-hike-2026,2026-06-05/news_04.md,EURUSD=X,5,-0.62,-0.56,,,9,hawkish,medium,1,2026-06-05,0.3935,,0,1.0135,2026-06-15
2026-06-05,ecb-hawkish-twice-hike-2026,2026-06-05/news_04.md,EURUSD=X,10,-0.72,-0.71,,,9,hawkish,medium,1,2026-06-05,-0.5047,,1,0.2153,2026-06-22
2026-06-05,ecb-hawkish-twice-hike-2026,2026-06-05/news_04.md,FTSEMIB.MI,1,-0.16,-0.31,,,9,hawkish,medium,1,2026-06-05,0.6312,,0,0.7912,2026-06-15
2026-06-05,ecb-hawkish-twice-hike-2026,2026-06-05/news_04.md,FTSEMIB.MI,3,0.07,0.01,,,9,hawkish,medium,0,2026-06-05,0.2728,,,0.2028,2026-06-15
2026-06-05,ecb-hawkish-twice-hike-2026,2026-06-05/news_04.md,FTSEMIB.MI,5,1.49,0.33,,,9,hawkish,medium,1,2026-06-05,3.2152,,1,1.7252,2026-06-15
2026-06-05,ecb-hawkish-twice-hike-2026,2026-06-05/news_04.md,FTSEMIB.MI,10,2.12,1.79,,,9,hawkish,medium,1,2026-06-05,5.9244,,1,3.8044,2026-06-22
2026-06-05,ecb-hawkish-twice-hike-2026,2026-06-05/news_04.md,IEAG.AS,1,-0.38,-0.1,,,9,hawkish,medium,1,2026-06-05,-0.1302,,1,0.2498,2026-06-15
2026-06-05,ecb-hawkish-twice-hike-2026,2026-06-05/news_04.md,IEAG.AS,3,-0.74,-0.6,,,9,hawkish,medium,1,2026-06-05,-0.2140,,1,0.5260,2026-06-15
2026-06-05,ecb-hawkish-twice-hike-2026,2026-06-05/news_04.md,IEAG.AS,5,-0.4,-0.42,,,9,hawkish,medium,1,2026-06-05,0.2698,,0,0.6698,2026-06-15
2026-06-05,ecb-hawkish-twice-hike-2026,2026-06-05/news_04.md,IEAG.AS,10,-0.37,-0.56,,,9,hawkish,medium,1,2026-06-05,0.3721,,0,0.7421,2026-06-22
2026-06-05,ecb-hawkish-twice-hike-2026,2026-06-05/news_04.md,^GDAXI,1,0.05,-0.19,,,9,hawkish,medium,0,2026-06-05,-0.5769,,,0.6269,2026-06-15
2026-06-05,ecb-hawkish-twice-hike-2026,2026-06-05/news_04.md,^GDAXI,3,-0.73,-0.49,,,9,hawkish,medium,1,2026-06-05,-2.2769,,1,1.5469,2026-06-15
2026-06-05,ecb-hawkish-twice-hike-2026,2026-06-05/news_04.md,^GDAXI,5,0.09,-0.9,,,9,hawkish,medium,0,2026-06-05,-0.4998,,,0.5898,2026-06-15
2026-06-05,ecb-hawkish-twice-hike-2026,2026-06-05/news_04.md,^GDAXI,10,0.16,0.26,,,9,hawkish,medium,1,2026-06-05,0.9159,,1,0.7559,2026-06-22
2026-06-05,ecb-hawkish-twice-hike-2026,2026-06-05/news_04.md,^STOXX50E,1,0.24,-0.14,,,9,hawkish,medium,1,2026-06-05,0.0036,,1,0.2364,2026-06-15
2026-06-05,ecb-hawkish-twice-hike-2026,2026-06-05/news_04.md,^STOXX50E,3,-0.5,-0.4,,,9,hawkish,medium,1,2026-06-05,-0.8598,,1,0.3598,2026-06-15
2026-06-05,ecb-hawkish-twice-hike-2026,2026-06-05/news_04.md,^STOXX50E,5,0.21,-0.52,,,9,hawkish,medium,1,2026-06-05,2.0712,,1,1.8612,2026-06-15
2026-06-05,ecb-hawkish-twice-hike-2026,2026-06-05/news_04.md,^STOXX50E,10,1.32,0.75,,,9,hawkish,medium,1,2026-06-05,3.8116,,1,2.4916,2026-06-22
2026-06-05,france-anti-austerity-protests,2026-06-05/news_05.md,BTP_BUND_SPREAD,1,-0.32,-0.78,,,5,risk-off,low,1,2026-06-05,-0.2582,,1,0.0618,2026-06-15
2026-06-05,france-anti-austerity-protests,2026-06-05/news_05.md,BTP_BUND_SPREAD,3,-5.76,-3.18,,,5,risk-off,low,1,2026-06-05,1.2524,,0,7.0124,2026-06-15
2026-06-05,france-anti-austerity-protests,2026-06-05/news_05.md,BTP_BUND_SPREAD,5,-5.3,-2.53,,,5,risk-off,low,1,2026-06-05,-5.1904,,1,0.1096,2026-06-15
2026-06-05,france-anti-austerity-protests,2026-06-05/news_05.md,BTP_BUND_SPREAD,10,-1.32,-2.65,,,5,risk-off,low,1,2026-06-05,-7.8502,,1,6.5302,2026-07-13
2026-06-05,france-anti-austerity-protests,2026-06-05/news_05.md,EURUSD=X,1,-0.14,-0.12,,,5,risk-off,low,1,2026-06-05,-0.0461,,1,0.0939,2026-06-08
2026-06-05,france-anti-austerity-protests,2026-06-05/news_05.md,EURUSD=X,3,-0.16,-0.03,,,5,risk-off,low,1,2026-06-05,0.2658,,0,0.4258,2026-06-15
2026-06-05,france-anti-austerity-protests,2026-06-05/news_05.md,EURUSD=X,5,-0.25,-0.22,,,5,risk-off,low,1,2026-06-05,0.3935,,0,0.6435,2026-06-15
2026-06-05,france-anti-austerity-protests,2026-06-05/news_05.md,EURUSD=X,10,-0.15,-0.13,,,5,risk-off,low,1,2026-06-05,-0.5047,,1,0.3547,2026-06-22
2026-06-05,france-anti-austerity-protests,2026-06-05/news_05.md,FTSEMIB.MI,1,0.93,-0.13,,,5,risk-off,low,1,2026-06-05,0.6312,,1,0.2988,2026-06-15
2026-06-05,france-anti-austerity-protests,2026-06-05/news_05.md,FTSEMIB.MI,3,0.67,0.45,,,5,risk-off,low,1,2026-06-05,0.2728,,1,0.3972,2026-06-15
2026-06-05,france-anti-austerity-protests,2026-06-05/news_05.md,FTSEMIB.MI,5,1.84,0.52,,,5,risk-off,low,1,2026-06-05,3.2152,,1,1.3752,2026-06-15
2026-06-05,france-anti-austerity-protests,2026-06-05/news_05.md,FTSEMIB.MI,10,0.93,0.6,,,5,risk-off,low,1,2026-06-05,5.9244,,1,4.9944,2026-06-22
2026-06-05,france-anti-austerity-protests,2026-06-05/news_05.md,^GDAXI,1,0.63,0.13,,,5,risk-off,low,1,2026-06-05,-0.5769,,0,1.2069,2026-06-15
2026-06-05,france-anti-austerity-protests,2026-06-05/news_05.md,^GDAXI,3,0.12,0.37,,,5,risk-off,low,1,2026-06-05,-2.2769,,0,2.3969,2026-06-15
2026-06-05,france-anti-austerity-protests,2026-06-05/news_05.md,^GDAXI,5,1.28,0.65,,,5,risk-off,low,1,2026-06-05,-0.4998,,0,1.7798,2026-06-15
2026-06-05,france-anti-austerity-protests,2026-06-05/news_05.md,^GDAXI,10,0.05,0.12,,,5,risk-off,low,0,2026-06-05,0.9159,,,0.8659,2026-06-22
2026-06-05,france-anti-austerity-protests,2026-06-05/news_05.md,^STOXX50E,1,0.66,0.06,,,5,risk-off,low,1,2026-06-05,0.0036,,1,0.6564,2026-06-15
2026-06-05,france-anti-austerity-protests,2026-06-05/news_05.md,^STOXX50E,3,0.65,0.52,,,5,risk-off,low,1,2026-06-05,-0.8598,,0,1.5098,2026-06-15
2026-06-05,france-anti-austerity-protests,2026-06-05/news_05.md,^STOXX50E,5,1.55,0.62,,,5,risk-off,low,1,2026-06-05,2.0712,,1,0.5212,2026-06-15
2026-06-05,france-anti-austerity-protests,2026-06-05/news_05.md,^STOXX50E,10,0.78,0.35,,,5,risk-off,low,1,2026-06-05,3.8116,,1,3.0316,2026-06-22
2026-06-05,gold-record-4500-safe-haven,2026-06-05/news_03.md,CHF=X,1,0.22,0.07,,,7,risk-off,medium,1,2026-06-05,0.1708,,1,0.0492,2026-06-08
2026-06-05,gold-record-4500-safe-haven,2026-06-05/news_03.md,CHF=X,3,0.82,0.61,,,7,risk-off,medium,1,2026-06-05,0.2236,,1,0.5964,2026-06-15
2026-06-05,gold-record-4500-safe-haven,2026-06-05/news_03.md,CHF=X,5,0.91,0.75,,,7,risk-off,medium,1,2026-06-05,0.0465,,1,0.8635,2026-06-15
2026-06-05,gold-record-4500-safe-haven,2026-06-05/news_03.md,CHF=X,10,0.3,0.8,,,7,risk-off,medium,1,2026-06-05,-0.5137,,0,0.8137,2026-06-22
2026-06-05,gold-record-4500-safe-haven,2026-06-05/news_03.md,EURUSD=X,1,0.1,-0.02,,,7,risk-off,medium,1,2026-06-05,-0.0461,,0,0.1461,2026-06-08
2026-06-05,gold-record-4500-safe-haven,2026-06-05/news_03.md,EURUSD=X,3,-0.98,-0.47,,,7,risk-off,medium,1,2026-06-05,0.2658,,0,1.2458,2026-06-15
2026-06-05,gold-record-4500-safe-haven,2026-06-05/news_03.md,EURUSD=X,5,-0.67,-0.57,,,7,risk-off,medium,1,2026-06-05,0.3935,,0,1.0635,2026-06-15
2026-06-05,gold-record-4500-safe-haven,2026-06-05/news_03.md,EURUSD=X,10,0.21,-0.43,,,7,risk-off,medium,1,2026-06-05,-0.5047,,0,0.7147,2026-06-22
2026-06-05,gold-record-4500-safe-haven,2026-06-05/news_03.md,GC=F,1,-0.92,-0.84,,,7,risk-off,medium,1,2026-06-05,-1.2210,,1,0.3010,2026-06-08
2026-06-05,gold-record-4500-safe-haven,2026-06-05/news_03.md,GC=F,3,-1.21,-1.83,,,7,risk-off,medium,1,2026-06-05,-3.1865,,1,1.9765,2026-06-15
2026-06-05,gold-record-4500-safe-haven,2026-06-05/news_03.md,GC=F,5,-1.56,-1.96,,,7,risk-off,medium,1,2026-06-05,-2.8979,,1,1.3379,2026-06-15
2026-06-05,gold-record-4500-safe-haven,2026-06-05/news_03.md,GC=F,10,-3.99,-1.99,,,7,risk-off,medium,1,2026-06-05,-4.4075,,1,0.4175,2026-06-22
2026-06-05,gold-record-4500-safe-haven,2026-06-05/news_03.md,JPY=X,1,0.03,-0.25,,,7,risk-off,medium,0,2026-06-05,-0.0281,,,0.0581,2026-06-08
2026-06-05,gold-record-4500-safe-haven,2026-06-05/news_03.md,JPY=X,3,0.59,0.37,,,7,risk-off,medium,1,2026-06-05,0.0193,,1,0.5707,2026-06-15
2026-06-05,gold-record-4500-safe-haven,2026-06-05/news_03.md,JPY=X,5,1.2,0.99,,,7,risk-off,medium,1,2026-06-05,0.0331,,1,1.1669,2026-06-15
2026-06-05,gold-record-4500-safe-haven,2026-06-05/news_03.md,JPY=X,10,1.05,1.5,,,7,risk-off,medium,1,2026-06-05,0.0150,,1,1.0350,2026-06-22
2026-06-05,gold-record-4500-safe-haven,2026-06-05/news_03.md,^GSPC,1,0.94,1.35,,,7,risk-off,medium,1,2026-06-05,0.2978,,1,0.6422,2026-06-15
2026-06-05,gold-record-4500-safe-haven,2026-06-05/news_03.md,^GSPC,3,0.07,-1.17,,,7,risk-off,medium,0,2026-06-05,-1.5812,,,1.6512,2026-06-15
2026-06-05,gold-record-4500-safe-haven,2026-06-05/news_03.md,^GSPC,5,0.81,-1.3,,,7,risk-off,medium,1,2026-06-05,0.6463,,1,0.1637,2026-06-15
2026-06-05,gold-record-4500-safe-haven,2026-06-05/news_03.md,^GSPC,10,1.09,-0.79,,,7,risk-off,medium,1,2026-06-05,1.2060,,1,0.1160,2026-06-29
2026-06-05,gold-record-4500-safe-haven,2026-06-05/news_03.md,^TNX,1,3.5,8.98,,,7,risk-off,medium,1,2026-06-05,0.3527,,1,3.1473,2026-06-15
2026-06-05,gold-record-4500-safe-haven,2026-06-05/news_03.md,^TNX,3,1.99,14.5,,,7,risk-off,medium,1,2026-06-05,0.1323,,1,1.8577,2026-06-15
2026-06-05,gold-record-4500-safe-haven,2026-06-05/news_03.md,^TNX,5,2.58,13.19,,,7,risk-off,medium,1,2026-06-05,-1.0803,,0,3.6603,2026-06-15
2026-06-05,gold-record-4500-safe-haven,2026-06-05/news_03.md,^TNX,10,3.78,14.38,,,7,risk-off,medium,1,2026-06-05,-0.5952,,0,4.3752,2026-06-29
2026-06-05,middle-east-iran-hormuz-premium,2026-06-05/news_01.md,BZ=F,1,0.8,0.29,-0.9,1.36,6,risk-off,medium,1,2026-06-05,4.8877,0,1,4.0877,2026-06-08
2026-06-05,middle-east-iran-hormuz-premium,2026-06-05/news_01.md,BZ=F,3,1.6,0.6,-0.96,2.96,6,risk-off,medium,1,2026-06-05,-1.8584,0,0,3.4584,2026-06-15
2026-06-05,middle-east-iran-hormuz-premium,2026-06-05/news_01.md,BZ=F,5,3.24,1.11,-2.16,4.04,6,risk-off,medium,1,2026-06-05,-6.1876,0,0,9.4276,2026-06-15
2026-06-05,middle-east-iran-hormuz-premium,2026-06-05/news_01.md,BZ=F,10,0.11,-0.48,-4.14,2.13,6,risk-off,medium,1,2026-06-05,-13.4279,0,0,13.5379,2026-06-22
2026-06-05,middle-east-iran-hormuz-premium,2026-06-05/news_01.md,CHF=X,1,-0.19,-0.14,,,6,risk-off,medium,1,2026-06-05,0.1708,,0,0.3608,2026-06-08
2026-06-05,middle-east-iran-hormuz-premium,2026-06-05/news_01.md,CHF=X,3,0.09,0.06,,,6,risk-off,medium,0,2026-06-05,0.2236,,,0.1336,2026-06-15
2026-06-05,middle-east-iran-hormuz-premium,2026-06-05/news_01.md,CHF=X,5,0.1,-0.09,,,6,risk-off,medium,1,2026-06-05,0.0465,,1,0.0535,2026-06-15
2026-06-05,middle-east-iran-hormuz-premium,2026-06-05/news_01.md,CHF=X,10,-0.83,-1.04,,,6,risk-off,medium,1,2026-06-05,-0.5137,,1,0.3163,2026-06-22
2026-06-05,middle-east-iran-hormuz-premium,2026-06-05/news_01.md,GC=F,1,-0.17,-0.27,-0.86,0.46,6,risk-off,medium,1,2026-06-05,-1.2210,0,1,1.0510,2026-06-08
2026-06-05,middle-east-iran-hormuz-premium,2026-06-05/news_01.md,GC=F,3,-0.32,-0.41,-1.2,0.55,6,risk-off,medium,1,2026-06-05,-3.1865,0,1,2.8665,2026-06-15
2026-06-05,middle-east-iran-hormuz-premium,2026-06-05/news_01.md,GC=F,5,0.82,0.64,-1.04,1.46,6,risk-off,medium,1,2026-06-05,-2.8979,0,0,3.7179,2026-06-15
2026-06-05,middle-east-iran-hormuz-premium,2026-06-05/news_01.md,GC=F,10,0.5,0.53,-1.26,2.27,6,risk-off,medium,1,2026-06-05,-4.4075,0,0,4.9075,2026-06-22
2026-06-05,middle-east-iran-hormuz-premium,2026-06-05/news_01.md,JPY=X,1,-0.18,-0.07,,,6,risk-off,medium,1,2026-06-05,-0.0281,,1,0.1519,2026-06-08
2026-06-05,middle-east-iran-hormuz-premium,2026-06-05/news_01.md,JPY=X,3,-0.06,0.22,,,6,risk-off,medium,0,2026-06-05,0.0193,,,0.0793,2026-06-15
2026-06-05,middle-east-iran-hormuz-premium,2026-06-05/news_01.md,JPY=X,5,0.24,0.17,,,6,risk-off,medium,1,2026-06-05,0.0331,,1,0.2069,2026-06-15
2026-06-05,middle-east-iran-hormuz-premium,2026-06-05/news_01.md,JPY=X,10,-0.41,-0.12,,,6,risk-off,medium,1,2026-06-05,0.0150,,0,0.4250,2026-06-22
2026-06-05,middle-east-iran-hormuz-premium,2026-06-05/news_01.md,^GSPC,1,0.47,0.21,,,6,risk-off,medium,1,2026-06-05,0.2978,,1,0.1722,2026-06-15
2026-06-05,middle-east-iran-hormuz-premium,2026-06-05/news_01.md,^GSPC,3,0.35,0.56,,,6,risk-off,medium,1,2026-06-05,-1.5812,,0,1.9312,2026-06-15
2026-06-05,middle-east-iran-hormuz-premium,2026-06-05/news_01.md,^GSPC,5,0.94,1.1,,,6,risk-off,medium,1,2026-06-05,0.6463,,1,0.2937,2026-06-15
2026-06-05,middle-east-iran-hormuz-premium,2026-06-05/news_01.md,^GSPC,10,1.64,1.49,,,6,risk-off,medium,1,2026-06-05,1.2060,,1,0.4340,2026-06-29
2026-06-05,middle-east-iran-hormuz-premium,2026-06-05/news_01.md,^STOXX50E,1,-0.01,0.02,,,6,risk-off,medium,0,2026-06-05,0.0036,,,0.0136,2026-06-15
2026-06-05,middle-east-iran-hormuz-premium,2026-06-05/news_01.md,^STOXX50E,3,0.61,1.02,,,6,risk-off,medium,1,2026-06-05,-0.8598,,0,1.4698,2026-06-15
2026-06-05,middle-east-iran-hormuz-premium,2026-06-05/news_01.md,^STOXX50E,5,0.95,0.98,,,6,risk-off,medium,1,2026-06-05,2.0712,,1,1.1212,2026-06-15
2026-06-05,middle-east-iran-hormuz-premium,2026-06-05/news_01.md,^STOXX50E,10,1.11,0.88,,,6,risk-off,medium,1,2026-06-05,3.8116,,1,2.7016,2026-06-22
2026-06-05,us-may-nfp-payrolls-swing,2026-06-05/news_02.md,EURUSD=X,1,-0.55,-0.48,,,9,hawkish,medium,1,2026-06-05,-0.0461,,1,0.5039,2026-06-08
2026-06-05,us-may-nfp-payrolls-swing,2026-06-05/news_02.md,EURUSD=X,3,-0.58,-0.71,,,9,hawkish,medium,1,2026-06-05,0.2658,,0,0.8458,2026-06-15
2026-06-05,us-may-nfp-payrolls-swing,2026-06-05/news_02.md,EURUSD=X,5,-0.9,-0.6,,,9,hawkish,medium,1,2026-06-05,0.3935,,0,1.2935,2026-06-15
2026-06-05,us-may-nfp-payrolls-swing,2026-06-05/news_02.md,EURUSD=X,10,-0.93,-0.75,,,9,hawkish,medium,1,2026-06-05,-0.5047,,1,0.4253,2026-06-22
2026-06-05,us-may-nfp-payrolls-swing,2026-06-05/news_02.md,GC=F,1,0.18,-0.09,,,9,hawkish,medium,1,2026-06-05,-1.2210,,0,1.4010,2026-06-08
2026-06-05,us-may-nfp-payrolls-swing,2026-06-05/news_02.md,GC=F,3,-0.04,-0.04,,,9,hawkish,medium,0,2026-06-05,-3.1865,,,3.1465,2026-06-15
2026-06-05,us-may-nfp-payrolls-swing,2026-06-05/news_02.md,GC=F,5,0.45,-0.08,,,9,hawkish,medium,1,2026-06-05,-2.8979,,0,3.3479,2026-06-15
2026-06-05,us-may-nfp-payrolls-swing,2026-06-05/news_02.md,GC=F,10,-0.78,0.4,,,9,hawkish,medium,1,2026-06-05,-4.4075,,1,3.6275,2026-06-22
2026-06-05,us-may-nfp-payrolls-swing,2026-06-05/news_02.md,IEF,1,-0.23,-0.18,,,9,hawkish,medium,1,2026-06-05,-0.1068,,1,0.1232,2026-06-15
2026-06-05,us-may-nfp-payrolls-swing,2026-06-05/news_02.md,IEF,3,-0.62,-0.25,,,9,hawkish,medium,1,2026-06-05,0.0748,,0,0.6948,2026-06-15
2026-06-05,us-may-nfp-payrolls-swing,2026-06-05/news_02.md,IEF,5,-0.63,-0.49,,,9,hawkish,medium,1,2026-06-05,0.5982,,0,1.2282,2026-06-15
2026-06-05,us-may-nfp-payrolls-swing,2026-06-05/news_02.md,IEF,10,-1.06,-0.8,,,9,hawkish,medium,1,2026-06-05,0.4059,,0,1.4659,2026-06-29
2026-06-05,us-may-nfp-payrolls-swing,2026-06-05/news_02.md,JPY=X,1,1.05,1.03,,,9,hawkish,medium,1,2026-06-05,-0.0281,,0,1.0781,2026-06-08
2026-06-05,us-may-nfp-payrolls-swing,2026-06-05/news_02.md,JPY=X,3,0.6,0.9,,,9,hawkish,medium,1,2026-06-05,0.0193,,1,0.5807,2026-06-15
2026-06-05,us-may-nfp-payrolls-swing,2026-06-05/news_02.md,JPY=X,5,1.27,1.3,,,9,hawkish,medium,1,2026-06-05,0.0331,,1,1.2369,2026-06-15
2026-06-05,us-may-nfp-payrolls-swing,2026-06-05/news_02.md,JPY=X,10,2.22,2.08,,,9,hawkish,medium,1,2026-06-05,0.0150,,1,2.2050,2026-06-22
2026-06-05,us-may-nfp-payrolls-swing,2026-06-05/news_02.md,^GSPC,1,-0.37,-0.5,,,9,hawkish,medium,1,2026-06-05,0.2978,,0,0.6678,2026-06-15
2026-06-05,us-may-nfp-payrolls-swing,2026-06-05/news_02.md,^GSPC,3,-0.35,-0.1,,,9,hawkish,medium,1,2026-06-05,-1.5812,,1,1.2312,2026-06-15
2026-06-05,us-may-nfp-payrolls-swing,2026-06-05/news_02.md,^GSPC,5,-0.93,-0.09,,,9,hawkish,medium,1,2026-06-05,0.6463,,0,1.5763,2026-06-15
2026-06-05,us-may-nfp-payrolls-swing,2026-06-05/news_02.md,^GSPC,10,1.6,0.37,,,9,hawkish,medium,1,2026-06-05,1.2060,,1,0.3940,2026-06-29
2026-06-05,us-may-nfp-payrolls-swing,2026-06-05/news_02.md,^TNX,1,0.13,0.18,,,9,hawkish,medium,1,2026-06-05,0.3527,,1,0.2227,2026-06-15
2026-06-05,us-may-nfp-payrolls-swing,2026-06-05/news_02.md,^TNX,3,1.91,0.71,,,9,hawkish,medium,1,2026-06-05,0.1323,,1,1.7777,2026-06-15
2026-06-05,us-may-nfp-payrolls-swing,2026-06-05/news_02.md,^TNX,5,2.31,1.75,,,9,hawkish,medium,1,2026-06-05,-1.0803,,0,3.3903,2026-06-15
2026-06-05,us-may-nfp-payrolls-swing,2026-06-05/news_02.md,^TNX,10,5.25,3.15,,,9,hawkish,medium,1,2026-06-05,-0.5952,,0,5.8452,2026-06-29
2026-06-06,ai-tech-capex-selloff,2026-06-06/news_02.md,BTC-USD,1,1.1,0.53,-0.66,2.86,6,bearish,medium,1,2026-06-06,1.2794,1,1,0.1794,2026-06-08
2026-06-06,ai-tech-capex-selloff,2026-06-06/news_02.md,BTC-USD,3,0.82,1.41,-3.33,2.27,6,bearish,medium,1,2026-06-06,3.8985,0,1,3.0785,2026-06-15
2026-06-06,ai-tech-capex-selloff,2026-06-06/news_02.md,BTC-USD,5,-0.47,1.66,-1.33,0.73,6,bearish,medium,1,2026-06-06,2.6453,0,0,3.1153,2026-06-15
2026-06-06,ai-tech-capex-selloff,2026-06-06/news_02.md,BTC-USD,10,-0.35,-0.68,-4.4,0.82,6,bearish,medium,1,2026-06-06,8.3514,0,0,8.7014,2026-06-22
2026-06-06,ai-tech-capex-selloff,2026-06-06/news_02.md,^GSPC,1,-0.01,-0.16,-0.67,0.74,6,bearish,medium,0,2026-06-08,-0.2576,1,,0.2476,2026-06-15
2026-06-06,ai-tech-capex-selloff,2026-06-06/news_02.md,^GSPC,3,-0.03,1.2,-1.2,2.17,6,bearish,medium,0,2026-06-08,-0.1543,1,,0.1243,2026-06-15
2026-06-06,ai-tech-capex-selloff,2026-06-06/news_02.md,^GSPC,5,0.43,1.0,-0.22,2.5,6,bearish,medium,1,2026-06-08,2.0060,1,1,1.5760,2026-06-22
2026-06-06,ai-tech-capex-selloff,2026-06-06/news_02.md,^GSPC,10,-1.51,-0.34,-4.11,1.47,6,bearish,medium,1,2026-06-08,-0.5438,1,1,0.9662,2026-06-29
2026-06-06,ai-tech-capex-selloff,2026-06-06/news_02.md,^N225,1,-1.28,-0.86,-3.27,-1.12,6,bearish,medium,1,2026-06-08,2.7845,0,0,4.0645,2026-06-15
2026-06-06,ai-tech-capex-selloff,2026-06-06/news_02.md,^N225,3,-0.47,-0.19,-4.14,0.3,6,bearish,medium,1,2026-06-08,1.0430,0,0,1.5130,2026-06-15
2026-06-06,ai-tech-capex-selloff,2026-06-06/news_02.md,^N225,5,-1.2,1.12,-2.34,-0.68,6,bearish,medium,1,2026-06-08,8.7811,0,0,9.9811,2026-06-15
2026-06-06,ai-tech-capex-selloff,2026-06-06/news_02.md,^N225,10,-0.6,2.44,-1.61,1.97,6,bearish,medium,1,2026-06-08,13.8744,0,0,14.4744,2026-06-22
2026-06-06,ai-tech-capex-selloff,2026-06-06/news_02.md,^TNX,1,2.19,3.7,0.8,3.88,6,bearish,medium,1,2026-06-08,-0.5272,0,0,2.7172,2026-06-15
2026-06-06,ai-tech-capex-selloff,2026-06-06/news_02.md,^TNX,3,4.87,5.15,0.77,9.21,6,bearish,medium,1,2026-06-08,-1.9552,0,0,6.8252,2026-06-15
2026-06-06,ai-tech-capex-selloff,2026-06-06/news_02.md,^TNX,5,5.03,4.88,1.07,7.36,6,bearish,medium,1,2026-06-08,-1.8234,0,0,6.8534,2026-06-22
2026-06-06,ai-tech-capex-selloff,2026-06-06/news_02.md,^TNX,10,5.07,4.72,-0.04,9.9,6,bearish,medium,1,2026-06-08,-1.2961,0,0,6.3661,2026-06-29
2026-06-06,ecb-june-2026-first-hike-priced,2026-06-06/news_04.md,BTP_BUND_SPREAD,1,0.99,1.13,-0.26,2.93,10,hawkish,high,1,2026-06-08,-1.3592,0,0,2.3492,2026-06-15
2026-06-06,ecb-june-2026-first-hike-priced,2026-06-06/news_04.md,BTP_BUND_SPREAD,3,1.42,1.37,-0.02,3.98,10,hawkish,high,1,2026-06-08,-0.1683,0,0,1.5883,2026-06-15
2026-06-06,ecb-june-2026-first-hike-priced,2026-06-06/news_04.md,BTP_BUND_SPREAD,5,1.77,1.82,1.14,3.49,10,hawkish,high,1,2026-06-08,-5.8382,0,0,7.6082,2026-07-13
2026-06-06,ecb-june-2026-first-hike-priced,2026-06-06/news_04.md,BTP_BUND_SPREAD,10,-0.8,0.12,-2.94,2.82,10,hawkish,high,1,2026-06-08,-7.3398,0,1,6.5398,2026-07-13
2026-06-06,ecb-june-2026-first-hike-priced,2026-06-06/news_04.md,EURUSD=X,1,-0.38,-0.3,-0.9,0.26,10,hawkish,high,1,2026-06-08,0.2194,1,0,0.5994,2026-06-15
2026-06-06,ecb-june-2026-first-hike-priced,2026-06-06/news_04.md,EURUSD=X,3,-0.48,-0.32,-0.71,0.67,10,hawkish,high,1,2026-06-08,0.2541,1,0,0.7341,2026-06-15
2026-06-06,ecb-june-2026-first-hike-priced,2026-06-06/news_04.md,EURUSD=X,5,-0.69,-0.46,-1.1,0.17,10,hawkish,high,1,2026-06-08,0.8483,0,0,1.5383,2026-06-15
2026-06-06,ecb-june-2026-first-hike-priced,2026-06-06/news_04.md,EURUSD=X,10,-0.81,-0.8,-1.97,-0.3,10,hawkish,high,1,2026-06-08,-0.5500,1,1,0.2600,2026-06-22
2026-06-06,ecb-june-2026-first-hike-priced,2026-06-06/news_04.md,FTSEMIB.MI,1,-0.04,0.21,-0.32,0.37,10,hawkish,high,0,2026-06-08,0.1091,1,,0.1491,2026-06-15
2026-06-06,ecb-june-2026-first-hike-priced,2026-06-06/news_04.md,FTSEMIB.MI,3,0.02,0.7,-0.34,2.07,10,hawkish,high,0,2026-06-08,0.5915,1,,0.5715,2026-06-15
2026-06-06,ecb-june-2026-first-hike-priced,2026-06-06/news_04.md,FTSEMIB.MI,5,1.0,0.8,-0.33,2.03,10,hawkish,high,1,2026-06-08,3.2424,0,1,2.2424,2026-06-22
2026-06-06,ecb-june-2026-first-hike-priced,2026-06-06/news_04.md,FTSEMIB.MI,10,1.41,1.92,0.08,3.88,10,hawkish,high,1,2026-06-08,5.1565,0,1,3.7465,2026-06-29
2026-06-06,ecb-june-2026-first-hike-priced,2026-06-06/news_04.md,IEAG.AS,1,-0.29,-0.09,-0.51,0.28,10,hawkish,high,1,2026-06-08,0.0186,1,0,0.3086,2026-06-15
2026-06-06,ecb-june-2026-first-hike-priced,2026-06-06/news_04.md,IEAG.AS,3,-0.62,-0.38,-0.97,0.08,10,hawkish,high,1,2026-06-08,0.1863,0,0,0.8063,2026-06-15
2026-06-06,ecb-june-2026-first-hike-priced,2026-06-06/news_04.md,IEAG.AS,5,-0.51,-0.32,-1.36,0.12,10,hawkish,high,1,2026-06-08,0.7545,0,0,1.2645,2026-06-22
2026-06-06,ecb-june-2026-first-hike-priced,2026-06-06/news_04.md,IEAG.AS,10,-0.83,-0.72,-2.13,0.18,10,hawkish,high,1,2026-06-08,0.7173,0,0,1.5473,2026-06-29
2026-06-06,ecb-june-2026-first-hike-priced,2026-06-06/news_04.md,^GDAXI,1,0.32,0.23,-0.15,0.52,10,hawkish,high,1,2026-06-08,-0.7441,0,0,1.0641,2026-06-15
2026-06-06,ecb-june-2026-first-hike-priced,2026-06-06/news_04.md,^GDAXI,3,-0.81,0.0,-1.08,1.3,10,hawkish,high,1,2026-06-08,-1.6514,0,1,0.8414,2026-06-15
2026-06-06,ecb-june-2026-first-hike-priced,2026-06-06/news_04.md,^GDAXI,5,-0.21,-0.46,-1.26,0.37,10,hawkish,high,1,2026-06-08,1.1285,0,0,1.3385,2026-06-22
2026-06-06,ecb-june-2026-first-hike-priced,2026-06-06/news_04.md,^GDAXI,10,-0.15,0.58,-2.4,3.04,10,hawkish,high,1,2026-06-08,2.1265,1,0,2.2765,2026-06-29
2026-06-06,ecb-june-2026-first-hike-priced,2026-06-06/news_04.md,^STOXX50E,1,0.38,0.29,0.06,0.62,10,hawkish,high,1,2026-06-08,-0.2070,0,0,0.5870,2026-06-15
2026-06-06,ecb-june-2026-first-hike-priced,2026-06-06/news_04.md,^STOXX50E,3,-0.55,-0.03,-0.84,1.18,10,hawkish,high,1,2026-06-08,-0.0879,1,1,0.4621,2026-06-15
2026-06-06,ecb-june-2026-first-hike-priced,2026-06-06/news_04.md,^STOXX50E,5,-0.05,-0.09,-1.12,0.76,10,hawkish,high,0,2026-06-08,2.7570,0,,2.8070,2026-06-22
2026-06-06,ecb-june-2026-first-hike-priced,2026-06-06/news_04.md,^STOXX50E,10,0.54,0.89,-2.09,3.32,10,hawkish,high,1,2026-06-08,4.1079,0,1,3.5679,2026-06-29
2026-06-06,nfp-shock-hawkish-repricing,2026-06-06/news_01.md,EURUSD=X,1,-0.23,-0.31,-0.53,-0.0,7,hawkish,high,1,2026-06-08,0.2194,0,0,0.4494,2026-06-15
2026-06-06,nfp-shock-hawkish-repricing,2026-06-06/news_01.md,EURUSD=X,3,-0.49,-0.63,-0.97,-0.13,7,hawkish,high,1,2026-06-08,0.2541,0,0,0.7441,2026-06-15
2026-06-06,nfp-shock-hawkish-repricing,2026-06-06/news_01.md,EURUSD=X,5,-0.39,-0.62,-1.36,0.07,7,hawkish,high,1,2026-06-08,0.8483,0,0,1.2383,2026-06-15
2026-06-06,nfp-shock-hawkish-repricing,2026-06-06/news_01.md,EURUSD=X,10,-0.61,-0.85,-1.26,-0.3,7,hawkish,high,1,2026-06-08,-0.5500,1,1,0.0600,2026-06-22
2026-06-06,nfp-shock-hawkish-repricing,2026-06-06/news_01.md,GC=F,1,-0.34,-0.51,-1.09,0.06,7,hawkish,high,1,2026-06-08,1.3775,0,0,1.7175,2026-06-15
2026-06-06,nfp-shock-hawkish-repricing,2026-06-06/news_01.md,GC=F,3,-0.99,-0.39,-1.34,0.57,7,hawkish,high,1,2026-06-08,-4.4480,0,1,3.4580,2026-06-15
2026-06-06,nfp-shock-hawkish-repricing,2026-06-06/news_01.md,GC=F,5,0.21,-0.01,-0.77,1.41,7,hawkish,high,1,2026-06-08,0.5288,1,1,0.3188,2026-06-15
2026-06-06,nfp-shock-hawkish-repricing,2026-06-06/news_01.md,GC=F,10,-0.53,0.4,-1.16,1.73,7,hawkish,high,1,2026-06-08,-2.3539,0,1,1.8239,2026-06-22
2026-06-06,nfp-shock-hawkish-repricing,2026-06-06/news_01.md,IEF,1,0.03,-0.14,-0.67,0.19,7,hawkish,high,0,2026-06-08,0.2780,0,,0.2480,2026-06-15
2026-06-06,nfp-shock-hawkish-repricing,2026-06-06/news_01.md,IEF,3,-0.01,-0.16,-0.44,0.11,7,hawkish,high,0,2026-06-08,0.8768,0,,0.8868,2026-06-15
2026-06-06,nfp-shock-hawkish-repricing,2026-06-06/news_01.md,IEF,5,-0.05,-0.42,-1.33,0.29,7,hawkish,high,0,2026-06-08,0.8127,0,,0.8627,2026-06-22
2026-06-06,nfp-shock-hawkish-repricing,2026-06-06/news_01.md,IEF,10,-0.21,-0.94,-2.2,-0.04,7,hawkish,high,1,2026-06-08,0.6416,0,0,0.8516,2026-06-29
2026-06-06,nfp-shock-hawkish-repricing,2026-06-06/news_01.md,JPY=X,1,0.31,0.58,0.1,0.59,7,hawkish,high,1,2026-06-08,-0.0637,0,0,0.3737,2026-06-15
2026-06-06,nfp-shock-hawkish-repricing,2026-06-06/news_01.md,JPY=X,3,0.5,0.61,-0.02,1.18,7,hawkish,high,1,2026-06-08,0.1791,1,1,0.3209,2026-06-15
2026-06-06,nfp-shock-hawkish-repricing,2026-06-06/news_01.md,JPY=X,5,0.95,0.85,-0.3,1.85,7,hawkish,high,1,2026-06-08,-0.0393,1,0,0.9893,2026-06-15
2026-06-06,nfp-shock-hawkish-repricing,2026-06-06/news_01.md,JPY=X,10,1.93,1.05,-0.79,2.93,7,hawkish,high,1,2026-06-08,0.2321,1,1,1.6979,2026-06-22
2026-06-06,nfp-shock-hawkish-repricing,2026-06-06/news_01.md,^GSPC,1,-0.37,-0.59,-0.68,0.14,7,hawkish,high,1,2026-06-08,-0.2576,1,1,0.1124,2026-06-15
2026-06-06,nfp-shock-hawkish-repricing,2026-06-06/news_01.md,^GSPC,3,-0.45,-0.66,-2.32,1.01,7,hawkish,high,1,2026-06-08,-0.1543,1,1,0.2957,2026-06-15
2026-06-06,nfp-shock-hawkish-repricing,2026-06-06/news_01.md,^GSPC,5,-1.82,-2.42,-4.58,-1.33,7,hawkish,high,1,2026-06-08,2.0060,0,0,3.8260,2026-06-22
2026-06-06,nfp-shock-hawkish-repricing,2026-06-06/news_01.md,^GSPC,10,-1.39,-2.02,-3.73,1.01,7,hawkish,high,1,2026-06-08,-0.5438,1,1,0.8462,2026-06-29
2026-06-06,nfp-shock-hawkish-repricing,2026-06-06/news_01.md,^TNX,1,0.13,0.31,-0.86,1.49,7,hawkish,high,1,2026-06-08,-0.5272,1,0,0.6572,2026-06-15
2026-06-06,nfp-shock-hawkish-repricing,2026-06-06/news_01.md,^TNX,3,0.0,0.81,-0.17,1.46,7,hawkish,high,0,2026-06-08,-1.9552,0,,1.9552,2026-06-15
2026-06-06,nfp-shock-hawkish-repricing,2026-06-06/news_01.md,^TNX,5,1.3,1.65,-1.58,4.64,7,hawkish,high,1,2026-06-08,-1.8234,0,0,3.1234,2026-06-22
2026-06-06,nfp-shock-hawkish-repricing,2026-06-06/news_01.md,^TNX,10,1.29,3.97,0.45,8.44,7,hawkish,high,1,2026-06-08,-1.2961,0,0,2.5861,2026-06-29
2026-06-06,oil-demand-destruction-vs-hormuz-premium,2026-06-06/news_03.md,BZ=F,1,1.22,1.3,-2.02,2.3,5,bearish,medium,1,2026-06-08,-4.6805,0,0,5.9005,2026-06-15
2026-06-06,oil-demand-destruction-vs-hormuz-premium,2026-06-06/news_03.md,BZ=F,3,3.43,3.59,1.57,4.14,5,bearish,medium,1,2026-06-08,-4.4244,0,0,7.8544,2026-06-15
2026-06-06,oil-demand-destruction-vs-hormuz-premium,2026-06-06/news_03.md,BZ=F,5,1.45,5.75,-3.19,8.8,5,bearish,medium,1,2026-06-08,-14.4920,0,0,15.9420,2026-06-15
2026-06-06,oil-demand-destruction-vs-hormuz-premium,2026-06-06/news_03.md,BZ=F,10,10.5,9.79,4.46,16.0,5,bearish,medium,1,2026-06-08,-19.0598,0,0,29.5598,2026-06-22
2026-06-06,oil-demand-destruction-vs-hormuz-premium,2026-06-06/news_03.md,EURUSD=X,1,0.06,-0.09,-0.92,0.27,5,bearish,medium,0,2026-06-08,0.2194,1,,0.1594,2026-06-15
2026-06-06,oil-demand-destruction-vs-hormuz-premium,2026-06-06/news_03.md,EURUSD=X,3,-0.32,-0.43,-0.74,-0.1,5,bearish,medium,1,2026-06-08,0.2541,0,0,0.5741,2026-06-15
2026-06-06,oil-demand-destruction-vs-hormuz-premium,2026-06-06/news_03.md,EURUSD=X,5,-1.43,-1.1,-2.16,0.59,5,bearish,medium,1,2026-06-08,0.8483,0,0,2.2783,2026-06-15
2026-06-06,oil-demand-destruction-vs-hormuz-premium,2026-06-06/news_03.md,EURUSD=X,10,-1.98,-1.37,-2.76,0.33,5,bearish,medium,1,2026-06-08,-0.5500,1,1,1.4300,2026-06-22
2026-06-06,oil-demand-destruction-vs-hormuz-premium,2026-06-06/news_03.md,GC=F,1,-0.46,-0.29,-1.32,0.13,5,bearish,medium,1,2026-06-08,1.3775,0,0,1.8375,2026-06-15
2026-06-06,oil-demand-destruction-vs-hormuz-premium,2026-06-06/news_03.md,GC=F,3,-1.2,-0.15,-1.47,0.98,5,bearish,medium,1,2026-06-08,-4.4480,0,1,3.2480,2026-06-15
2026-06-06,oil-demand-destruction-vs-hormuz-premium,2026-06-06/news_03.md,GC=F,5,-1.89,-0.05,-2.19,1.07,5,bearish,medium,1,2026-06-08,0.5288,1,0,2.4188,2026-06-15
2026-06-06,oil-demand-destruction-vs-hormuz-premium,2026-06-06/news_03.md,GC=F,10,-2.51,0.07,-2.86,1.72,5,bearish,medium,1,2026-06-08,-2.3539,1,1,0.1561,2026-06-22
2026-06-06,oil-demand-destruction-vs-hormuz-premium,2026-06-06/news_03.md,^GSPC,1,0.19,0.68,-0.73,0.36,5,bearish,medium,1,2026-06-08,-0.2576,1,0,0.4476,2026-06-15
2026-06-06,oil-demand-destruction-vs-hormuz-premium,2026-06-06/news_03.md,^GSPC,3,1.77,1.95,-0.31,4.99,5,bearish,medium,1,2026-06-08,-0.1543,1,0,1.9243,2026-06-15
2026-06-06,oil-demand-destruction-vs-hormuz-premium,2026-06-06/news_03.md,^GSPC,5,-0.33,1.28,-0.52,4.17,5,bearish,medium,1,2026-06-08,2.0060,1,0,2.3360,2026-06-22
2026-06-06,oil-demand-destruction-vs-hormuz-premium,2026-06-06/news_03.md,^GSPC,10,2.75,1.39,-3.59,4.02,5,bearish,medium,1,2026-06-08,-0.5438,1,0,3.2938,2026-06-29
2026-06-07,bce-rialzo-11-giugno,2026-06-07/news_02.md,BTP_BUND_SPREAD,1,0.49,0.92,-0.47,2.44,9,risk_off,high,1,2026-06-08,-1.3592,0,0,1.8492,2026-06-15
2026-06-07,bce-rialzo-11-giugno,2026-06-07/news_02.md,BTP_BUND_SPREAD,3,1.21,0.97,-0.31,2.96,9,risk_off,high,1,2026-06-08,-0.1683,1,0,1.3783,2026-06-15
2026-06-07,bce-rialzo-11-giugno,2026-06-07/news_02.md,BTP_BUND_SPREAD,5,1.74,1.82,1.0,3.5,9,risk_off,high,1,2026-06-08,-5.8382,0,0,7.5782,2026-07-13
2026-06-07,bce-rialzo-11-giugno,2026-06-07/news_02.md,BTP_BUND_SPREAD,10,-2.09,-0.21,-3.06,2.02,9,risk_off,high,1,2026-06-08,-7.3398,0,1,5.2498,2026-07-13
2026-06-07,bce-rialzo-11-giugno,2026-06-07/news_02.md,EURUSD=X,1,-0.42,-0.29,-0.9,0.29,9,risk_off,high,1,2026-06-08,0.2194,1,0,0.6394,2026-06-15
2026-06-07,bce-rialzo-11-giugno,2026-06-07/news_02.md,EURUSD=X,3,-0.39,-0.29,-0.73,0.75,9,risk_off,high,1,2026-06-08,0.2541,1,0,0.6441,2026-06-15
2026-06-07,bce-rialzo-11-giugno,2026-06-07/news_02.md,EURUSD=X,5,-0.76,-0.44,-1.21,0.26,9,risk_off,high,1,2026-06-08,0.8483,0,0,1.6083,2026-06-15
2026-06-07,bce-rialzo-11-giugno,2026-06-07/news_02.md,EURUSD=X,10,-0.91,-0.84,-2.08,-0.25,9,risk_off,high,1,2026-06-08,-0.5500,1,1,0.3600,2026-06-22
2026-06-07,bce-rialzo-11-giugno,2026-06-07/news_02.md,FTSEMIB.MI,1,0.07,0.25,-0.33,0.47,9,risk_off,high,0,2026-06-08,0.1091,1,,0.0391,2026-06-15
2026-06-07,bce-rialzo-11-giugno,2026-06-07/news_02.md,FTSEMIB.MI,3,0.07,0.78,-0.4,2.45,9,risk_off,high,0,2026-06-08,0.5915,1,,0.5215,2026-06-15
2026-06-07,bce-rialzo-11-giugno,2026-06-07/news_02.md,FTSEMIB.MI,5,1.49,0.85,-0.57,2.17,9,risk_off,high,1,2026-06-08,3.2424,0,1,1.7524,2026-06-22
2026-06-07,bce-rialzo-11-giugno,2026-06-07/news_02.md,FTSEMIB.MI,10,2.12,2.15,0.56,4.25,9,risk_off,high,1,2026-06-08,5.1565,0,1,3.0365,2026-06-29
2026-06-07,bce-rialzo-11-giugno,2026-06-07/news_02.md,^GDAXI,1,0.39,0.33,0.05,0.56,9,risk_off,high,1,2026-06-08,-0.7441,0,0,1.1341,2026-06-15
2026-06-07,bce-rialzo-11-giugno,2026-06-07/news_02.md,^GDAXI,3,-0.89,0.08,-1.1,1.41,9,risk_off,high,1,2026-06-08,-1.6514,0,1,0.7614,2026-06-15
2026-06-07,bce-rialzo-11-giugno,2026-06-07/news_02.md,^GDAXI,5,0.09,-0.45,-1.48,0.41,9,risk_off,high,0,2026-06-08,1.1285,0,,1.0385,2026-06-22
2026-06-07,bce-rialzo-11-giugno,2026-06-07/news_02.md,^GDAXI,10,0.16,0.7,-2.5,3.14,9,risk_off,high,1,2026-06-08,2.1265,1,1,1.9665,2026-06-29
2026-06-07,bce-rialzo-11-giugno,2026-06-07/news_02.md,^STOXX50E,1,0.4,0.41,0.24,0.68,9,risk_off,high,1,2026-06-08,-0.2070,0,0,0.6070,2026-06-15
2026-06-07,bce-rialzo-11-giugno,2026-06-07/news_02.md,^STOXX50E,3,-0.5,0.07,-0.75,1.29,9,risk_off,high,1,2026-06-08,-0.0879,1,1,0.4121,2026-06-15
2026-06-07,bce-rialzo-11-giugno,2026-06-07/news_02.md,^STOXX50E,5,0.21,-0.06,-1.39,0.84,9,risk_off,high,1,2026-06-08,2.7570,0,1,2.5470,2026-06-22
2026-06-07,bce-rialzo-11-giugno,2026-06-07/news_02.md,^STOXX50E,10,1.32,1.11,-2.43,3.58,9,risk_off,high,1,2026-06-08,4.1079,0,1,2.7879,2026-06-29
2026-06-07,hormuz-brent-opec,2026-06-07/news_01.md,BZ=F,1,0.39,-0.06,-0.57,0.46,9,risk_off,high,1,2026-06-08,-4.6805,0,0,5.0705,2026-06-15
2026-06-07,hormuz-brent-opec,2026-06-07/news_01.md,BZ=F,3,-2.44,0.14,-3.32,5.94,9,risk_off,high,1,2026-06-08,-4.4244,0,1,1.9844,2026-06-15
2026-06-07,hormuz-brent-opec,2026-06-07/news_01.md,BZ=F,5,1.7,1.51,-3.44,4.92,9,risk_off,high,1,2026-06-08,-14.4920,0,0,16.1920,2026-06-15
2026-06-07,hormuz-brent-opec,2026-06-07/news_01.md,BZ=F,10,0.94,0.01,-5.17,4.51,9,risk_off,high,1,2026-06-08,-19.0598,0,0,19.9998,2026-06-22
2026-06-07,hormuz-brent-opec,2026-06-07/news_01.md,GC=F,1,0.62,0.26,0.08,1.06,9,risk_off,high,1,2026-06-08,1.3775,0,1,0.7575,2026-06-15
2026-06-07,hormuz-brent-opec,2026-06-07/news_01.md,GC=F,3,0.59,0.39,-0.23,0.9,9,risk_off,high,1,2026-06-08,-4.4480,0,0,5.0380,2026-06-15
2026-06-07,hormuz-brent-opec,2026-06-07/news_01.md,GC=F,5,0.54,0.55,-1.03,1.37,9,risk_off,high,1,2026-06-08,0.5288,1,1,0.0112,2026-06-15
2026-06-07,hormuz-brent-opec,2026-06-07/news_01.md,GC=F,10,0.62,1.3,-0.86,3.79,9,risk_off,high,1,2026-06-08,-2.3539,0,0,2.9739,2026-06-22
2026-06-07,hormuz-brent-opec,2026-06-07/news_01.md,^GSPC,1,0.01,0.21,-0.28,0.35,9,risk_off,high,0,2026-06-08,-0.2576,1,,0.2676,2026-06-15
2026-06-07,hormuz-brent-opec,2026-06-07/news_01.md,^GSPC,3,0.32,0.09,-0.09,0.41,9,risk_off,high,1,2026-06-08,-0.1543,0,0,0.4743,2026-06-15
2026-06-07,hormuz-brent-opec,2026-06-07/news_01.md,^GSPC,5,-0.21,0.19,-0.45,0.88,9,risk_off,high,1,2026-06-08,2.0060,0,0,2.2160,2026-06-22
2026-06-07,hormuz-brent-opec,2026-06-07/news_01.md,^GSPC,10,0.49,0.32,-0.68,1.07,9,risk_off,high,1,2026-06-08,-0.5438,1,0,1.0338,2026-06-29
2026-06-07,hormuz-brent-opec,2026-06-07/news_01.md,^STOXX50E,1,-0.15,0.27,-0.75,0.18,9,risk_off,high,1,2026-06-08,-0.2070,1,1,0.0570,2026-06-15
2026-06-07,hormuz-brent-opec,2026-06-07/news_01.md,^STOXX50E,3,0.02,0.05,-0.93,0.9,9,risk_off,high,0,2026-06-08,-0.0879,1,,0.1079,2026-06-15
2026-06-07,hormuz-brent-opec,2026-06-07/news_01.md,^STOXX50E,5,-0.0,-0.28,-0.96,0.43,9,risk_off,high,0,2026-06-08,2.7570,0,,2.7570,2026-06-22
2026-06-07,hormuz-brent-opec,2026-06-07/news_01.md,^STOXX50E,10,-0.15,-0.69,-1.27,0.18,9,risk_off,high,1,2026-06-08,4.1079,0,0,4.2579,2026-06-29
2026-06-07,nfp-beat-hawkish-shock,2026-06-07/news_03.md,EURUSD=X,1,-0.52,-0.48,-0.87,-0.19,9,risk_off,high,1,2026-06-08,0.2194,0,0,0.7394,2026-06-15
2026-06-07,nfp-beat-hawkish-shock,2026-06-07/news_03.md,EURUSD=X,3,-0.5,-0.55,-1.08,0.06,9,risk_off,high,1,2026-06-08,0.2541,0,0,0.7541,2026-06-15
2026-06-07,nfp-beat-hawkish-shock,2026-06-07/news_03.md,EURUSD=X,5,-0.9,-0.25,-1.05,0.04,9,risk_off,high,1,2026-06-08,0.8483,0,0,1.7483,2026-06-15
2026-06-07,nfp-beat-hawkish-shock,2026-06-07/news_03.md,EURUSD=X,10,-0.93,-0.22,-1.78,1.15,9,risk_off,high,1,2026-06-08,-0.5500,1,1,0.3800,2026-06-22
2026-06-07,nfp-beat-hawkish-shock,2026-06-07/news_03.md,GC=F,1,0.11,-0.28,-1.02,0.26,9,risk_off,high,1,2026-06-08,1.3775,0,1,1.2675,2026-06-15
2026-06-07,nfp-beat-hawkish-shock,2026-06-07/news_03.md,GC=F,3,0.78,0.92,0.15,1.48,9,risk_off,high,1,2026-06-08,-4.4480,0,0,5.2280,2026-06-15
2026-06-07,nfp-beat-hawkish-shock,2026-06-07/news_03.md,GC=F,5,1.14,1.53,0.66,1.32,9,risk_off,high,1,2026-06-08,0.5288,0,1,0.6112,2026-06-15
2026-06-07,nfp-beat-hawkish-shock,2026-06-07/news_03.md,GC=F,10,1.08,2.62,-0.38,3.13,9,risk_off,high,1,2026-06-08,-2.3539,0,0,3.4339,2026-06-22
2026-06-07,nfp-beat-hawkish-shock,2026-06-07/news_03.md,IEF,1,-0.23,-0.44,-0.86,-0.18,9,risk_off,high,1,2026-06-08,0.2780,0,0,0.5080,2026-06-15
2026-06-07,nfp-beat-hawkish-shock,2026-06-07/news_03.md,IEF,3,-0.62,-0.22,-0.82,0.87,9,risk_off,high,1,2026-06-08,0.8768,0,0,1.4968,2026-06-15
2026-06-07,nfp-beat-hawkish-shock,2026-06-07/news_03.md,IEF,5,-0.89,-0.34,-1.66,1.23,9,risk_off,high,1,2026-06-08,0.8127,1,0,1.7027,2026-06-22
2026-06-07,nfp-beat-hawkish-shock,2026-06-07/news_03.md,IEF,10,-1.5,-0.49,-2.22,1.59,9,risk_off,high,1,2026-06-08,0.6416,1,0,2.1416,2026-06-29
2026-06-07,nfp-beat-hawkish-shock,2026-06-07/news_03.md,^GSPC,1,-0.23,-0.15,-0.37,0.16,9,risk_off,high,1,2026-06-08,-0.2576,1,1,0.0276,2026-06-15
2026-06-07,nfp-beat-hawkish-shock,2026-06-07/news_03.md,^GSPC,3,1.38,1.62,-0.1,2.11,9,risk_off,high,1,2026-06-08,-0.1543,0,0,1.5343,2026-06-15
2026-06-07,nfp-beat-hawkish-shock,2026-06-07/news_03.md,^GSPC,5,1.37,0.99,-1.11,2.49,9,risk_off,high,1,2026-06-08,2.0060,1,1,0.6360,2026-06-22
2026-06-07,nfp-beat-hawkish-shock,2026-06-07/news_03.md,^GSPC,10,0.95,-0.11,-2.62,1.89,9,risk_off,high,1,2026-06-08,-0.5438,1,0,1.4938,2026-06-29
2026-06-07,nfp-beat-hawkish-shock,2026-06-07/news_03.md,^TNX,1,1.05,1.47,0.57,2.89,9,risk_off,high,1,2026-06-08,-0.5272,0,0,1.5772,2026-06-15
2026-06-07,nfp-beat-hawkish-shock,2026-06-07/news_03.md,^TNX,3,1.91,1.35,-2.58,3.43,9,risk_off,high,1,2026-06-08,-1.9552,1,0,3.8652,2026-06-15
2026-06-07,nfp-beat-hawkish-shock,2026-06-07/news_03.md,^TNX,5,2.76,1.86,-3.5,5.97,9,risk_off,high,1,2026-06-08,-1.8234,1,0,4.5834,2026-06-22
2026-06-07,nfp-beat-hawkish-shock,2026-06-07/news_03.md,^TNX,10,5.41,2.5,-4.11,8.38,9,risk_off,high,1,2026-06-08,-1.2961,1,0,6.7061,2026-06-29
2026-06-07,oro-btc-real-yields,2026-06-07/news_04.md,BTC-USD,1,1.54,1.63,-0.4,3.35,9,risk_off,medium,1,2026-06-07,1.6484,1,1,0.1084,2026-06-08
2026-06-07,oro-btc-real-yields,2026-06-07/news_04.md,BTC-USD,3,0.19,1.15,0.06,2.1,9,risk_off,medium,1,2026-06-07,-0.6439,0,0,0.8339,2026-06-15
2026-06-07,oro-btc-real-yields,2026-06-07/news_04.md,BTC-USD,5,2.47,3.74,0.22,4.72,9,risk_off,medium,1,2026-06-07,2.5252,1,1,0.0552,2026-06-15
2026-06-07,oro-btc-real-yields,2026-06-07/news_04.md,BTC-USD,10,4.12,5.35,0.83,8.58,9,risk_off,medium,1,2026-06-07,6.5768,1,1,2.4568,2026-06-22
2026-06-07,oro-btc-real-yields,2026-06-07/news_04.md,GC=F,1,0.72,0.36,0.03,1.06,9,risk_off,medium,1,2026-06-08,1.3775,0,1,0.6575,2026-06-15
2026-06-07,oro-btc-real-yields,2026-06-07/news_04.md,GC=F,3,0.7,0.26,-0.65,1.05,9,risk_off,medium,1,2026-06-08,-4.4480,0,0,5.1480,2026-06-15
2026-06-07,oro-btc-real-yields,2026-06-07/news_04.md,GC=F,5,0.96,1.3,-1.3,2.73,9,risk_off,medium,1,2026-06-08,0.5288,1,1,0.4312,2026-06-15
2026-06-07,oro-btc-real-yields,2026-06-07/news_04.md,GC=F,10,0.87,1.69,-0.86,2.81,9,risk_off,medium,1,2026-06-08,-2.3539,0,0,3.2239,2026-06-22
2026-06-07,oro-btc-real-yields,2026-06-07/news_04.md,^GSPC,1,-0.21,0.02,-0.67,0.22,9,risk_off,medium,1,2026-06-08,-0.2576,1,1,0.0476,2026-06-15
2026-06-07,oro-btc-real-yields,2026-06-07/news_04.md,^GSPC,3,0.41,0.51,-1.0,1.34,9,risk_off,medium,1,2026-06-08,-0.1543,1,0,0.5643,2026-06-15
2026-06-07,oro-btc-real-yields,2026-06-07/news_04.md,^GSPC,5,0.22,0.38,-1.87,2.51,9,risk_off,medium,1,2026-06-08,2.0060,1,1,1.7860,2026-06-22
2026-06-07,oro-btc-real-yields,2026-06-07/news_04.md,^GSPC,10,1.3,1.05,0.93,1.78,9,risk_off,medium,1,2026-06-08,-0.5438,0,0,1.8438,2026-06-29
2026-06-07,oro-btc-real-yields,2026-06-07/news_04.md,^TNX,1,0.67,0.73,-1.28,2.47,9,risk_off,medium,1,2026-06-08,-0.5272,1,0,1.1972,2026-06-15
2026-06-07,oro-btc-real-yields,2026-06-07/news_04.md,^TNX,3,0.85,2.08,-2.06,3.23,9,risk_off,medium,1,2026-06-08,-1.9552,1,0,2.8052,2026-06-15
2026-06-07,oro-btc-real-yields,2026-06-07/news_04.md,^TNX,5,0.57,1.86,-2.87,5.21,9,risk_off,medium,1,2026-06-08,-1.8234,1,0,2.3934,2026-06-22
2026-06-07,oro-btc-real-yields,2026-06-07/news_04.md,^TNX,10,4.34,3.06,-0.88,7.22,9,risk_off,medium,1,2026-06-08,-1.2961,0,0,5.6361,2026-06-29
2026-06-09,ai-chip-news-flow,2026-06-09/news_03.md,SOXX,1,0.08,1.43,-1.0,2.61,5,bullish,medium,0,2026-06-09,-3.6699,0,,3.7499,2026-06-15
2026-06-09,ai-chip-news-flow,2026-06-09/news_03.md,SOXX,3,-0.2,-0.21,-3.66,3.71,5,bullish,medium,1,2026-06-09,6.0679,0,0,6.2679,2026-06-15
2026-06-09,ai-chip-news-flow,2026-06-09/news_03.md,SOXX,5,1.35,0.26,-1.14,5.25,5,bullish,medium,1,2026-06-09,5.1766,1,1,3.8266,2026-06-22
2026-06-09,ai-chip-news-flow,2026-06-09/news_03.md,SOXX,10,4.24,4.28,1.32,6.07,5,bullish,medium,1,2026-06-09,7.0018,0,1,2.7618,2026-06-29
2026-06-09,ai-chip-news-flow,2026-06-09/news_03.md,^GSPC,1,0.27,0.56,0.16,1.01,5,bullish,medium,1,2026-06-09,-1.6199,0,0,1.8899,2026-06-15
2026-06-09,ai-chip-news-flow,2026-06-09/news_03.md,^GSPC,3,-0.17,-0.13,-1.23,0.69,5,bullish,medium,1,2026-06-09,0.6066,1,0,0.7766,2026-06-15
2026-06-09,ai-chip-news-flow,2026-06-09/news_03.md,^GSPC,5,0.69,0.57,0.18,2.1,5,bullish,medium,1,2026-06-09,1.6882,1,1,0.9982,2026-06-22
2026-06-09,ai-chip-news-flow,2026-06-09/news_03.md,^GSPC,10,2.02,2.22,1.38,3.55,5,bullish,medium,1,2026-06-09,-0.3849,0,0,2.4049,2026-06-29
2026-06-09,ai-chip-news-flow,2026-06-09/news_03.md,^NDX,1,0.71,0.85,0.04,1.29,5,bullish,medium,1,2026-06-09,-1.9821,0,0,2.6921,2026-06-15
2026-06-09,ai-chip-news-flow,2026-06-09/news_03.md,^NDX,3,-0.19,0.16,-1.83,2.26,5,bullish,medium,1,2026-06-09,1.8960,1,0,2.0860,2026-06-15
2026-06-09,ai-chip-news-flow,2026-06-09/news_03.md,^NDX,5,0.31,0.91,0.22,4.34,5,bullish,medium,1,2026-06-09,3.0382,1,1,2.7282,2026-06-22
2026-06-09,ai-chip-news-flow,2026-06-09/news_03.md,^NDX,10,3.28,2.71,1.63,3.44,5,bullish,medium,1,2026-06-09,0.4661,0,1,2.8139,2026-06-29
2026-06-09,ecb-june-11-forward-guidance,2026-06-09/news_05.md,BTP_BUND_SPREAD,1,1.49,1.79,0.49,3.09,5,hawkish,medium,1,2026-06-09,2.9134,1,1,1.4234,2026-06-15
2026-06-09,ecb-june-11-forward-guidance,2026-06-09/news_05.md,BTP_BUND_SPREAD,3,1.64,1.1,0.86,2.96,5,hawkish,medium,1,2026-06-09,-3.6352,0,0,5.2752,2026-06-15
2026-06-09,ecb-june-11-forward-guidance,2026-06-09/news_05.md,BTP_BUND_SPREAD,5,1.55,0.87,1.0,1.81,5,hawkish,medium,1,2026-06-09,-6.7848,0,0,8.3348,2026-07-13
2026-06-09,ecb-june-11-forward-guidance,2026-06-09/news_05.md,BTP_BUND_SPREAD,10,-2.09,-1.77,-3.06,2.02,5,hawkish,medium,1,2026-06-09,-4.7769,0,1,2.6869,2026-07-13
2026-06-09,ecb-june-11-forward-guidance,2026-06-09/news_05.md,EURUSD=X,1,0.16,-0.1,-0.34,0.29,5,hawkish,medium,1,2026-06-09,0.0925,1,1,0.0675,2026-06-15
2026-06-09,ecb-june-11-forward-guidance,2026-06-09/news_05.md,EURUSD=X,3,0.41,-0.02,-0.58,1.28,5,hawkish,medium,1,2026-06-09,0.2199,1,1,0.1901,2026-06-15
2026-06-09,ecb-june-11-forward-guidance,2026-06-09/news_05.md,EURUSD=X,5,-0.12,-0.09,-0.62,0.26,5,hawkish,medium,1,2026-06-09,0.2779,0,0,0.3979,2026-06-22
2026-06-09,ecb-june-11-forward-guidance,2026-06-09/news_05.md,EURUSD=X,10,-0.44,-0.56,-1.65,-0.25,5,hawkish,medium,1,2026-06-09,-1.0512,1,1,0.6112,2026-06-29
2026-06-09,ecb-june-11-forward-guidance,2026-06-09/news_05.md,FTSEMIB.MI,1,-0.16,-0.07,-0.55,0.07,5,hawkish,medium,1,2026-06-09,-0.4647,1,1,0.3047,2026-06-15
2026-06-09,ecb-june-11-forward-guidance,2026-06-09/news_05.md,FTSEMIB.MI,3,0.07,1.04,-0.03,2.45,5,hawkish,medium,0,2026-06-09,2.4560,0,,2.3860,2026-06-15
2026-06-09,ecb-june-11-forward-guidance,2026-06-09/news_05.md,FTSEMIB.MI,5,2.17,2.13,1.49,3.17,5,hawkish,medium,1,2026-06-09,4.3178,0,1,2.1478,2026-06-22
2026-06-09,ecb-june-11-forward-guidance,2026-06-09/news_05.md,FTSEMIB.MI,10,2.78,2.87,0.56,4.25,5,hawkish,medium,1,2026-06-09,3.5041,1,1,0.7241,2026-06-29
2026-06-09,ecb-june-11-forward-guidance,2026-06-09/news_05.md,IEAG.AS,1,-0.19,0.08,-0.53,0.67,5,hawkish,medium,1,2026-06-09,-0.1025,1,1,0.0875,2026-06-15
2026-06-09,ecb-june-11-forward-guidance,2026-06-09/news_05.md,IEAG.AS,3,-0.33,-0.27,-1.3,0.22,5,hawkish,medium,1,2026-06-09,0.3819,0,0,0.7119,2026-06-15
2026-06-09,ecb-june-11-forward-guidance,2026-06-09/news_05.md,IEAG.AS,5,-0.4,-0.03,-1.53,0.58,5,hawkish,medium,1,2026-06-09,0.8289,0,0,1.2289,2026-06-22
2026-06-09,ecb-june-11-forward-guidance,2026-06-09/news_05.md,IEAG.AS,10,-2.0,-0.84,-2.57,-0.24,5,hawkish,medium,1,2026-06-09,0.9127,0,0,2.9127,2026-06-29
2026-06-09,ecb-june-11-forward-guidance,2026-06-09/news_05.md,^STOXX50E,1,-0.0,-0.01,-0.83,0.4,5,hawkish,medium,0,2026-06-09,-0.6577,1,,0.6577,2026-06-15
2026-06-09,ecb-june-11-forward-guidance,2026-06-09/news_05.md,^STOXX50E,3,-0.59,0.29,-0.75,1.57,5,hawkish,medium,1,2026-06-09,2.2793,0,0,2.8693,2026-06-15
2026-06-09,ecb-june-11-forward-guidance,2026-06-09/news_05.md,^STOXX50E,5,0.84,0.89,0.21,1.55,5,hawkish,medium,1,2026-06-09,3.4329,0,1,2.5929,2026-06-22
2026-06-09,ecb-june-11-forward-guidance,2026-06-09/news_05.md,^STOXX50E,10,1.32,1.09,-1.1,3.58,5,hawkish,medium,1,2026-06-09,2.9887,1,1,1.6687,2026-06-29
2026-06-09,iran-ceasefire-oil,2026-06-09/news_01.md,BZ=F,1,-0.38,-0.86,-0.96,-0.28,4,risk-on,medium,1,2026-06-09,-1.8373,0,1,1.4573,2026-06-15
2026-06-09,iran-ceasefire-oil,2026-06-09/news_01.md,BZ=F,3,-0.53,-0.44,-2.2,1.24,4,risk-on,medium,1,2026-06-09,-6.1674,0,1,5.6374,2026-06-15
2026-06-09,iran-ceasefire-oil,2026-06-09/news_01.md,BZ=F,5,0.17,-0.18,-3.19,3.18,4,risk-on,medium,1,2026-06-09,-11.0884,0,0,11.2584,2026-06-22
2026-06-09,iran-ceasefire-oil,2026-06-09/news_01.md,BZ=F,10,-5.08,-4.87,-6.37,-3.58,4,risk-on,medium,1,2026-06-09,-17.2236,0,1,12.1436,2026-06-29
2026-06-09,iran-ceasefire-oil,2026-06-09/news_01.md,GC=F,1,0.09,-0.41,-0.96,0.65,4,risk-on,medium,0,2026-06-09,-3.3216,0,,3.4116,2026-06-15
2026-06-09,iran-ceasefire-oil,2026-06-09/news_01.md,GC=F,3,-0.82,-1.22,-1.57,-0.48,4,risk-on,medium,1,2026-06-09,-3.0334,0,1,2.2134,2026-06-15
2026-06-09,iran-ceasefire-oil,2026-06-09/news_01.md,GC=F,5,-1.5,-1.76,-2.94,-0.32,4,risk-on,medium,1,2026-06-09,-0.7252,1,1,0.7748,2026-06-22
2026-06-09,iran-ceasefire-oil,2026-06-09/news_01.md,GC=F,10,-2.93,-2.55,-4.31,-1.16,4,risk-on,medium,1,2026-06-09,-5.3461,0,1,2.4161,2026-06-29
2026-06-09,iran-ceasefire-oil,2026-06-09/news_01.md,^GSPC,1,0.41,0.21,-0.09,0.72,4,risk-on,medium,1,2026-06-09,-1.6199,0,0,2.0299,2026-06-15
2026-06-09,iran-ceasefire-oil,2026-06-09/news_01.md,^GSPC,3,0.3,0.17,-0.86,1.33,4,risk-on,medium,1,2026-06-09,0.6066,1,1,0.3066,2026-06-15
2026-06-09,iran-ceasefire-oil,2026-06-09/news_01.md,^GSPC,5,0.31,0.35,-0.85,1.5,4,risk-on,medium,1,2026-06-09,1.6882,0,1,1.3782,2026-06-22
2026-06-09,iran-ceasefire-oil,2026-06-09/news_01.md,^GSPC,10,2.64,1.69,1.23,3.1,4,risk-on,medium,1,2026-06-09,-0.3849,0,0,3.0249,2026-06-29
2026-06-09,iran-ceasefire-oil,2026-06-09/news_01.md,^VIX,1,-4.54,-1.05,-7.44,1.85,4,risk-on,medium,1,2026-06-09,11.8269,0,0,16.3669,2026-06-15
2026-06-09,iran-ceasefire-oil,2026-06-09/news_01.md,^VIX,3,-0.31,0.43,-9.96,10.08,4,risk-on,medium,1,2026-06-09,-11.0216,0,1,10.7116,2026-06-15
2026-06-09,iran-ceasefire-oil,2026-06-09/news_01.md,^VIX,5,0.63,-1.85,-10.66,9.44,4,risk-on,medium,1,2026-06-09,-17.4132,0,0,18.0432,2026-06-22
2026-06-09,iran-ceasefire-oil,2026-06-09/news_01.md,^VIX,10,-13.94,-9.0,-25.27,2.33,4,risk-on,medium,1,2026-06-09,-1.9124,1,1,12.0276,2026-06-29
2026-06-09,nfp-may-2026-overheating,2026-06-09/news_04.md,DX-Y.NYB,1,0.02,0.12,-0.08,0.17,5,hawkish,high,0,2026-06-09,-0.0040,1,,0.0240,2026-06-15
2026-06-09,nfp-may-2026-overheating,2026-06-09/news_04.md,DX-Y.NYB,3,0.4,0.31,0.01,0.48,5,hawkish,high,1,2026-06-09,-0.0781,0,0,0.4781,2026-06-15
2026-06-09,nfp-may-2026-overheating,2026-06-09/news_04.md,DX-Y.NYB,5,0.63,0.53,0.36,0.69,5,hawkish,high,1,2026-06-09,-0.1001,0,0,0.7301,2026-06-22
2026-06-09,nfp-may-2026-overheating,2026-06-09/news_04.md,DX-Y.NYB,10,0.91,0.98,0.9,0.95,5,hawkish,high,1,2026-06-09,1.1984,0,1,0.2884,2026-06-29
2026-06-09,nfp-may-2026-overheating,2026-06-09/news_04.md,EURUSD=X,1,-0.19,-0.33,-0.55,-0.05,5,hawkish,high,1,2026-06-09,0.0925,0,0,0.2825,2026-06-15
2026-06-09,nfp-may-2026-overheating,2026-06-09/news_04.md,EURUSD=X,3,-0.5,-0.58,-0.54,-0.14,5,hawkish,high,1,2026-06-09,0.2199,0,0,0.7199,2026-06-15
2026-06-09,nfp-may-2026-overheating,2026-06-09/news_04.md,EURUSD=X,5,-0.92,-0.67,-1.05,-0.18,5,hawkish,high,1,2026-06-09,0.2779,0,0,1.1979,2026-06-22
2026-06-09,nfp-may-2026-overheating,2026-06-09/news_04.md,EURUSD=X,10,-1.87,-1.48,-2.08,-0.62,5,hawkish,high,1,2026-06-09,-1.0512,1,1,0.8188,2026-06-29
2026-06-09,nfp-may-2026-overheating,2026-06-09/news_04.md,GC=F,1,0.18,0.23,-0.04,0.77,5,hawkish,high,1,2026-06-09,-3.3216,0,0,3.5016,2026-06-15
2026-06-09,nfp-may-2026-overheating,2026-06-09/news_04.md,GC=F,3,0.78,0.69,-1.01,1.58,5,hawkish,high,1,2026-06-09,-3.0334,0,0,3.8134,2026-06-15
2026-06-09,nfp-may-2026-overheating,2026-06-09/news_04.md,GC=F,5,0.45,0.64,0.21,0.66,5,hawkish,high,1,2026-06-09,-0.7252,0,0,1.1752,2026-06-22
2026-06-09,nfp-may-2026-overheating,2026-06-09/news_04.md,GC=F,10,-0.38,0.99,-1.11,2.57,5,hawkish,high,1,2026-06-09,-5.3461,0,1,4.9661,2026-06-29
2026-06-09,nfp-may-2026-overheating,2026-06-09/news_04.md,^GSPC,1,-0.61,-0.23,-0.61,-0.37,5,hawkish,high,1,2026-06-09,-1.6199,0,1,1.0099,2026-06-15
2026-06-09,nfp-may-2026-overheating,2026-06-09/news_04.md,^GSPC,3,0.71,0.78,-0.1,1.84,5,hawkish,high,1,2026-06-09,0.6066,1,1,0.1034,2026-06-15
2026-06-09,nfp-may-2026-overheating,2026-06-09/news_04.md,^GSPC,5,-0.64,-0.12,-1.11,1.11,5,hawkish,high,1,2026-06-09,1.6882,0,0,2.3282,2026-06-22
2026-06-09,nfp-may-2026-overheating,2026-06-09/news_04.md,^GSPC,10,-1.39,-0.43,-2.62,1.98,5,hawkish,high,1,2026-06-09,-0.3849,1,1,1.0051,2026-06-29
2026-06-09,nfp-may-2026-overheating,2026-06-09/news_04.md,^TNX,1,1.13,0.69,-0.73,1.16,5,hawkish,high,1,2026-06-09,0.3092,1,1,0.8208,2026-06-15
2026-06-09,nfp-may-2026-overheating,2026-06-09/news_04.md,^TNX,3,2.16,1.63,-0.05,2.89,5,hawkish,high,1,2026-06-09,-0.9055,0,0,3.0655,2026-06-15
2026-06-09,nfp-may-2026-overheating,2026-06-09/news_04.md,^TNX,5,2.31,2.66,1.3,5.97,5,hawkish,high,1,2026-06-09,-2.2085,0,0,4.5185,2026-06-22
2026-06-09,nfp-may-2026-overheating,2026-06-09/news_04.md,^TNX,10,2.31,4.21,1.29,8.38,5,hawkish,high,1,2026-06-09,-2.7827,0,0,5.0927,2026-06-29
2026-06-09,peru-election-copper-lithium,2026-06-09/news_02.md,DX-Y.NYB,1,-0.14,-0.11,-0.25,0.0,4,risk-off,low,1,2026-06-09,-0.0040,1,1,0.1360,2026-06-15
2026-06-09,peru-election-copper-lithium,2026-06-09/news_02.md,DX-Y.NYB,3,-0.05,0.07,-0.4,0.42,4,risk-off,low,0,2026-06-09,-0.0781,1,,0.0281,2026-06-15
2026-06-09,peru-election-copper-lithium,2026-06-09/news_02.md,DX-Y.NYB,5,-0.37,-0.34,-0.92,0.21,4,risk-off,low,1,2026-06-09,-0.1001,1,1,0.2699,2026-06-22
2026-06-09,peru-election-copper-lithium,2026-06-09/news_02.md,DX-Y.NYB,10,1.11,0.1,-1.01,2.23,4,risk-off,low,1,2026-06-09,1.1984,1,1,0.0884,2026-06-29
2026-06-09,peru-election-copper-lithium,2026-06-09/news_02.md,EEM,1,-0.21,-0.09,-0.81,0.51,4,risk-off,low,1,2026-06-09,-1.7624,0,1,1.5524,2026-06-15
2026-06-09,peru-election-copper-lithium,2026-06-09/news_02.md,EEM,3,1.02,0.91,0.64,1.29,4,risk-off,low,1,2026-06-09,3.1297,0,1,2.1097,2026-06-15
2026-06-09,peru-election-copper-lithium,2026-06-09/news_02.md,EEM,5,1.56,2.25,0.25,3.56,4,risk-off,low,1,2026-06-09,4.2844,0,1,2.7244,2026-06-22
2026-06-09,peru-election-copper-lithium,2026-06-09/news_02.md,EEM,10,0.29,2.25,-1.99,4.54,4,risk-off,low,1,2026-06-09,2.1726,1,1,1.8826,2026-06-29
2026-06-09,peru-election-copper-lithium,2026-06-09/news_02.md,HG=F,1,-0.13,0.07,-1.22,1.17,4,risk-off,low,1,2026-06-09,-1.1473,1,1,1.0173,2026-06-15
2026-06-09,peru-election-copper-lithium,2026-06-09/news_02.md,HG=F,3,-2.52,-2.69,-4.78,-0.43,4,risk-off,low,1,2026-06-09,1.2967,0,0,3.8167,2026-06-15
2026-06-09,peru-election-copper-lithium,2026-06-09/news_02.md,HG=F,5,-1.79,-0.91,-4.24,1.53,4,risk-off,low,1,2026-06-09,1.5088,1,0,3.2988,2026-06-22
2026-06-09,peru-election-copper-lithium,2026-06-09/news_02.md,HG=F,10,-7.11,-4.18,-9.61,-1.68,4,risk-off,low,1,2026-06-09,-1.7289,1,1,5.3811,2026-06-29
2026-06-09,peru-election-copper-lithium,2026-06-09/news_02.md,LIT,1,-0.18,0.08,-0.83,0.73,4,risk-off,low,1,2026-06-09,-2.6333,0,1,2.4533,2026-06-15
2026-06-09,peru-election-copper-lithium,2026-06-09/news_02.md,LIT,3,1.32,1.44,1.01,1.75,4,risk-off,low,1,2026-06-09,4.7831,0,1,3.4631,2026-06-15
2026-06-09,peru-election-copper-lithium,2026-06-09/news_02.md,LIT,5,2.52,3.28,2.06,3.73,4,risk-off,low,1,2026-06-09,6.3478,0,1,3.8278,2026-06-22
2026-06-09,peru-election-copper-lithium,2026-06-09/news_02.md,LIT,10,0.9,2.02,-0.57,3.49,4,risk-off,low,1,2026-06-09,0.3816,1,1,0.5184,2026-06-29
2026-06-09,spacex-ipo-pricing,2026-06-09/news_06.md,^GSPC,1,0.06,0.32,-0.13,0.86,5,bullish,medium,0,2026-06-09,-1.6199,0,,1.6799,2026-06-15
2026-06-09,spacex-ipo-pricing,2026-06-09/news_06.md,^GSPC,3,0.78,0.86,0.72,1.59,5,bullish,medium,1,2026-06-09,0.6066,0,1,0.1734,2026-06-15
2026-06-09,spacex-ipo-pricing,2026-06-09/news_06.md,^GSPC,5,1.48,0.87,0.9,1.58,5,bullish,medium,1,2026-06-09,1.6882,0,1,0.2082,2026-06-22
2026-06-09,spacex-ipo-pricing,2026-06-09/news_06.md,^GSPC,10,0.95,0.37,-1.32,1.18,5,bullish,medium,1,2026-06-09,-0.3849,1,0,1.3349,2026-06-29
2026-06-09,spacex-ipo-pricing,2026-06-09/news_06.md,^NDX,1,0.29,0.52,-0.21,0.76,5,bullish,medium,1,2026-06-09,-1.9821,0,0,2.2721,2026-06-15
2026-06-09,spacex-ipo-pricing,2026-06-09/news_06.md,^NDX,3,1.57,1.49,1.27,2.0,5,bullish,medium,1,2026-06-09,1.8960,1,1,0.3260,2026-06-15
2026-06-09,spacex-ipo-pricing,2026-06-09/news_06.md,^NDX,5,2.02,1.56,1.96,2.12,5,bullish,medium,1,2026-06-09,3.0382,0,1,1.0182,2026-06-22
2026-06-09,spacex-ipo-pricing,2026-06-09/news_06.md,^NDX,10,2.39,1.51,-0.02,2.49,5,bullish,medium,1,2026-06-09,0.4661,1,1,1.9239,2026-06-29
2026-06-10,secure-america-act-fiscal-expansion,2026-06-10/news_02.md,DX-Y.NYB,1,0.2,0.29,0.08,0.47,6,bearish,medium,1,2026-06-10,0.0681,0,1,0.1319,2026-06-15
2026-06-10,secure-america-act-fiscal-expansion,2026-06-10/news_02.md,DX-Y.NYB,3,0.31,0.35,-0.44,1.11,6,bearish,medium,1,2026-06-10,-0.4625,0,0,0.7725,2026-06-15
2026-06-10,secure-america-act-fiscal-expansion,2026-06-10/news_02.md,DX-Y.NYB,5,0.81,0.65,-0.15,1.78,6,bearish,medium,1,2026-06-10,-0.3855,0,0,1.1955,2026-06-22
2026-06-10,secure-america-act-fiscal-expansion,2026-06-10/news_02.md,DX-Y.NYB,10,0.8,0.51,-0.51,1.45,6,bearish,medium,1,2026-06-10,1.5889,0,1,0.7889,2026-06-29
2026-06-10,secure-america-act-fiscal-expansion,2026-06-10/news_02.md,GC=F,1,-0.14,-0.1,-0.54,0.26,6,bearish,medium,1,2026-06-10,-2.5082,0,1,2.3682,2026-06-15
2026-06-10,secure-america-act-fiscal-expansion,2026-06-10/news_02.md,GC=F,3,0.01,-0.38,-1.15,0.43,6,bearish,medium,0,2026-06-10,2.5697,0,,2.5597,2026-06-15
2026-06-10,secure-america-act-fiscal-expansion,2026-06-10/news_02.md,GC=F,5,0.22,-0.11,-1.15,0.6,6,bearish,medium,1,2026-06-10,2.9648,0,1,2.7448,2026-06-22
2026-06-10,secure-america-act-fiscal-expansion,2026-06-10/news_02.md,GC=F,10,-0.5,0.25,-2.4,2.17,6,bearish,medium,1,2026-06-10,-3.1778,0,1,2.6778,2026-06-29
2026-06-10,secure-america-act-fiscal-expansion,2026-06-10/news_02.md,^GSPC,1,0.17,0.54,-0.05,0.35,6,bearish,medium,1,2026-06-10,1.7519,0,1,1.5819,2026-06-15
2026-06-10,secure-america-act-fiscal-expansion,2026-06-10/news_02.md,^GSPC,3,0.31,-0.48,-1.3,0.47,6,bearish,medium,1,2026-06-10,3.9535,0,1,3.6435,2026-06-22
2026-06-10,secure-america-act-fiscal-expansion,2026-06-10/news_02.md,^GSPC,5,-0.3,-0.8,-1.71,0.35,6,bearish,medium,1,2026-06-10,2.1069,0,0,2.4069,2026-06-22
2026-06-10,secure-america-act-fiscal-expansion,2026-06-10/news_02.md,^GSPC,10,0.89,0.54,-2.04,2.65,6,bearish,medium,1,2026-06-10,1.2454,1,1,0.3554,2026-06-29
2026-06-10,secure-america-act-fiscal-expansion,2026-06-10/news_02.md,^TNX,1,0.42,-0.15,-0.5,2.0,6,bearish,medium,1,2026-06-10,-1.7393,0,0,2.1593,2026-06-15
2026-06-10,secure-america-act-fiscal-expansion,2026-06-10/news_02.md,^TNX,3,-0.76,-1.15,-2.12,4.52,6,bearish,medium,1,2026-06-10,-1.6072,1,1,0.8472,2026-06-22
2026-06-10,secure-america-act-fiscal-expansion,2026-06-10/news_02.md,^TNX,5,1.04,0.18,-0.57,6.6,6,bearish,medium,1,2026-06-10,-1.7393,0,0,2.7793,2026-06-22
2026-06-10,secure-america-act-fiscal-expansion,2026-06-10/news_02.md,^TNX,10,1.71,1.36,0.24,4.89,6,bearish,medium,1,2026-06-10,-3.3025,0,0,5.0125,2026-06-29
2026-06-10,us-cpi-may-2026-release,2026-06-10/news_01.md,DX-Y.NYB,1,0.67,0.52,0.2,0.87,7,hawkish,medium,1,2026-06-10,0.0681,0,1,0.6019,2026-06-15
2026-06-10,us-cpi-may-2026-release,2026-06-10/news_01.md,DX-Y.NYB,3,-0.05,0.14,-0.17,0.47,7,hawkish,medium,0,2026-06-10,-0.4625,0,,0.4125,2026-06-15
2026-06-10,us-cpi-may-2026-release,2026-06-10/news_01.md,DX-Y.NYB,5,0.36,0.18,-0.3,0.5,7,hawkish,medium,1,2026-06-10,-0.3855,0,0,0.7455,2026-06-22
2026-06-10,us-cpi-may-2026-release,2026-06-10/news_01.md,DX-Y.NYB,10,-0.23,-0.0,-1.49,0.5,7,hawkish,medium,1,2026-06-10,1.5889,0,0,1.8189,2026-06-29
2026-06-10,us-cpi-may-2026-release,2026-06-10/news_01.md,GC=F,1,-1.55,-1.24,-1.7,-0.78,7,hawkish,medium,1,2026-06-10,-2.5082,0,1,0.9582,2026-06-15
2026-06-10,us-cpi-may-2026-release,2026-06-10/news_01.md,GC=F,3,-1.61,-1.73,-2.03,-1.35,7,hawkish,medium,1,2026-06-10,2.5697,0,0,4.1797,2026-06-15
2026-06-10,us-cpi-may-2026-release,2026-06-10/news_01.md,GC=F,5,-1.98,-1.8,-2.17,-1.55,7,hawkish,medium,1,2026-06-10,2.9648,0,0,4.9448,2026-06-22
2026-06-10,us-cpi-may-2026-release,2026-06-10/news_01.md,GC=F,10,-0.87,-1.39,-1.79,-0.45,7,hawkish,medium,1,2026-06-10,-3.1778,0,1,2.3078,2026-06-29
2026-06-10,us-cpi-may-2026-release,2026-06-10/news_01.md,^GSPC,1,-0.13,-0.62,-1.33,0.31,7,hawkish,medium,1,2026-06-10,1.7519,0,0,1.8819,2026-06-15
2026-06-10,us-cpi-may-2026-release,2026-06-10/news_01.md,^GSPC,3,0.76,0.15,-1.44,1.61,7,hawkish,medium,1,2026-06-10,3.9535,0,1,3.1935,2026-06-22
2026-06-10,us-cpi-may-2026-release,2026-06-10/news_01.md,^GSPC,5,-0.29,-0.51,-2.73,1.92,7,hawkish,medium,1,2026-06-10,2.1069,0,0,2.3969,2026-06-22
2026-06-10,us-cpi-may-2026-release,2026-06-10/news_01.md,^GSPC,10,1.11,0.46,-2.24,4.02,7,hawkish,medium,1,2026-06-10,1.2454,1,1,0.1354,2026-06-29
2026-06-10,us-cpi-may-2026-release,2026-06-10/news_01.md,^NDX,1,0.34,-0.58,-1.64,0.8,7,hawkish,medium,1,2026-06-10,3.2908,0,1,2.9508,2026-06-15
2026-06-10,us-cpi-may-2026-release,2026-06-10/news_01.md,^NDX,3,1.03,0.41,-1.64,1.79,7,hawkish,medium,1,2026-06-10,7.1415,0,1,6.1115,2026-06-22
2026-06-10,us-cpi-may-2026-release,2026-06-10/news_01.md,^NDX,5,-0.33,-0.07,-2.84,2.14,7,hawkish,medium,1,2026-06-10,4.0793,0,0,4.4093,2026-06-22
2026-06-10,us-cpi-may-2026-release,2026-06-10/news_01.md,^NDX,10,1.43,0.6,-2.69,3.53,7,hawkish,medium,1,2026-06-10,3.2703,1,1,1.8403,2026-06-29
2026-06-10,us-cpi-may-2026-release,2026-06-10/news_01.md,^TNX,1,1.28,0.79,-1.11,1.7,7,hawkish,medium,1,2026-06-10,-1.7393,0,0,3.0193,2026-06-15
2026-06-10,us-cpi-may-2026-release,2026-06-10/news_01.md,^TNX,3,1.78,1.99,0.96,2.09,7,hawkish,medium,1,2026-06-10,-1.6072,0,0,3.3872,2026-06-22
2026-06-10,us-cpi-may-2026-release,2026-06-10/news_01.md,^TNX,5,4.35,3.88,3.47,5.08,7,hawkish,medium,1,2026-06-10,-1.7393,0,0,6.0893,2026-06-22
2026-06-10,us-cpi-may-2026-release,2026-06-10/news_01.md,^TNX,10,-0.38,1.4,-3.57,3.7,7,hawkish,medium,1,2026-06-10,-3.3025,1,1,2.9225,2026-06-29
2026-06-10,us-cpi-may-2026-release,2026-06-10/news_01.md,^VIX,1,-2.43,0.23,-3.83,-0.66,7,hawkish,medium,1,2026-06-10,-12.5112,0,1,10.0812,2026-06-15
2026-06-10,us-cpi-may-2026-release,2026-06-10/news_01.md,^VIX,3,-4.51,-4.18,-9.08,1.16,7,hawkish,medium,1,2026-06-10,-27.0927,0,1,22.5827,2026-06-22
2026-06-10,us-cpi-may-2026-release,2026-06-10/news_01.md,^VIX,5,-4.91,-1.32,-8.55,5.89,7,hawkish,medium,1,2026-06-10,-17.0117,0,1,12.1017,2026-06-22
2026-06-10,us-cpi-may-2026-release,2026-06-10/news_01.md,^VIX,10,-8.91,-3.41,-13.11,2.97,7,hawkish,medium,1,2026-06-10,-16.1566,0,1,7.2466,2026-06-29
2026-06-12,ai-chip-memory-rebound,2026-06-12/news_04.md,SOXX,1,0.73,1.18,,,5,risk-on,medium,1,2026-06-12,5.4004,,1,4.6704,2026-06-22
2026-06-12,ai-chip-memory-rebound,2026-06-12/news_04.md,SOXX,3,2.09,2.48,,,5,risk-on,medium,1,2026-06-12,0.5836,,1,1.5064,2026-06-22
2026-06-12,ai-chip-memory-rebound,2026-06-12/news_04.md,SOXX,5,1.34,2.16,,,5,risk-on,medium,1,2026-06-12,9.8549,,1,8.5149,2026-06-29
2026-06-12,ai-chip-memory-rebound,2026-06-12/news_04.md,SOXX,10,2.72,4.0,,,5,risk-on,medium,1,2026-06-12,3.0356,,1,0.3156,2026-07-06
2026-06-12,ai-chip-memory-rebound,2026-06-12/news_04.md,^GSPC,1,0.53,0.59,,,5,risk-on,medium,1,2026-06-12,1.6528,,1,1.1228,2026-06-22
2026-06-12,ai-chip-memory-rebound,2026-06-12/news_04.md,^GSPC,3,0.89,0.86,,,5,risk-on,medium,1,2026-06-12,-0.1529,,0,1.0429,2026-06-22
2026-06-12,ai-chip-memory-rebound,2026-06-12/news_04.md,^GSPC,5,0.37,0.89,,,5,risk-on,medium,1,2026-06-12,0.5562,,1,0.1862,2026-06-29
2026-06-12,ai-chip-memory-rebound,2026-06-12/news_04.md,^GSPC,10,1.76,2.63,,,5,risk-on,medium,1,2026-06-12,0.1207,,1,1.6393,2026-07-06
2026-06-12,ai-chip-memory-rebound,2026-06-12/news_04.md,^NDX,1,0.45,0.65,,,5,risk-on,medium,1,2026-06-12,3.0637,,1,2.6137,2026-06-22
2026-06-12,ai-chip-memory-rebound,2026-06-12/news_04.md,^NDX,3,1.07,1.24,,,5,risk-on,medium,1,2026-06-12,0.1181,,1,0.9519,2026-06-22
2026-06-12,ai-chip-memory-rebound,2026-06-12/news_04.md,^NDX,5,0.77,1.31,,,5,risk-on,medium,1,2026-06-12,2.3996,,1,1.6296,2026-06-29
2026-06-12,ai-chip-memory-rebound,2026-06-12/news_04.md,^NDX,10,1.44,3.08,,,5,risk-on,medium,1,2026-06-12,0.4684,,1,0.9716,2026-07-06
2026-06-12,ecb-first-hike-since-2023,2026-06-12/news_05.md,BTP_BUND_SPREAD,1,2.93,3.09,,,4,hawkish,high,1,2026-06-12,-0.9397,,0,3.8697,2026-07-13
2026-06-12,ecb-first-hike-since-2023,2026-06-12/news_05.md,BTP_BUND_SPREAD,3,2.3,6.58,,,4,hawkish,high,1,2026-06-12,-3.8540,,0,6.1540,2026-07-13
2026-06-12,ecb-first-hike-since-2023,2026-06-12/news_05.md,BTP_BUND_SPREAD,5,2.51,8.39,,,4,hawkish,high,1,2026-06-12,-2.8054,,0,5.3154,2026-07-13
2026-06-12,ecb-first-hike-since-2023,2026-06-12/news_05.md,BTP_BUND_SPREAD,10,4.82,3.51,,,4,hawkish,high,1,2026-06-12,0.4494,,1,4.3706,2026-07-13
2026-06-12,ecb-first-hike-since-2023,2026-06-12/news_05.md,EURUSD=X,1,0.2,0.13,,,4,hawkish,high,1,2026-06-12,0.4067,,1,0.2067,2026-06-15
2026-06-12,ecb-first-hike-since-2023,2026-06-12/news_05.md,EURUSD=X,3,0.57,0.11,,,4,hawkish,high,1,2026-06-12,0.3717,,1,0.1983,2026-06-22
2026-06-12,ecb-first-hike-since-2023,2026-06-12/news_05.md,EURUSD=X,5,0.07,0.05,,,4,hawkish,high,0,2026-06-12,-0.8946,,,0.9646,2026-06-22
2026-06-12,ecb-first-hike-since-2023,2026-06-12/news_05.md,EURUSD=X,10,-0.34,-0.27,,,4,hawkish,high,1,2026-06-12,-1.5832,,1,1.2432,2026-06-29
2026-06-12,ecb-first-hike-since-2023,2026-06-12/news_05.md,FTSEMIB.MI,1,0.36,-0.21,,,4,hawkish,high,1,2026-06-12,0.6578,,1,0.2978,2026-06-22
2026-06-12,ecb-first-hike-since-2023,2026-06-12/news_05.md,FTSEMIB.MI,3,-0.59,-1.13,,,4,hawkish,high,1,2026-06-12,2.1317,,0,2.7217,2026-06-22
2026-06-12,ecb-first-hike-since-2023,2026-06-12/news_05.md,FTSEMIB.MI,5,0.67,-0.19,,,4,hawkish,high,1,2026-06-12,2.6248,,1,1.9548,2026-06-22
2026-06-12,ecb-first-hike-since-2023,2026-06-12/news_05.md,FTSEMIB.MI,10,-0.34,1.05,,,4,hawkish,high,1,2026-06-12,-0.4502,,1,0.1102,2026-06-29
2026-06-12,ecb-first-hike-since-2023,2026-06-12/news_05.md,^STOXX50E,1,0.35,0.11,,,4,hawkish,high,1,2026-06-12,0.6755,,1,0.3255,2026-06-22
2026-06-12,ecb-first-hike-since-2023,2026-06-12/news_05.md,^STOXX50E,3,-0.82,-1.21,,,4,hawkish,high,1,2026-06-12,1.8172,,0,2.6372,2026-06-22
2026-06-12,ecb-first-hike-since-2023,2026-06-12/news_05.md,^STOXX50E,5,-0.36,-1.66,,,4,hawkish,high,1,2026-06-12,1.7050,,0,2.0650,2026-06-22
2026-06-12,ecb-first-hike-since-2023,2026-06-12/news_05.md,^STOXX50E,10,-1.68,-1.81,,,4,hawkish,high,1,2026-06-12,0.5482,,0,2.2282,2026-06-29
2026-06-12,iran-de-escalation,2026-06-12/news_01.md,BZ=F,1,0.35,0.81,-0.86,2.01,4,risk-on,medium,1,2026-06-12,-4.3971,0,0,4.7471,2026-06-15
2026-06-12,iran-de-escalation,2026-06-12/news_01.md,BZ=F,3,-0.48,1.69,-2.68,3.89,4,risk-on,medium,1,2026-06-12,-10.0424,0,1,9.5624,2026-06-22
2026-06-12,iran-de-escalation,2026-06-12/news_01.md,BZ=F,5,-1.12,2.57,-2.65,4.1,4,risk-on,medium,1,2026-06-12,-7.7179,0,1,6.5979,2026-06-22
2026-06-12,iran-de-escalation,2026-06-12/news_01.md,BZ=F,10,1.07,4.15,-3.06,8.28,4,risk-on,medium,1,2026-06-12,-16.8671,0,0,17.9371,2026-06-29
2026-06-12,iran-de-escalation,2026-06-12/news_01.md,GC=F,1,-0.04,-0.0,,,4,risk-on,medium,0,2026-06-12,2.2648,,,2.3048,2026-06-15
2026-06-12,iran-de-escalation,2026-06-12/news_01.md,GC=F,3,-0.95,-0.41,,,4,risk-on,medium,1,2026-06-12,2.6588,,0,3.6088,2026-06-22
2026-06-12,iran-de-escalation,2026-06-12/news_01.md,GC=F,5,0.12,-0.09,,,4,risk-on,medium,1,2026-06-12,-1.5547,,0,1.6747,2026-06-22
2026-06-12,iran-de-escalation,2026-06-12/news_01.md,GC=F,10,0.07,-0.69,,,4,risk-on,medium,0,2026-06-12,-3.3618,,,3.4318,2026-06-29
2026-06-12,iran-de-escalation,2026-06-12/news_01.md,^GSPC,1,-0.12,-0.2,,,4,risk-on,medium,1,2026-06-12,1.6528,,0,1.7728,2026-06-22
2026-06-12,iran-de-escalation,2026-06-12/news_01.md,^GSPC,3,0.62,0.09,,,4,risk-on,medium,1,2026-06-12,-0.1529,,0,0.7729,2026-06-22
2026-06-12,iran-de-escalation,2026-06-12/news_01.md,^GSPC,5,0.83,0.53,,,4,risk-on,medium,1,2026-06-12,0.5562,,1,0.2738,2026-06-29
2026-06-12,iran-de-escalation,2026-06-12/news_01.md,^GSPC,10,1.84,1.54,,,4,risk-on,medium,1,2026-06-12,0.1207,,1,1.7193,2026-07-06
2026-06-12,iran-de-escalation,2026-06-12/news_01.md,^TNX,1,-0.43,-0.65,,,4,risk-on,medium,1,2026-06-12,-0.4012,,1,0.0288,2026-06-22
2026-06-12,iran-de-escalation,2026-06-12/news_01.md,^TNX,3,-0.81,-2.2,,,4,risk-on,medium,1,2026-06-12,-0.5349,,1,0.2751,2026-06-22
2026-06-12,iran-de-escalation,2026-06-12/news_01.md,^TNX,5,-2.78,-2.84,,,4,risk-on,medium,1,2026-06-12,0.4903,,0,3.2703,2026-06-29
2026-06-12,iran-de-escalation,2026-06-12/news_01.md,^TNX,10,2.13,0.14,,,4,risk-on,medium,1,2026-06-12,-2.5184,,0,4.6484,2026-07-06
2026-06-12,spacex-ipo-debut,2026-06-12/news_03.md,SOXX,1,-0.05,-0.35,,,5,bullish,low,0,2026-06-12,5.4004,,,5.4504,2026-06-22
2026-06-12,spacex-ipo-debut,2026-06-12/news_03.md,SOXX,3,-1.46,-0.62,,,5,bullish,low,1,2026-06-12,0.5836,,0,2.0436,2026-06-22
2026-06-12,spacex-ipo-debut,2026-06-12/news_03.md,SOXX,5,-0.96,-1.56,,,5,bullish,low,1,2026-06-12,9.8549,,0,10.8149,2026-06-29
2026-06-12,spacex-ipo-debut,2026-06-12/news_03.md,SOXX,10,-3.13,-3.47,,,5,bullish,low,1,2026-06-12,3.0356,,0,6.1656,2026-07-06
2026-06-12,spacex-ipo-debut,2026-06-12/news_03.md,^GSPC,1,-0.8,-0.27,,,5,bullish,low,1,2026-06-12,1.6528,,0,2.4528,2026-06-22
2026-06-12,spacex-ipo-debut,2026-06-12/news_03.md,^GSPC,3,-0.6,-0.4,,,5,bullish,low,1,2026-06-12,-0.1529,,1,0.4471,2026-06-22
2026-06-12,spacex-ipo-debut,2026-06-12/news_03.md,^GSPC,5,-0.76,-0.72,,,5,bullish,low,1,2026-06-12,0.5562,,0,1.3162,2026-06-29
2026-06-12,spacex-ipo-debut,2026-06-12/news_03.md,^GSPC,10,-1.32,-0.92,,,5,bullish,low,1,2026-06-12,0.1207,,0,1.4407,2026-07-06
2026-06-12,spacex-ipo-debut,2026-06-12/news_03.md,^NDX,1,-0.95,-0.32,,,5,bullish,low,1,2026-06-12,3.0637,,0,4.0137,2026-06-22
2026-06-12,spacex-ipo-debut,2026-06-12/news_03.md,^NDX,3,-0.14,-0.02,,,5,bullish,low,1,2026-06-12,0.1181,,0,0.2581,2026-06-22
2026-06-12,spacex-ipo-debut,2026-06-12/news_03.md,^NDX,5,-1.09,-0.6,,,5,bullish,low,1,2026-06-12,2.3996,,0,3.4896,2026-06-29
2026-06-12,spacex-ipo-debut,2026-06-12/news_03.md,^NDX,10,-0.02,-0.67,,,5,bullish,low,0,2026-06-12,0.4684,,,0.4884,2026-07-06
2026-06-12,us-ppi-hot-cool-core,2026-06-12/news_02.md,EURUSD=X,1,-1.08,-0.65,,,5,neutral,medium,1,2026-06-12,0.4067,,0,1.4867,2026-06-15
2026-06-12,us-ppi-hot-cool-core,2026-06-12/news_02.md,EURUSD=X,3,-1.39,-0.84,,,5,neutral,medium,1,2026-06-12,0.3717,,0,1.7617,2026-06-22
2026-06-12,us-ppi-hot-cool-core,2026-06-12/news_02.md,EURUSD=X,5,-0.68,-0.74,,,5,neutral,medium,1,2026-06-12,-0.8946,,1,0.2146,2026-06-22
2026-06-12,us-ppi-hot-cool-core,2026-06-12/news_02.md,EURUSD=X,10,-1.11,-0.9,,,5,neutral,medium,1,2026-06-12,-1.5832,,1,0.4732,2026-06-29
2026-06-12,us-ppi-hot-cool-core,2026-06-12/news_02.md,GC=F,1,-1.07,-0.9,,,5,neutral,medium,1,2026-06-12,2.2648,,0,3.3348,2026-06-15
2026-06-12,us-ppi-hot-cool-core,2026-06-12/news_02.md,GC=F,3,-1.26,-1.08,,,5,neutral,medium,1,2026-06-12,2.6588,,0,3.9188,2026-06-22
2026-06-12,us-ppi-hot-cool-core,2026-06-12/news_02.md,GC=F,5,-1.92,-1.26,,,5,neutral,medium,1,2026-06-12,-1.5547,,1,0.3653,2026-06-22
2026-06-12,us-ppi-hot-cool-core,2026-06-12/news_02.md,GC=F,10,-0.88,-1.79,,,5,neutral,medium,1,2026-06-12,-3.3618,,1,2.4818,2026-06-29
2026-06-12,us-ppi-hot-cool-core,2026-06-12/news_02.md,^GSPC,1,0.28,-0.98,,,5,neutral,medium,1,2026-06-12,1.6528,,1,1.3728,2026-06-22
2026-06-12,us-ppi-hot-cool-core,2026-06-12/news_02.md,^GSPC,3,-1.51,-1.26,,,5,neutral,medium,1,2026-06-12,-0.1529,,1,1.3571,2026-06-22
2026-06-12,us-ppi-hot-cool-core,2026-06-12/news_02.md,^GSPC,5,-2.68,-2.81,,,5,neutral,medium,1,2026-06-12,0.5562,,0,3.2362,2026-06-29
2026-06-12,us-ppi-hot-cool-core,2026-06-12/news_02.md,^GSPC,10,-1.72,-1.94,,,5,neutral,medium,1,2026-06-12,0.1207,,0,1.8407,2026-07-06
2026-06-12,us-ppi-hot-cool-core,2026-06-12/news_02.md,^TNX,1,1.28,1.89,,,5,neutral,medium,1,2026-06-12,-0.4012,,0,1.6812,2026-06-22
2026-06-12,us-ppi-hot-cool-core,2026-06-12/news_02.md,^TNX,3,1.49,2.55,,,5,neutral,medium,1,2026-06-12,-0.5349,,0,2.0249,2026-06-22
2026-06-12,us-ppi-hot-cool-core,2026-06-12/news_02.md,^TNX,5,4.31,3.75,,,5,neutral,medium,1,2026-06-12,0.4903,,1,3.8197,2026-06-29
2026-06-12,us-ppi-hot-cool-core,2026-06-12/news_02.md,^TNX,10,2.02,4.98,,,5,neutral,medium,1,2026-06-12,-2.5184,,0,4.5384,2026-07-06
2026-06-14,boj-hike-1pct-31y-high,2026-06-14/news_03.md,GC=F,1,0.07,-0.34,,,3,hawkish_jpy_supportive,medium,0,2026-06-15,0.1130,,,0.0430,2026-06-22
2026-06-14,boj-hike-1pct-31y-high,2026-06-14/news_03.md,GC=F,3,-0.3,-0.41,,,3,hawkish_jpy_supportive,medium,1,2026-06-15,-0.2768,,1,0.0232,2026-06-22
2026-06-14,boj-hike-1pct-31y-high,2026-06-14/news_03.md,GC=F,5,0.9,0.23,,,3,hawkish_jpy_supportive,medium,1,2026-06-15,-2.8675,,0,3.7675,2026-06-22
2026-06-14,boj-hike-1pct-31y-high,2026-06-14/news_03.md,GC=F,10,3.24,3.39,,,3,hawkish_jpy_supportive,medium,1,2026-06-15,-6.2448,,0,9.4848,2026-06-29
2026-06-14,boj-hike-1pct-31y-high,2026-06-14/news_03.md,JPY=X,1,-0.26,-0.3,,,3,hawkish_jpy_supportive,medium,1,2026-06-14,-0.0874,,1,0.1726,2026-06-15
2026-06-14,boj-hike-1pct-31y-high,2026-06-14/news_03.md,JPY=X,3,-0.38,-1.12,,,3,hawkish_jpy_supportive,medium,1,2026-06-14,0.0824,,0,0.4624,2026-06-22
2026-06-14,boj-hike-1pct-31y-high,2026-06-14/news_03.md,JPY=X,5,-1.32,-1.67,,,3,hawkish_jpy_supportive,medium,1,2026-06-14,0.7210,,0,2.0410,2026-06-22
2026-06-14,boj-hike-1pct-31y-high,2026-06-14/news_03.md,JPY=X,10,-3.18,-1.76,,,3,hawkish_jpy_supportive,medium,1,2026-06-14,1.0013,,0,4.1813,2026-06-29
2026-06-14,boj-hike-1pct-31y-high,2026-06-14/news_03.md,^GSPC,1,-1.37,-0.65,,,3,hawkish_jpy_supportive,medium,1,2026-06-15,-0.5684,,1,0.8016,2026-06-22
2026-06-14,boj-hike-1pct-31y-high,2026-06-14/news_03.md,^GSPC,3,-1.02,-2.01,,,3,hawkish_jpy_supportive,medium,1,2026-06-15,-0.7110,,1,0.3090,2026-06-22
2026-06-14,boj-hike-1pct-31y-high,2026-06-14/news_03.md,^GSPC,5,-1.0,-2.12,,,3,hawkish_jpy_supportive,medium,1,2026-06-15,-2.4996,,1,1.4996,2026-06-29
2026-06-14,boj-hike-1pct-31y-high,2026-06-14/news_03.md,^GSPC,10,-1.21,-0.6,,,3,hawkish_jpy_supportive,medium,1,2026-06-15,-0.7271,,1,0.4829,2026-07-06
2026-06-14,boj-hike-1pct-31y-high,2026-06-14/news_03.md,^N225,1,-0.92,-0.46,,,3,hawkish_jpy_supportive,medium,1,2026-06-15,0.3970,,0,1.3170,2026-06-22
2026-06-14,boj-hike-1pct-31y-high,2026-06-14/news_03.md,^N225,3,-1.3,-6.61,,,3,hawkish_jpy_supportive,medium,1,2026-06-15,3.1201,,0,4.4201,2026-06-22
2026-06-14,boj-hike-1pct-31y-high,2026-06-14/news_03.md,^N225,5,-0.9,-3.09,,,3,hawkish_jpy_supportive,medium,1,2026-06-15,4.6822,,0,5.5822,2026-06-22
2026-06-14,boj-hike-1pct-31y-high,2026-06-14/news_03.md,^N225,10,-2.87,-3.44,,,3,hawkish_jpy_supportive,medium,1,2026-06-15,-0.0141,,1,2.8559,2026-06-29
2026-06-14,boj-hike-1pct-31y-high,2026-06-14/news_03.md,^TNX,1,-2.12,-1.97,,,3,hawkish_jpy_supportive,medium,1,2026-06-15,-0.9174,,1,1.2026,2026-06-22
2026-06-14,boj-hike-1pct-31y-high,2026-06-14/news_03.md,^TNX,3,-1.84,-3.75,,,3,hawkish_jpy_supportive,medium,1,2026-06-15,-0.4028,,1,1.4372,2026-06-22
2026-06-14,boj-hike-1pct-31y-high,2026-06-14/news_03.md,^TNX,5,-1.47,-2.04,,,3,hawkish_jpy_supportive,medium,1,2026-06-15,0.5370,,0,2.0070,2026-06-29
2026-06-14,boj-hike-1pct-31y-high,2026-06-14/news_03.md,^TNX,10,-3.0,-2.9,,,3,hawkish_jpy_supportive,medium,1,2026-06-15,-1.1412,,1,1.8588,2026-07-06
2026-06-14,fed-warsh-debut-fomc,2026-06-14/news_02.md,EURUSD=X,1,-0.09,-0.19,,,4,hawkish_risk,medium,0,2026-06-15,-0.3474,,,0.2574,2026-06-22
2026-06-14,fed-warsh-debut-fomc,2026-06-14/news_02.md,EURUSD=X,3,0.12,0.05,,,4,hawkish_risk,medium,1,2026-06-15,-0.9096,,0,1.0296,2026-06-22
2026-06-14,fed-warsh-debut-fomc,2026-06-14/news_02.md,EURUSD=X,5,0.12,0.16,,,4,hawkish_risk,medium,1,2026-06-15,-1.3865,,0,1.5065,2026-06-22
2026-06-14,fed-warsh-debut-fomc,2026-06-14/news_02.md,EURUSD=X,10,-0.38,-0.17,,,4,hawkish_risk,medium,1,2026-06-15,-1.9147,,1,1.5347,2026-06-29
2026-06-14,fed-warsh-debut-fomc,2026-06-14/news_02.md,GC=F,1,-0.18,0.02,,,4,hawkish_risk,medium,1,2026-06-15,0.1130,,0,0.2930,2026-06-22
2026-06-14,fed-warsh-debut-fomc,2026-06-14/news_02.md,GC=F,3,0.82,0.5,,,4,hawkish_risk,medium,1,2026-06-15,-0.2768,,0,1.0968,2026-06-22
2026-06-14,fed-warsh-debut-fomc,2026-06-14/news_02.md,GC=F,5,0.18,0.28,,,4,hawkish_risk,medium,1,2026-06-15,-2.8675,,0,3.0475,2026-06-22
2026-06-14,fed-warsh-debut-fomc,2026-06-14/news_02.md,GC=F,10,0.3,0.89,,,4,hawkish_risk,medium,1,2026-06-15,-6.2448,,0,6.5448,2026-06-29
2026-06-14,fed-warsh-debut-fomc,2026-06-14/news_02.md,^GSPC,1,0.06,-0.45,,,4,hawkish_risk,medium,0,2026-06-15,-0.5684,,,0.6284,2026-06-22
2026-06-14,fed-warsh-debut-fomc,2026-06-14/news_02.md,^GSPC,3,-0.6,-0.36,,,4,hawkish_risk,medium,1,2026-06-15,-0.7110,,1,0.1110,2026-06-22
2026-06-14,fed-warsh-debut-fomc,2026-06-14/news_02.md,^GSPC,5,-1.42,-0.99,,,4,hawkish_risk,medium,1,2026-06-15,-2.4996,,1,1.0796,2026-06-29
2026-06-14,fed-warsh-debut-fomc,2026-06-14/news_02.md,^GSPC,10,0.93,0.42,,,4,hawkish_risk,medium,1,2026-06-15,-0.7271,,0,1.6571,2026-07-06
2026-06-14,fed-warsh-debut-fomc,2026-06-14/news_02.md,^NDX,1,-0.41,-0.75,,,4,hawkish_risk,medium,1,2026-06-15,-1.8851,,1,1.4751,2026-06-22
2026-06-14,fed-warsh-debut-fomc,2026-06-14/news_02.md,^NDX,3,-1.61,-1.15,,,4,hawkish_risk,medium,1,2026-06-15,-0.4509,,1,1.1591,2026-06-22
2026-06-14,fed-warsh-debut-fomc,2026-06-14/news_02.md,^NDX,5,-3.55,-2.55,,,4,hawkish_risk,medium,1,2026-06-15,-3.9178,,1,0.3678,2026-06-29
2026-06-14,fed-warsh-debut-fomc,2026-06-14/news_02.md,^NDX,10,-0.46,-1.04,,,4,hawkish_risk,medium,1,2026-06-15,-0.8760,,1,0.4160,2026-07-06
2026-06-14,fed-warsh-debut-fomc,2026-06-14/news_02.md,^TNX,1,-0.22,-0.33,,,4,hawkish_risk,medium,1,2026-06-15,-0.9174,,1,0.6974,2026-06-22
2026-06-14,fed-warsh-debut-fomc,2026-06-14/news_02.md,^TNX,3,-0.49,-0.21,,,4,hawkish_risk,medium,1,2026-06-15,-0.4028,,1,0.0872,2026-06-22
2026-06-14,fed-warsh-debut-fomc,2026-06-14/news_02.md,^TNX,5,-1.44,-1.38,,,4,hawkish_risk,medium,1,2026-06-15,0.5370,,0,1.9770,2026-06-29
2026-06-14,fed-warsh-debut-fomc,2026-06-14/news_02.md,^TNX,10,0.22,0.03,,,4,hawkish_risk,medium,1,2026-06-15,-1.1412,,0,1.3612,2026-07-06
2026-06-14,g7-critical-minerals-overcapacity,2026-06-14/news_06.md,EEM,1,-1.0,-1.15,,,4,ambivalent,low,1,2026-06-15,-1.5914,,1,0.5914,2026-06-22
2026-06-14,g7-critical-minerals-overcapacity,2026-06-14/news_06.md,EEM,3,-2.78,-4.52,,,4,ambivalent,low,1,2026-06-15,1.4910,,0,4.2710,2026-06-22
2026-06-14,g7-critical-minerals-overcapacity,2026-06-14/news_06.md,EEM,5,-2.99,-3.15,,,4,ambivalent,low,1,2026-06-15,-3.6989,,1,0.7089,2026-06-29
2026-06-14,g7-critical-minerals-overcapacity,2026-06-14/news_06.md,EEM,10,-1.33,-1.5,,,4,ambivalent,low,1,2026-06-15,-1.9211,,1,0.5911,2026-07-06
2026-06-14,g7-critical-minerals-overcapacity,2026-06-14/news_06.md,HG=F,1,-0.25,-0.88,,,4,ambivalent,low,1,2026-06-15,-1.0267,,1,0.7767,2026-06-22
2026-06-14,g7-critical-minerals-overcapacity,2026-06-14/news_06.md,HG=F,3,-0.48,-4.26,,,4,ambivalent,low,1,2026-06-15,-2.1224,,1,1.6424,2026-06-22
2026-06-14,g7-critical-minerals-overcapacity,2026-06-14/news_06.md,HG=F,5,-1.56,-4.72,,,4,ambivalent,low,1,2026-06-15,-2.8350,,1,1.2750,2026-06-22
2026-06-14,g7-critical-minerals-overcapacity,2026-06-14/news_06.md,HG=F,10,-1.2,-1.53,,,4,ambivalent,low,1,2026-06-15,-4.9421,,1,3.7421,2026-06-29
2026-06-14,g7-critical-minerals-overcapacity,2026-06-14/news_06.md,LIT,1,-1.35,-1.73,,,4,ambivalent,low,1,2026-06-15,-0.5709,,1,0.7791,2026-06-22
2026-06-14,g7-critical-minerals-overcapacity,2026-06-14/news_06.md,LIT,3,-3.26,-5.44,,,4,ambivalent,low,1,2026-06-15,-2.2954,,1,0.9646,2026-06-22
2026-06-14,g7-critical-minerals-overcapacity,2026-06-14/news_06.md,LIT,5,-3.91,-3.97,,,4,ambivalent,low,1,2026-06-15,-6.7198,,1,2.8098,2026-06-29
2026-06-14,g7-critical-minerals-overcapacity,2026-06-14/news_06.md,LIT,10,-2.56,-3.31,,,4,ambivalent,low,1,2026-06-15,-6.8982,,1,4.3382,2026-07-06
2026-06-14,g7-critical-minerals-overcapacity,2026-06-14/news_06.md,SOXX,1,-2.81,-4.32,,,4,ambivalent,low,1,2026-06-15,-5.9209,,1,3.1109,2026-06-22
2026-06-14,g7-critical-minerals-overcapacity,2026-06-14/news_06.md,SOXX,3,-7.19,-8.17,,,4,ambivalent,low,1,2026-06-15,1.7503,,0,8.9403,2026-06-22
2026-06-14,g7-critical-minerals-overcapacity,2026-06-14/news_06.md,SOXX,5,-5.27,-5.07,,,4,ambivalent,low,1,2026-06-15,-3.9876,,1,1.2824,2026-06-29
2026-06-14,g7-critical-minerals-overcapacity,2026-06-14/news_06.md,SOXX,10,-5.36,-4.63,,,4,ambivalent,low,1,2026-06-15,1.9588,,0,7.3188,2026-07-06
2026-06-14,g7-critical-minerals-overcapacity,2026-06-14/news_06.md,URA,1,-2.04,-2.16,,,4,ambivalent,low,1,2026-06-15,-0.3953,,1,1.6447,2026-06-22
2026-06-14,g7-critical-minerals-overcapacity,2026-06-14/news_06.md,URA,3,-4.54,-5.16,,,4,ambivalent,low,1,2026-06-15,-0.5826,,1,3.9574,2026-06-22
2026-06-14,g7-critical-minerals-overcapacity,2026-06-14/news_06.md,URA,5,-2.31,-3.13,,,4,ambivalent,low,1,2026-06-15,-5.1602,,1,2.8502,2026-06-29
2026-06-14,g7-critical-minerals-overcapacity,2026-06-14/news_06.md,URA,10,-0.91,-0.23,,,4,ambivalent,low,1,2026-06-15,-9.0720,,1,8.1620,2026-07-06
2026-06-14,g7-critical-minerals-overcapacity,2026-06-14/news_06.md,^GSPC,1,-0.47,-1.22,,,4,ambivalent,low,1,2026-06-15,-0.5684,,1,0.0984,2026-06-22
2026-06-14,g7-critical-minerals-overcapacity,2026-06-14/news_06.md,^GSPC,3,-1.5,-3.53,,,4,ambivalent,low,1,2026-06-15,-0.7110,,1,0.7890,2026-06-22
2026-06-14,g7-critical-minerals-overcapacity,2026-06-14/news_06.md,^GSPC,5,-0.96,-1.38,,,4,ambivalent,low,1,2026-06-15,-2.4996,,1,1.5396,2026-06-29
2026-06-14,g7-critical-minerals-overcapacity,2026-06-14/news_06.md,^GSPC,10,0.03,-0.95,,,4,ambivalent,low,0,2026-06-15,-0.7271,,,0.7571,2026-07-06
2026-06-14,iran-deal-hormuz-oil,2026-06-14/news_01.md,BZ=F,1,-2.78,-2.93,,,4,bearish_oil_disinflationary,medium,1,2026-06-15,-0.8863,,1,1.8937,2026-06-22
2026-06-14,iran-deal-hormuz-oil,2026-06-14/news_01.md,BZ=F,3,-1.79,0.76,,,4,bearish_oil_disinflationary,medium,1,2026-06-15,-6.7912,,1,5.0012,2026-06-22
2026-06-14,iran-deal-hormuz-oil,2026-06-14/news_01.md,BZ=F,5,-2.36,0.11,,,4,bearish_oil_disinflationary,medium,1,2026-06-15,-5.3420,,1,2.9820,2026-06-22
2026-06-14,iran-deal-hormuz-oil,2026-06-14/news_01.md,BZ=F,10,-3.93,-0.75,,,4,bearish_oil_disinflationary,medium,1,2026-06-15,-12.7440,,1,8.8140,2026-06-29
2026-06-14,iran-deal-hormuz-oil,2026-06-14/news_01.md,EURUSD=X,1,0.16,0.2,,,4,bearish_oil_disinflationary,medium,1,2026-06-15,-0.3474,,0,0.5074,2026-06-22
2026-06-14,iran-deal-hormuz-oil,2026-06-14/news_01.md,EURUSD=X,3,-0.32,-0.0,,,4,bearish_oil_disinflationary,medium,1,2026-06-15,-0.9096,,1,0.5896,2026-06-22
2026-06-14,iran-deal-hormuz-oil,2026-06-14/news_01.md,EURUSD=X,5,-0.3,-0.01,,,4,bearish_oil_disinflationary,medium,1,2026-06-15,-1.3865,,1,1.0865,2026-06-22
2026-06-14,iran-deal-hormuz-oil,2026-06-14/news_01.md,EURUSD=X,10,0.46,0.69,,,4,bearish_oil_disinflationary,medium,1,2026-06-15,-1.9147,,0,2.3747,2026-06-29
2026-06-14,iran-deal-hormuz-oil,2026-06-14/news_01.md,GC=F,1,-0.45,-0.28,,,4,bearish_oil_disinflationary,medium,1,2026-06-15,0.1130,,0,0.5630,2026-06-22
2026-06-14,iran-deal-hormuz-oil,2026-06-14/news_01.md,GC=F,3,-0.94,-0.77,,,4,bearish_oil_disinflationary,medium,1,2026-06-15,-0.2768,,1,0.6632,2026-06-22
2026-06-14,iran-deal-hormuz-oil,2026-06-14/news_01.md,GC=F,5,-1.4,-1.05,,,4,bearish_oil_disinflationary,medium,1,2026-06-15,-2.8675,,1,1.4675,2026-06-22
2026-06-14,iran-deal-hormuz-oil,2026-06-14/news_01.md,GC=F,10,-0.44,-0.6,,,4,bearish_oil_disinflationary,medium,1,2026-06-15,-6.2448,,1,5.8048,2026-06-29
2026-06-14,iran-deal-hormuz-oil,2026-06-14/news_01.md,JPY=X,1,-0.02,0.17,,,4,bearish_oil_disinflationary,medium,0,2026-06-14,-0.0874,,,0.0674,2026-06-15
2026-06-14,iran-deal-hormuz-oil,2026-06-14/news_01.md,JPY=X,3,0.46,0.37,,,4,bearish_oil_disinflationary,medium,1,2026-06-14,0.0824,,1,0.3776,2026-06-22
2026-06-14,iran-deal-hormuz-oil,2026-06-14/news_01.md,JPY=X,5,0.65,0.46,,,4,bearish_oil_disinflationary,medium,1,2026-06-14,0.7210,,1,0.0710,2026-06-22
2026-06-14,iran-deal-hormuz-oil,2026-06-14/news_01.md,JPY=X,10,0.74,0.81,,,4,bearish_oil_disinflationary,medium,1,2026-06-14,1.0013,,1,0.2613,2026-06-29
2026-06-14,iran-deal-hormuz-oil,2026-06-14/news_01.md,^GSPC,1,0.3,0.13,,,4,bearish_oil_disinflationary,medium,1,2026-06-15,-0.5684,,0,0.8684,2026-06-22
2026-06-14,iran-deal-hormuz-oil,2026-06-14/news_01.md,^GSPC,3,1.22,1.3,,,4,bearish_oil_disinflationary,medium,1,2026-06-15,-0.7110,,0,1.9310,2026-06-22
2026-06-14,iran-deal-hormuz-oil,2026-06-14/news_01.md,^GSPC,5,1.15,1.44,,,4,bearish_oil_disinflationary,medium,1,2026-06-15,-2.4996,,0,3.6496,2026-06-29
2026-06-14,iran-deal-hormuz-oil,2026-06-14/news_01.md,^GSPC,10,1.69,1.49,,,4,bearish_oil_disinflationary,medium,1,2026-06-15,-0.7271,,0,2.4171,2026-07-06
2026-06-14,iran-deal-hormuz-oil,2026-06-14/news_01.md,^TNX,1,-1.45,-1.51,,,4,bearish_oil_disinflationary,medium,1,2026-06-15,-0.9174,,1,0.5326,2026-06-22
2026-06-14,iran-deal-hormuz-oil,2026-06-14/news_01.md,^TNX,3,-1.47,-1.1,,,4,bearish_oil_disinflationary,medium,1,2026-06-15,-0.4028,,1,1.0672,2026-06-22
2026-06-14,iran-deal-hormuz-oil,2026-06-14/news_01.md,^TNX,5,-2.27,-2.79,,,4,bearish_oil_disinflationary,medium,1,2026-06-15,0.5370,,0,2.8070,2026-06-29
2026-06-14,iran-deal-hormuz-oil,2026-06-14/news_01.md,^TNX,10,-6.68,-4.89,,,4,bearish_oil_disinflationary,medium,1,2026-06-15,-1.1412,,1,5.5388,2026-07-06
2026-06-14,spacex-first-full-week,2026-06-14/news_05.md,SOXX,1,-2.05,-1.57,,,4,two_way_volatility,medium,1,2026-06-15,-5.9209,,1,3.8709,2026-06-22
2026-06-14,spacex-first-full-week,2026-06-14/news_05.md,SOXX,3,-1.01,-0.81,,,4,two_way_volatility,medium,1,2026-06-15,1.7503,,0,2.7603,2026-06-22
2026-06-14,spacex-first-full-week,2026-06-14/news_05.md,SOXX,5,-3.06,-2.78,,,4,two_way_volatility,medium,1,2026-06-15,-3.9876,,1,0.9276,2026-06-29
2026-06-14,spacex-first-full-week,2026-06-14/news_05.md,SOXX,10,-4.23,-5.71,,,4,two_way_volatility,medium,1,2026-06-15,1.9588,,0,6.1888,2026-07-06
2026-06-14,spacex-first-full-week,2026-06-14/news_05.md,^GSPC,1,-1.01,-0.71,,,4,two_way_volatility,medium,1,2026-06-15,-0.5684,,1,0.4416,2026-06-22
2026-06-14,spacex-first-full-week,2026-06-14/news_05.md,^GSPC,3,-0.83,-0.3,,,4,two_way_volatility,medium,1,2026-06-15,-0.7110,,1,0.1190,2026-06-22
2026-06-14,spacex-first-full-week,2026-06-14/news_05.md,^GSPC,5,-1.06,-1.07,,,4,two_way_volatility,medium,1,2026-06-15,-2.4996,,1,1.4396,2026-06-29
2026-06-14,spacex-first-full-week,2026-06-14/news_05.md,^GSPC,10,-2.02,-2.48,,,4,two_way_volatility,medium,1,2026-06-15,-0.7271,,1,1.2929,2026-07-06
2026-06-14,spacex-first-full-week,2026-06-14/news_05.md,^NDX,1,-1.35,-0.87,,,4,two_way_volatility,medium,1,2026-06-15,-1.8851,,1,0.5351,2026-06-22
2026-06-14,spacex-first-full-week,2026-06-14/news_05.md,^NDX,3,-0.62,-0.07,,,4,two_way_volatility,medium,1,2026-06-15,-0.4509,,1,0.1691,2026-06-22
2026-06-14,spacex-first-full-week,2026-06-14/news_05.md,^NDX,5,-1.11,-1.33,,,4,two_way_volatility,medium,1,2026-06-15,-3.9178,,1,2.8078,2026-06-29
2026-06-14,spacex-first-full-week,2026-06-14/news_05.md,^NDX,10,-2.77,-2.63,,,4,two_way_volatility,medium,1,2026-06-15,-0.8760,,1,1.8940,2026-07-06
2026-06-14,us-may-cpi-ppi-inflation-test,2026-06-14/news_04.md,DX-Y.NYB,1,-0.23,-0.06,,,4,neutral,medium,1,2026-06-15,0.3681,,0,0.5981,2026-06-22
2026-06-14,us-may-cpi-ppi-inflation-test,2026-06-14/news_04.md,DX-Y.NYB,3,-0.35,-0.25,,,4,neutral,medium,1,2026-06-15,0.8791,,0,1.2291,2026-06-22
2026-06-14,us-may-cpi-ppi-inflation-test,2026-06-14/news_04.md,DX-Y.NYB,5,-0.03,0.05,,,4,neutral,medium,0,2026-06-15,1.4756,,,1.5056,2026-06-22
2026-06-14,us-may-cpi-ppi-inflation-test,2026-06-14/news_04.md,DX-Y.NYB,10,0.23,0.89,,,4,neutral,medium,1,2026-06-15,1.8990,,1,1.6690,2026-06-29
2026-06-14,us-may-cpi-ppi-inflation-test,2026-06-14/news_04.md,EURUSD=X,1,-0.02,-0.22,,,4,neutral,medium,0,2026-06-15,-0.3474,,,0.3274,2026-06-22
2026-06-14,us-may-cpi-ppi-inflation-test,2026-06-14/news_04.md,EURUSD=X,3,0.0,-0.11,,,4,neutral,medium,0,2026-06-15,-0.9096,,,0.9096,2026-06-22
2026-06-14,us-may-cpi-ppi-inflation-test,2026-06-14/news_04.md,EURUSD=X,5,0.24,0.13,,,4,neutral,medium,1,2026-06-15,-1.3865,,0,1.6265,2026-06-22
2026-06-14,us-may-cpi-ppi-inflation-test,2026-06-14/news_04.md,EURUSD=X,10,0.16,-0.78,,,4,neutral,medium,1,2026-06-15,-1.9147,,0,2.0747,2026-06-29
2026-06-14,us-may-cpi-ppi-inflation-test,2026-06-14/news_04.md,GC=F,1,0.53,0.53,,,4,neutral,medium,1,2026-06-15,0.1130,,1,0.4170,2026-06-22
2026-06-14,us-may-cpi-ppi-inflation-test,2026-06-14/news_04.md,GC=F,3,0.95,0.67,,,4,neutral,medium,1,2026-06-15,-0.2768,,0,1.2268,2026-06-22
2026-06-14,us-may-cpi-ppi-inflation-test,2026-06-14/news_04.md,GC=F,5,0.57,0.52,,,4,neutral,medium,1,2026-06-15,-2.8675,,0,3.4375,2026-06-22
2026-06-14,us-may-cpi-ppi-inflation-test,2026-06-14/news_04.md,GC=F,10,2.49,1.79,,,4,neutral,medium,1,2026-06-15,-6.2448,,0,8.7348,2026-06-29
2026-06-14,us-may-cpi-ppi-inflation-test,2026-06-14/news_04.md,^GSPC,1,0.31,0.39,,,4,neutral,medium,1,2026-06-15,-0.5684,,0,0.8784,2026-06-22
2026-06-14,us-may-cpi-ppi-inflation-test,2026-06-14/news_04.md,^GSPC,3,-1.2,-0.62,,,4,neutral,medium,1,2026-06-15,-0.7110,,1,0.4890,2026-06-22
2026-06-14,us-may-cpi-ppi-inflation-test,2026-06-14/news_04.md,^GSPC,5,-2.18,-1.68,,,4,neutral,medium,1,2026-06-15,-2.4996,,1,0.3196,2026-06-29
2026-06-14,us-may-cpi-ppi-inflation-test,2026-06-14/news_04.md,^GSPC,10,-1.9,-2.01,,,4,neutral,medium,1,2026-06-15,-0.7271,,1,1.1729,2026-07-06
2026-06-14,us-may-cpi-ppi-inflation-test,2026-06-14/news_04.md,^NDX,1,0.8,0.56,,,4,neutral,medium,1,2026-06-15,-1.8851,,0,2.6851,2026-06-22
2026-06-14,us-may-cpi-ppi-inflation-test,2026-06-14/news_04.md,^NDX,3,-1.64,-1.27,,,4,neutral,medium,1,2026-06-15,-0.4509,,1,1.1891,2026-06-22
2026-06-14,us-may-cpi-ppi-inflation-test,2026-06-14/news_04.md,^NDX,5,-2.84,-2.38,,,4,neutral,medium,1,2026-06-15,-3.9178,,1,1.0778,2026-06-29
2026-06-14,us-may-cpi-ppi-inflation-test,2026-06-14/news_04.md,^NDX,10,-2.82,-2.04,,,4,neutral,medium,1,2026-06-15,-0.8760,,1,1.9440,2026-07-06
2026-06-14,us-may-cpi-ppi-inflation-test,2026-06-14/news_04.md,^TNX,1,0.22,0.29,,,4,neutral,medium,1,2026-06-15,-0.9174,,0,1.1374,2026-06-22
2026-06-14,us-may-cpi-ppi-inflation-test,2026-06-14/news_04.md,^TNX,3,0.6,0.52,,,4,neutral,medium,1,2026-06-15,-0.4028,,0,1.0028,2026-06-22
2026-06-14,us-may-cpi-ppi-inflation-test,2026-06-14/news_04.md,^TNX,5,2.59,2.31,,,4,neutral,medium,1,2026-06-15,0.5370,,1,2.0530,2026-06-29
2026-06-14,us-may-cpi-ppi-inflation-test,2026-06-14/news_04.md,^TNX,10,4.85,6.22,,,4,neutral,medium,1,2026-06-15,-1.1412,,0,5.9912,2026-07-06
2026-06-16,boj-hike-1pct,2026-06-16/news_01.md,BTC-USD,1,0.72,1.3,-0.71,2.49,12,hawkish,high,1,2026-06-16,-0.3793,1,0,1.0993,2026-06-22
2026-06-16,boj-hike-1pct,2026-06-16/news_01.md,BTC-USD,3,-1.55,-1.22,-3.53,2.31,12,hawkish,high,1,2026-06-16,-5.0656,0,1,3.5156,2026-06-22
2026-06-16,boj-hike-1pct,2026-06-16/news_01.md,BTC-USD,5,0.97,-0.16,-5.54,5.44,12,hawkish,high,1,2026-06-16,-2.7867,1,0,3.7567,2026-06-22
2026-06-16,boj-hike-1pct,2026-06-16/news_01.md,BTC-USD,10,-0.63,0.34,-5.08,4.36,12,hawkish,high,1,2026-06-16,-8.8960,0,1,8.2660,2026-06-29
2026-06-16,boj-hike-1pct,2026-06-16/news_01.md,JPY=X,1,-0.18,-0.25,-0.67,0.12,12,hawkish,high,1,2026-06-16,0.0181,1,0,0.1981,2026-06-22
2026-06-16,boj-hike-1pct,2026-06-16/news_01.md,JPY=X,3,-0.12,-0.35,-1.06,0.63,12,hawkish,high,1,2026-06-16,0.6563,0,0,0.7763,2026-06-22
2026-06-16,boj-hike-1pct,2026-06-16/news_01.md,JPY=X,5,-0.73,-0.67,-1.46,0.6,12,hawkish,high,1,2026-06-16,0.8753,0,0,1.6053,2026-06-22
2026-06-16,boj-hike-1pct,2026-06-16/news_01.md,JPY=X,10,-0.94,-0.86,-2.47,0.47,12,hawkish,high,1,2026-06-16,0.8716,0,0,1.8116,2026-06-29
2026-06-16,boj-hike-1pct,2026-06-16/news_01.md,^GSPC,1,0.06,0.14,-0.65,0.3,12,hawkish,high,0,2026-06-16,-1.2148,0,,1.2748,2026-06-22
2026-06-16,boj-hike-1pct,2026-06-16/news_01.md,^GSPC,3,0.16,-0.31,-1.02,1.24,12,hawkish,high,1,2026-06-16,-0.5134,1,0,0.6734,2026-06-29
2026-06-16,boj-hike-1pct,2026-06-16/news_01.md,^GSPC,5,0.37,0.35,-0.83,1.92,12,hawkish,high,1,2026-06-16,-2.0386,0,0,2.4086,2026-06-29
2026-06-16,boj-hike-1pct,2026-06-16/news_01.md,^GSPC,10,0.83,1.48,-0.73,2.32,12,hawkish,high,1,2026-06-16,-0.3744,1,0,1.2044,2026-07-06
2026-06-16,boj-hike-1pct,2026-06-16/news_01.md,^N225,1,0.02,0.11,-0.9,0.51,12,hawkish,high,0,2026-06-16,0.7904,0,,0.7704,2026-06-22
2026-06-16,boj-hike-1pct,2026-06-16/news_01.md,^N225,3,-0.33,-1.34,-1.56,2.11,12,hawkish,high,1,2026-06-16,2.6393,0,0,2.9693,2026-06-22
2026-06-16,boj-hike-1pct,2026-06-16/news_01.md,^N225,5,-0.39,0.13,-1.73,3.46,12,hawkish,high,1,2026-06-16,1.5437,1,0,1.9337,2026-06-29
2026-06-16,boj-hike-1pct,2026-06-16/news_01.md,^N225,10,-0.95,-0.2,-2.58,2.24,12,hawkish,high,1,2026-06-16,1.5566,1,0,2.5066,2026-07-06
2026-06-16,boj-hike-1pct,2026-06-16/news_01.md,^NDX,1,-0.28,0.08,-0.83,0.86,12,hawkish,high,1,2026-06-16,-0.9917,0,1,0.7117,2026-06-22
2026-06-16,boj-hike-1pct,2026-06-16/news_01.md,^NDX,3,0.79,-0.37,-2.19,1.79,12,hawkish,high,1,2026-06-16,1.2645,1,1,0.4745,2026-06-29
2026-06-16,boj-hike-1pct,2026-06-16/news_01.md,^NDX,5,0.61,0.56,-1.47,2.99,12,hawkish,high,1,2026-06-16,-2.4962,0,0,3.1062,2026-06-29
2026-06-16,boj-hike-1pct,2026-06-16/news_01.md,^NDX,10,0.63,2.06,-0.76,3.95,12,hawkish,high,1,2026-06-16,-0.5306,1,0,1.1606,2026-07-06
2026-06-16,boj-hike-1pct,2026-06-16/news_01.md,^TNX,1,-0.27,-0.22,-0.67,0.69,12,hawkish,high,1,2026-06-16,0.7904,0,0,1.0604,2026-06-22
2026-06-16,boj-hike-1pct,2026-06-16/news_01.md,^TNX,3,-0.49,-0.95,-1.61,0.47,12,hawkish,high,1,2026-06-16,1.8293,0,0,2.3193,2026-06-29
2026-06-16,boj-hike-1pct,2026-06-16/news_01.md,^TNX,5,-1.25,-1.1,-2.03,-0.22,12,hawkish,high,1,2026-06-16,-0.5872,1,1,0.6628,2026-06-29
2026-06-16,boj-hike-1pct,2026-06-16/news_01.md,^TNX,10,0.09,-0.39,-3.32,1.78,12,hawkish,high,0,2026-06-16,1.0614,1,,0.9714,2026-07-06
2026-06-16,china-consumer-contraction,2026-06-16/news_03.md,DX-Y.NYB,1,0.18,0.21,-0.06,0.53,12,bearish,medium,1,2026-06-16,-0.2896,0,0,0.4696,2026-06-22
2026-06-16,china-consumer-contraction,2026-06-16/news_03.md,DX-Y.NYB,3,-0.16,0.12,-0.6,0.84,12,bearish,medium,1,2026-06-16,1.0663,0,0,1.2263,2026-06-22
2026-06-16,china-consumer-contraction,2026-06-16/news_03.md,DX-Y.NYB,5,-0.1,-0.02,-1.19,0.65,12,bearish,medium,1,2026-06-16,1.2998,0,0,1.3998,2026-06-29
2026-06-16,china-consumer-contraction,2026-06-16/news_03.md,DX-Y.NYB,10,-0.25,-0.58,-1.58,1.22,11,bearish,medium,1,2026-06-16,1.5864,0,0,1.8364,2026-07-06
2026-06-16,china-consumer-contraction,2026-06-16/news_03.md,EEM,1,-0.9,-0.63,-1.44,1.42,12,bearish,medium,1,2026-06-16,-0.1166,1,1,0.7834,2026-06-22
2026-06-16,china-consumer-contraction,2026-06-16/news_03.md,EEM,3,-0.13,0.04,-3.21,1.61,12,bearish,medium,1,2026-06-16,3.7442,0,0,3.8742,2026-06-29
2026-06-16,china-consumer-contraction,2026-06-16/news_03.md,EEM,5,-0.44,0.48,-1.81,1.5,12,bearish,medium,1,2026-06-16,-2.0251,0,1,1.5851,2026-06-29
2026-06-16,china-consumer-contraction,2026-06-16/news_03.md,EEM,10,-1.98,0.59,-3.81,3.78,11,bearish,medium,1,2026-06-16,-3.1468,1,1,1.1668,2026-07-06
2026-06-16,china-consumer-contraction,2026-06-16/news_03.md,HG=F,1,0.02,-0.17,-1.73,1.51,12,bearish,medium,0,2026-06-16,1.2077,1,,1.1877,2026-06-22
2026-06-16,china-consumer-contraction,2026-06-16/news_03.md,HG=F,3,0.04,0.15,-1.45,1.4,12,bearish,medium,0,2026-06-16,-1.8812,0,,1.9212,2026-06-22
2026-06-16,china-consumer-contraction,2026-06-16/news_03.md,HG=F,5,-0.69,-0.05,-2.79,1.91,12,bearish,medium,1,2026-06-16,-3.1896,0,1,2.4996,2026-06-29
2026-06-16,china-consumer-contraction,2026-06-16/news_03.md,HG=F,10,0.62,1.81,-2.5,6.01,11,bearish,medium,1,2026-06-16,-4.2967,0,0,4.9167,2026-07-06
2026-06-16,china-consumer-contraction,2026-06-16/news_03.md,^GSPC,1,-1.23,-1.25,-1.97,-0.56,12,bearish,medium,1,2026-06-16,-1.2148,1,1,0.0152,2026-06-22
2026-06-16,china-consumer-contraction,2026-06-16/news_03.md,^GSPC,3,-2.19,-1.18,-2.82,0.11,12,bearish,medium,1,2026-06-16,-0.5134,1,1,1.6766,2026-06-29
2026-06-16,china-consumer-contraction,2026-06-16/news_03.md,^GSPC,5,-1.2,-0.94,-1.98,-0.42,12,bearish,medium,1,2026-06-16,-2.0386,0,1,0.8386,2026-06-29
2026-06-16,china-consumer-contraction,2026-06-16/news_03.md,^GSPC,10,1.77,0.09,-2.93,2.86,11,bearish,medium,1,2026-06-16,-0.3744,1,0,2.1444,2026-07-06
2026-06-16,china-consumer-contraction,2026-06-16/news_03.md,^STOXX50E,1,-0.5,-0.04,-0.86,0.28,12,bearish,medium,1,2026-06-16,0.6816,0,0,1.1816,2026-06-22
2026-06-16,china-consumer-contraction,2026-06-16/news_03.md,^STOXX50E,3,-0.18,0.08,-1.15,0.73,12,bearish,medium,1,2026-06-16,0.5707,1,0,0.7507,2026-06-22
2026-06-16,china-consumer-contraction,2026-06-16/news_03.md,^STOXX50E,5,-0.15,0.29,-0.88,2.44,12,bearish,medium,1,2026-06-16,-0.4294,1,1,0.2794,2026-06-29
2026-06-16,china-consumer-contraction,2026-06-16/news_03.md,^STOXX50E,10,-0.15,1.31,-1.86,5.78,11,bearish,medium,1,2026-06-16,1.1294,1,0,1.2794,2026-07-06
2026-06-16,china-consumer-contraction,2026-06-16/news_03.md,^VIX,1,3.06,7.64,-0.57,12.22,12,bearish,medium,1,2026-06-16,12.3705,0,1,9.3105,2026-06-22
2026-06-16,china-consumer-contraction,2026-06-16/news_03.md,^VIX,3,3.65,10.68,-2.81,24.32,12,bearish,medium,1,2026-06-16,2.2547,1,1,1.3953,2026-06-22
2026-06-16,china-consumer-contraction,2026-06-16/news_03.md,^VIX,5,9.68,8.62,-5.51,21.54,12,bearish,medium,1,2026-06-16,18.7690,1,1,9.0890,2026-06-29
2026-06-16,china-consumer-contraction,2026-06-16/news_03.md,^VIX,10,7.17,7.29,-11.28,26.37,11,bearish,medium,1,2026-06-16,0.2438,1,1,6.9262,2026-07-06
2026-06-16,ecb-june-projections-stagflation,2026-06-16/news_04.md,BTP_BUND_SPREAD,1,1.84,1.58,-0.17,3.09,13,dovish-on-growth + hawkish-on-inflation (= stagflation tilt),high,1,2026-06-16,-0.6054,0,0,2.4454,2026-07-13
2026-06-16,ecb-june-projections-stagflation,2026-06-16/news_04.md,BTP_BUND_SPREAD,3,1.42,1.69,-5.58,2.93,12,dovish-on-growth + hawkish-on-inflation (= stagflation tilt),high,1,2026-06-16,0.4787,1,1,0.9413,2026-07-13
2026-06-16,ecb-june-projections-stagflation,2026-06-16/news_04.md,BTP_BUND_SPREAD,5,-1.44,0.36,-4.42,1.76,12,dovish-on-growth + hawkish-on-inflation (= stagflation tilt),high,1,2026-06-16,2.1540,0,0,3.5940,2026-07-13
2026-06-16,ecb-june-projections-stagflation,2026-06-16/news_04.md,BTP_BUND_SPREAD,10,1.59,2.21,-3.53,8.37,12,dovish-on-growth + hawkish-on-inflation (= stagflation tilt),high,1,2026-06-16,-4.3503,0,0,5.9403,2026-07-13
2026-06-16,ecb-june-projections-stagflation,2026-06-16/news_04.md,EURUSD=X,1,0.16,-0.09,-0.34,0.29,13,dovish-on-growth + hawkish-on-inflation (= stagflation tilt),high,1,2026-06-16,0.3136,0,1,0.1536,2026-06-22
2026-06-16,ecb-june-projections-stagflation,2026-06-16/news_04.md,EURUSD=X,3,0.06,-0.24,-0.59,0.72,13,dovish-on-growth + hawkish-on-inflation (= stagflation tilt),high,0,2026-06-16,-0.9520,0,,1.0120,2026-06-22
2026-06-16,ecb-june-projections-stagflation,2026-06-16/news_04.md,EURUSD=X,5,-0.37,-0.03,-0.79,0.84,12,dovish-on-growth + hawkish-on-inflation (= stagflation tilt),high,1,2026-06-16,-1.3254,0,1,0.9554,2026-06-29
2026-06-16,ecb-june-projections-stagflation,2026-06-16/news_04.md,EURUSD=X,10,-0.44,-0.07,-1.38,0.82,12,dovish-on-growth + hawkish-on-inflation (= stagflation tilt),high,1,2026-06-16,-1.6625,0,1,1.2225,2026-07-06
2026-06-16,ecb-june-projections-stagflation,2026-06-16/news_04.md,FTSEMIB.MI,1,-0.16,-0.67,-1.64,0.65,13,dovish-on-growth + hawkish-on-inflation (= stagflation tilt),high,1,2026-06-16,0.3090,1,0,0.4690,2026-06-22
2026-06-16,ecb-june-projections-stagflation,2026-06-16/news_04.md,FTSEMIB.MI,3,-0.54,-0.99,-1.58,0.59,12,dovish-on-growth + hawkish-on-inflation (= stagflation tilt),high,1,2026-06-16,0.7933,0,0,1.3333,2026-06-22
2026-06-16,ecb-june-projections-stagflation,2026-06-16/news_04.md,FTSEMIB.MI,5,-0.5,-0.93,-1.33,0.82,12,dovish-on-growth + hawkish-on-inflation (= stagflation tilt),high,1,2026-06-16,-0.7800,1,1,0.2800,2026-06-29
2026-06-16,ecb-june-projections-stagflation,2026-06-16/news_04.md,FTSEMIB.MI,10,0.24,-0.62,-2.07,1.15,12,dovish-on-growth + hawkish-on-inflation (= stagflation tilt),high,1,2026-06-16,-1.4323,1,0,1.6723,2026-07-06
2026-06-16,ecb-june-projections-stagflation,2026-06-16/news_04.md,IEAG.AS,1,-0.24,-0.07,-0.37,0.3,13,dovish-on-growth + hawkish-on-inflation (= stagflation tilt),high,1,2026-06-16,0.0000,1,1,0.2400,2026-06-22
2026-06-16,ecb-june-projections-stagflation,2026-06-16/news_04.md,IEAG.AS,3,-0.05,-0.32,-0.5,0.26,12,dovish-on-growth + hawkish-on-inflation (= stagflation tilt),high,0,2026-06-16,-0.3418,1,,0.2918,2026-06-22
2026-06-16,ecb-june-projections-stagflation,2026-06-16/news_04.md,IEAG.AS,5,-0.17,-0.32,-0.6,0.19,12,dovish-on-growth + hawkish-on-inflation (= stagflation tilt),high,1,2026-06-16,0.0831,1,0,0.2531,2026-06-29
2026-06-16,ecb-june-projections-stagflation,2026-06-16/news_04.md,IEAG.AS,10,-0.39,-0.66,-1.23,0.06,12,dovish-on-growth + hawkish-on-inflation (= stagflation tilt),high,1,2026-06-16,0.3602,0,0,0.7502,2026-07-06
2026-06-16,ecb-june-projections-stagflation,2026-06-16/news_04.md,^GDAXI,1,-0.67,-0.26,-1.24,0.56,13,dovish-on-growth + hawkish-on-inflation (= stagflation tilt),high,1,2026-06-16,0.0974,1,0,0.7674,2026-06-22
2026-06-16,ecb-june-projections-stagflation,2026-06-16/news_04.md,^GDAXI,3,-0.81,-0.86,-1.31,0.22,12,dovish-on-growth + hawkish-on-inflation (= stagflation tilt),high,1,2026-06-16,0.3027,0,0,1.1127,2026-06-22
2026-06-16,ecb-june-projections-stagflation,2026-06-16/news_04.md,^GDAXI,5,-1.0,-1.34,-1.7,0.24,12,dovish-on-growth + hawkish-on-inflation (= stagflation tilt),high,1,2026-06-16,-0.0676,1,1,0.9324,2026-06-29
2026-06-16,ecb-june-projections-stagflation,2026-06-16/news_04.md,^GDAXI,10,-1.76,-1.48,-2.93,0.73,12,dovish-on-growth + hawkish-on-inflation (= stagflation tilt),high,1,2026-06-16,0.3428,1,0,2.1028,2026-07-06
2026-06-16,ecb-june-projections-stagflation,2026-06-16/news_04.md,^STOXX50E,1,-0.83,-0.41,-1.58,0.71,13,dovish-on-growth + hawkish-on-inflation (= stagflation tilt),high,1,2026-06-16,0.6816,1,0,1.5116,2026-06-22
2026-06-16,ecb-june-projections-stagflation,2026-06-16/news_04.md,^STOXX50E,3,-0.86,-1.04,-1.32,0.11,12,dovish-on-growth + hawkish-on-inflation (= stagflation tilt),high,1,2026-06-16,0.5707,0,0,1.4307,2026-06-22
2026-06-16,ecb-june-projections-stagflation,2026-06-16/news_04.md,^STOXX50E,5,-1.27,-1.66,-1.62,-0.08,12,dovish-on-growth + hawkish-on-inflation (= stagflation tilt),high,1,2026-06-16,-0.4294,1,1,0.8406,2026-06-29
2026-06-16,ecb-june-projections-stagflation,2026-06-16/news_04.md,^STOXX50E,10,-1.01,-1.61,-2.51,0.07,12,dovish-on-growth + hawkish-on-inflation (= stagflation tilt),high,1,2026-06-16,1.1294,0,0,2.1394,2026-07-06
2026-06-16,iran-deal-oil-risk-on,2026-06-16/news_02.md,BZ=F,1,0.07,-0.44,-1.84,0.82,11,risk-on,medium,0,2026-06-16,-5.0634,0,,5.1334,2026-06-22
2026-06-16,iran-deal-oil-risk-on,2026-06-16/news_02.md,BZ=F,3,0.94,2.05,-1.45,5.59,11,risk-on,medium,1,2026-06-16,-2.6103,0,0,3.5503,2026-06-22
2026-06-16,iran-deal-oil-risk-on,2026-06-16/news_02.md,BZ=F,5,2.11,2.44,-1.12,4.04,11,risk-on,medium,1,2026-06-16,-6.9003,0,0,9.0103,2026-06-29
2026-06-16,iran-deal-oil-risk-on,2026-06-16/news_02.md,BZ=F,10,-2.66,0.97,-4.68,4.1,11,risk-on,medium,1,2026-06-16,-11.1782,0,1,8.5182,2026-07-06
2026-06-16,iran-deal-oil-risk-on,2026-06-16/news_02.md,GC=F,1,-0.0,-0.05,-0.95,0.73,11,risk-on,medium,0,2026-06-16,0.2719,1,,0.2719,2026-06-22
2026-06-16,iran-deal-oil-risk-on,2026-06-16/news_02.md,GC=F,3,-0.98,-0.2,-1.31,1.36,11,risk-on,medium,1,2026-06-16,-3.8436,0,1,2.8636,2026-06-22
2026-06-16,iran-deal-oil-risk-on,2026-06-16/news_02.md,GC=F,5,0.58,-0.53,-2.63,1.11,11,risk-on,medium,1,2026-06-16,-4.6547,0,0,5.2347,2026-06-29
2026-06-16,iran-deal-oil-risk-on,2026-06-16/news_02.md,GC=F,10,-1.35,-1.59,-4.75,0.07,11,risk-on,medium,1,2026-06-16,-7.9913,0,1,6.6413,2026-07-06
2026-06-16,iran-deal-oil-risk-on,2026-06-16/news_02.md,^GSPC,1,0.13,0.21,0.01,0.62,11,risk-on,medium,1,2026-06-16,-1.2148,0,0,1.3448,2026-06-22
2026-06-16,iran-deal-oil-risk-on,2026-06-16/news_02.md,^GSPC,3,1.06,0.82,0.07,1.34,11,risk-on,medium,1,2026-06-16,-0.5134,0,0,1.5734,2026-06-29
2026-06-16,iran-deal-oil-risk-on,2026-06-16/news_02.md,^GSPC,5,1.11,0.58,0.26,1.47,11,risk-on,medium,1,2026-06-16,-2.0386,0,0,3.1486,2026-06-29
2026-06-16,iran-deal-oil-risk-on,2026-06-16/news_02.md,^GSPC,10,1.31,0.4,-1.91,2.66,10,risk-on,medium,1,2026-06-16,-0.3744,1,0,1.6844,2026-07-06
2026-06-16,iran-deal-oil-risk-on,2026-06-16/news_02.md,^NDX,1,0.48,0.46,0.06,0.85,11,risk-on,medium,1,2026-06-16,-0.9917,0,0,1.4717,2026-06-22
2026-06-16,iran-deal-oil-risk-on,2026-06-16/news_02.md,^NDX,3,1.55,1.36,0.89,1.89,11,risk-on,medium,1,2026-06-16,1.2645,1,1,0.2855,2026-06-29
2026-06-16,iran-deal-oil-risk-on,2026-06-16/news_02.md,^NDX,5,1.82,0.82,0.78,2.15,11,risk-on,medium,1,2026-06-16,-2.4962,0,0,4.3162,2026-06-29
2026-06-16,iran-deal-oil-risk-on,2026-06-16/news_02.md,^NDX,10,1.88,0.55,-2.29,3.32,10,risk-on,medium,1,2026-06-16,-0.5306,1,0,2.4106,2026-07-06
2026-06-16,iran-deal-oil-risk-on,2026-06-16/news_02.md,^STOXX50E,1,-0.15,-0.19,-0.55,0.58,11,risk-on,medium,1,2026-06-16,0.6816,0,0,0.8316,2026-06-22
2026-06-16,iran-deal-oil-risk-on,2026-06-16/news_02.md,^STOXX50E,3,0.19,0.08,-0.38,0.76,11,risk-on,medium,1,2026-06-16,0.5707,1,1,0.3807,2026-06-22
2026-06-16,iran-deal-oil-risk-on,2026-06-16/news_02.md,^STOXX50E,5,0.19,0.13,-0.28,1.0,11,risk-on,medium,1,2026-06-16,-0.4294,0,0,0.6194,2026-06-29
2026-06-16,iran-deal-oil-risk-on,2026-06-16/news_02.md,^STOXX50E,10,-0.16,0.01,-0.99,2.05,10,risk-on,medium,1,2026-06-16,1.1294,1,0,1.2894,2026-07-06
2026-06-16,iran-deal-oil-risk-on,2026-06-16/news_02.md,^VIX,1,-1.92,-1.49,-4.18,1.88,11,risk-on,medium,1,2026-06-16,12.3705,0,0,14.2905,2026-06-22
2026-06-16,iran-deal-oil-risk-on,2026-06-16/news_02.md,^VIX,3,-4.05,-3.5,-9.17,2.33,11,risk-on,medium,1,2026-06-16,2.2547,1,0,6.3047,2026-06-22
2026-06-16,iran-deal-oil-risk-on,2026-06-16/news_02.md,^VIX,5,-1.41,1.62,-7.47,4.78,11,risk-on,medium,1,2026-06-16,18.7690,0,0,20.1790,2026-06-29
2026-06-16,iran-deal-oil-risk-on,2026-06-16/news_02.md,^VIX,10,-3.15,4.28,-8.07,16.46,10,risk-on,medium,1,2026-06-16,0.2438,1,0,3.3938,2026-07-06
2026-06-24,ai-chip-rout,2026-06-24/news_01.md,SOXX,1,0.26,0.45,-1.0,1.89,22,neg (risk-off su un trade molto affollato),high,1,2026-06-24,3.9402,0,1,3.6802,2026-06-29
2026-06-24,ai-chip-rout,2026-06-24/news_01.md,SOXX,3,0.97,1.1,-1.16,3.51,22,neg (risk-off su un trade molto affollato),high,1,2026-06-24,2.1363,1,1,1.1663,2026-07-06
2026-06-24,ai-chip-rout,2026-06-24/news_01.md,SOXX,5,1.2,1.17,-1.92,4.8,22,neg (risk-off su un trade molto affollato),high,1,2026-06-24,-0.2992,1,0,1.4992,2026-07-06
2026-06-24,ai-chip-rout,2026-06-24/news_01.md,SOXX,10,2.61,2.48,-0.47,4.24,21,neg (risk-off su un trade molto affollato),high,1,2026-06-24,-3.2918,0,0,5.9018,2026-07-13
2026-06-24,ai-chip-rout,2026-06-24/news_01.md,^NDX,1,0.3,0.33,-0.29,1.01,22,neg (risk-off su un trade molto affollato),high,1,2026-06-24,0.7538,1,1,0.4538,2026-06-29
2026-06-24,ai-chip-rout,2026-06-24/news_01.md,^NDX,3,0.25,0.67,-1.13,2.15,22,neg (risk-off su un trade molto affollato),high,1,2026-06-24,1.8983,1,1,1.6483,2026-07-06
2026-06-24,ai-chip-rout,2026-06-24/news_01.md,^NDX,5,0.69,0.89,-0.4,3.54,22,neg (risk-off su un trade molto affollato),high,1,2026-06-24,2.0160,1,1,1.3260,2026-07-06
2026-06-24,ai-chip-rout,2026-06-24/news_01.md,^NDX,10,2.03,1.57,1.11,3.44,21,neg (risk-off su un trade molto affollato),high,1,2026-06-24,1.7352,1,1,0.2948,2026-07-13
2026-06-24,eurozone-macro-upside,2026-06-24/news_02.md,EURUSD=X,1,0.07,0.08,-0.38,0.57,12,pos (sorpresa modestamente positiva sulla crescita),medium,0,2026-06-24,-0.0455,1,,0.1155,2026-06-29
2026-06-24,eurozone-macro-upside,2026-06-24/news_02.md,EURUSD=X,3,0.48,0.67,0.15,0.81,12,pos (sorpresa modestamente positiva sulla crescita),medium,1,2026-06-24,0.2393,1,1,0.2407,2026-06-29
2026-06-24,eurozone-macro-upside,2026-06-24/news_02.md,EURUSD=X,5,0.59,0.71,0.26,0.87,12,pos (sorpresa modestamente positiva sulla crescita),medium,1,2026-06-24,0.3423,1,1,0.2477,2026-07-06
2026-06-24,eurozone-macro-upside,2026-06-24/news_02.md,EURUSD=X,10,0.8,0.8,-0.05,1.47,12,pos (sorpresa modestamente positiva sulla crescita),medium,1,2026-06-24,0.4684,1,1,0.3316,2026-07-13
2026-06-24,eurozone-macro-upside,2026-06-24/news_02.md,^STOXX50E,1,0.01,-0.63,-2.14,0.61,12,pos (sorpresa modestamente positiva sulla crescita),medium,0,2026-06-24,0.8501,0,,0.8401,2026-06-29
2026-06-24,eurozone-macro-upside,2026-06-24/news_02.md,^STOXX50E,3,-0.37,-0.34,-1.12,0.64,12,pos (sorpresa modestamente positiva sulla crescita),medium,1,2026-06-24,0.2724,1,0,0.6424,2026-07-06
2026-06-24,eurozone-macro-upside,2026-06-24/news_02.md,^STOXX50E,5,-0.56,-0.39,-1.52,0.83,12,pos (sorpresa modestamente positiva sulla crescita),medium,1,2026-06-24,1.0910,0,0,1.6510,2026-07-06
2026-06-24,eurozone-macro-upside,2026-06-24/news_02.md,^STOXX50E,10,-0.29,0.03,-1.73,2.25,12,pos (sorpresa modestamente positiva sulla crescita),medium,1,2026-06-24,-0.1575,1,1,0.1325,2026-07-13
2026-06-24,hormuz-oil-eases,2026-06-24/news_04.md,BZ=F,1,-0.22,-0.46,-1.87,1.84,12,dovish (per le commodity = scarico premio = ribasso oil),medium,1,2026-06-24,-5.0930,0,1,4.8730,2026-06-29
2026-06-24,hormuz-oil-eases,2026-06-24/news_04.md,BZ=F,3,1.57,1.6,-2.73,4.84,12,dovish (per le commodity = scarico premio = ribasso oil),medium,1,2026-06-24,-4.6216,0,0,6.1916,2026-06-29
2026-06-24,hormuz-oil-eases,2026-06-24/news_04.md,BZ=F,5,2.35,1.76,-3.0,4.73,12,dovish (per le commodity = scarico premio = ribasso oil),medium,1,2026-06-24,-4.1372,0,0,6.4872,2026-07-06
2026-06-24,hormuz-oil-eases,2026-06-24/news_04.md,BZ=F,10,-3.63,-0.81,-5.02,-1.85,12,dovish (per le commodity = scarico premio = ribasso oil),medium,1,2026-06-24,0.1440,0,0,3.7740,2026-07-13
2026-06-24,hormuz-oil-eases,2026-06-24/news_04.md,GC=F,1,-0.61,-0.7,-1.79,0.14,12,dovish (per le commodity = scarico premio = ribasso oil),medium,1,2026-06-24,-2.2752,0,1,1.6652,2026-06-29
2026-06-24,hormuz-oil-eases,2026-06-24/news_04.md,GC=F,3,-1.3,-1.0,-2.12,-0.15,12,dovish (per le commodity = scarico premio = ribasso oil),medium,1,2026-06-24,-0.6794,1,1,0.6206,2026-06-29
2026-06-24,hormuz-oil-eases,2026-06-24/news_04.md,GC=F,5,-2.47,-1.97,-2.74,-0.32,12,dovish (per le commodity = scarico premio = ribasso oil),medium,1,2026-06-24,-2.5465,1,1,0.0765,2026-07-06
2026-06-24,hormuz-oil-eases,2026-06-24/news_04.md,GC=F,10,-4.42,-3.34,-4.85,-1.12,12,dovish (per le commodity = scarico premio = ribasso oil),medium,1,2026-06-24,1.0753,0,0,5.4953,2026-07-13
2026-06-24,hormuz-oil-eases,2026-06-24/news_04.md,^GSPC,1,0.62,0.52,0.15,1.09,12,dovish (per le commodity = scarico premio = ribasso oil),medium,1,2026-06-24,-0.0099,0,0,0.6299,2026-06-29
2026-06-24,hormuz-oil-eases,2026-06-24/news_04.md,^GSPC,3,0.91,0.67,-0.06,1.7,12,dovish (per le commodity = scarico premio = ribasso oil),medium,1,2026-06-24,1.1173,1,1,0.2073,2026-07-06
2026-06-24,hormuz-oil-eases,2026-06-24/news_04.md,^GSPC,5,1.01,0.75,-0.14,2.37,12,dovish (per le commodity = scarico premio = ribasso oil),medium,1,2026-06-24,1.6989,1,1,0.6889,2026-07-06
2026-06-24,hormuz-oil-eases,2026-06-24/news_04.md,^GSPC,10,2.47,1.51,0.82,3.26,12,dovish (per le commodity = scarico premio = ribasso oil),medium,1,2026-06-24,2.5199,1,1,0.0499,2026-07-13
2026-06-24,hormuz-oil-eases,2026-06-24/news_04.md,^N225,1,0.78,0.58,0.17,1.03,12,dovish (per le commodity = scarico premio = ribasso oil),medium,1,2026-06-24,4.0094,0,1,3.2294,2026-06-29
2026-06-24,hormuz-oil-eases,2026-06-24/news_04.md,^N225,3,3.03,2.49,1.16,3.55,12,dovish (per le commodity = scarico premio = ribasso oil),medium,1,2026-06-24,-0.6783,0,0,3.7083,2026-06-29
2026-06-24,hormuz-oil-eases,2026-06-24/news_04.md,^N225,5,2.75,2.7,1.69,5.56,12,dovish (per le commodity = scarico premio = ribasso oil),medium,1,2026-06-24,1.5310,0,1,1.2190,2026-07-06
2026-06-24,hormuz-oil-eases,2026-06-24/news_04.md,^N225,10,3.14,3.46,1.92,4.22,12,dovish (per le commodity = scarico premio = ribasso oil),medium,1,2026-06-24,-3.1820,0,0,6.3220,2026-07-13
2026-06-24,yields-dollar-gold,2026-06-24/news_03.md,DX-Y.NYB,1,0.07,0.05,-0.36,0.32,24,hawkish (repricing al rialzo dei tassi attesi),high,0,2026-06-24,0.0670,1,,0.0030,2026-06-29
2026-06-24,yields-dollar-gold,2026-06-24/news_03.md,DX-Y.NYB,3,0.05,0.16,-0.35,0.61,24,hawkish (repricing al rialzo dei tassi attesi),high,0,2026-06-24,-0.1587,1,,0.2087,2026-06-29
2026-06-24,yields-dollar-gold,2026-06-24/news_03.md,DX-Y.NYB,5,0.13,0.11,-0.39,0.56,24,hawkish (repricing al rialzo dei tassi attesi),high,1,2026-06-24,-0.1784,1,0,0.3084,2026-07-06
2026-06-24,yields-dollar-gold,2026-06-24/news_03.md,DX-Y.NYB,10,0.56,0.16,-0.91,0.98,23,hawkish (repricing al rialzo dei tassi attesi),high,1,2026-06-24,-0.4070,1,0,0.9670,2026-07-13
2026-06-24,yields-dollar-gold,2026-06-24/news_03.md,GC=F,1,0.34,0.01,-1.38,0.73,24,hawkish (repricing al rialzo dei tassi attesi),high,1,2026-06-24,-2.2752,0,0,2.6152,2026-06-29
2026-06-24,yields-dollar-gold,2026-06-24/news_03.md,GC=F,3,0.01,0.14,-1.04,1.01,24,hawkish (repricing al rialzo dei tassi attesi),high,0,2026-06-24,-0.6794,1,,0.6894,2026-06-29
2026-06-24,yields-dollar-gold,2026-06-24/news_03.md,GC=F,5,0.83,0.82,-0.4,2.17,24,hawkish (repricing al rialzo dei tassi attesi),high,1,2026-06-24,-2.5465,0,0,3.3765,2026-07-06
2026-06-24,yields-dollar-gold,2026-06-24/news_03.md,GC=F,10,1.37,1.23,-1.66,3.3,23,hawkish (repricing al rialzo dei tassi attesi),high,1,2026-06-24,1.0753,1,1,0.2947,2026-07-13
2026-06-24,yields-dollar-gold,2026-06-24/news_03.md,^NDX,1,-0.45,-0.43,-1.77,0.69,24,hawkish (repricing al rialzo dei tassi attesi),high,1,2026-06-24,0.7538,0,0,1.2038,2026-06-29
2026-06-24,yields-dollar-gold,2026-06-24/news_03.md,^NDX,3,-0.19,-0.5,-2.49,1.84,24,hawkish (repricing al rialzo dei tassi attesi),high,1,2026-06-24,1.8983,0,0,2.0883,2026-07-06
2026-06-24,yields-dollar-gold,2026-06-24/news_03.md,^NDX,5,0.5,-0.14,-2.92,2.79,24,hawkish (repricing al rialzo dei tassi attesi),high,1,2026-06-24,2.0160,1,1,1.5160,2026-07-06
2026-06-24,yields-dollar-gold,2026-06-24/news_03.md,^NDX,10,-0.47,0.47,-1.87,3.3,23,hawkish (repricing al rialzo dei tassi attesi),high,1,2026-06-24,1.7352,1,0,2.2052,2026-07-13
2026-06-24,yields-dollar-gold,2026-06-24/news_03.md,^TNX,1,-0.27,-0.05,-1.07,1.07,24,hawkish (repricing al rialzo dei tassi attesi),high,1,2026-06-24,-0.2272,1,1,0.0428,2026-06-29
2026-06-24,yields-dollar-gold,2026-06-24/news_03.md,^TNX,3,0.33,0.77,-1.61,2.25,24,hawkish (repricing al rialzo dei tassi attesi),high,1,2026-06-24,-0.6361,1,0,0.9661,2026-07-06
2026-06-24,yields-dollar-gold,2026-06-24/news_03.md,^TNX,5,-0.32,0.44,-1.91,3.22,24,hawkish (repricing al rialzo dei tassi attesi),high,1,2026-06-24,1.6583,1,0,1.9783,2026-07-06
2026-06-24,yields-dollar-gold,2026-06-24/news_03.md,^TNX,10,1.62,2.41,-1.03,6.03,23,hawkish (repricing al rialzo dei tassi attesi),high,1,2026-06-24,3.1122,1,1,1.4922,2026-07-13
2026-06-25,ai-chip-rebound,2026-06-25/news_01.md,SOXX,1,0.45,0.5,-1.0,1.98,21,pos (risk-on su semis dopo earnings beat),high,1,2026-06-25,-5.6398,0,0,6.0898,2026-06-29
2026-06-25,ai-chip-rebound,2026-06-25/news_01.md,SOXX,3,1.48,1.13,-1.45,3.71,21,pos (risk-on su semis dopo earnings beat),high,1,2026-06-25,2.4888,1,1,1.0088,2026-07-06
2026-06-25,ai-chip-rebound,2026-06-25/news_01.md,SOXX,5,1.05,1.0,-2.18,4.84,21,pos (risk-on su semis dopo earnings beat),high,1,2026-06-25,-9.4178,0,0,10.4678,2026-07-06
2026-06-25,ai-chip-rebound,2026-06-25/news_01.md,SOXX,10,2.69,2.77,1.22,5.59,21,pos (risk-on su semis dopo earnings beat),high,1,2026-06-25,-7.0154,0,0,9.7054,2026-07-13
2026-06-25,ai-chip-rebound,2026-06-25/news_01.md,^NDX,1,0.41,0.35,-0.37,1.02,21,pos (risk-on su semis dopo earnings beat),high,1,2026-06-25,-1.0940,0,0,1.5040,2026-06-29
2026-06-25,ai-chip-rebound,2026-06-25/news_01.md,^NDX,3,0.34,0.76,-0.97,2.26,21,pos (risk-on su semis dopo earnings beat),high,1,2026-06-25,2.8397,0,1,2.4997,2026-07-06
2026-06-25,ai-chip-rebound,2026-06-25/news_01.md,^NDX,5,0.77,0.9,-0.47,3.61,21,pos (risk-on su semis dopo earnings beat),high,1,2026-06-25,-0.3774,1,0,1.1474,2026-07-06
2026-06-25,ai-chip-rebound,2026-06-25/news_01.md,^NDX,10,2.03,1.8,1.11,3.44,21,pos (risk-on su semis dopo earnings beat),high,1,2026-06-25,1.3070,1,1,0.7230,2026-07-13
2026-06-25,brent-hormuz-deescalation,2026-06-25/news_04.md,BZ=F,1,0.45,-0.1,-2.9,2.67,25,bearish oil / risk-premium drain,high,1,2026-06-25,0.1517,1,1,0.2983,2026-06-29
2026-06-25,brent-hormuz-deescalation,2026-06-25/news_04.md,BZ=F,3,0.03,1.53,-3.34,6.1,25,bearish oil / risk-premium drain,high,0,2026-06-25,1.3933,1,,1.3633,2026-07-06
2026-06-25,brent-hormuz-deescalation,2026-06-25/news_04.md,BZ=F,5,-1.38,1.32,-3.9,4.92,25,bearish oil / risk-premium drain,high,1,2026-06-25,-2.2486,1,1,0.8686,2026-07-06
2026-06-25,brent-hormuz-deescalation,2026-06-25/news_04.md,BZ=F,10,-1.44,3.32,-5.47,9.9,25,bearish oil / risk-premium drain,high,1,2026-06-25,7.6424,1,0,9.0824,2026-07-13
2026-06-25,brent-hormuz-deescalation,2026-06-25/news_04.md,GC=F,1,-0.19,0.32,-0.66,1.25,25,bearish oil / risk-premium drain,high,1,2026-06-25,2.4382,0,0,2.6282,2026-06-29
2026-06-25,brent-hormuz-deescalation,2026-06-25/news_04.md,GC=F,3,-0.31,-0.2,-1.59,0.8,25,bearish oil / risk-premium drain,high,1,2026-06-25,-0.1475,1,1,0.1625,2026-07-06
2026-06-25,brent-hormuz-deescalation,2026-06-25/news_04.md,GC=F,5,-0.19,-0.57,-2.47,1.34,25,bearish oil / risk-premium drain,high,1,2026-06-25,1.8706,0,0,2.0606,2026-07-06
2026-06-25,brent-hormuz-deescalation,2026-06-25/news_04.md,GC=F,10,-0.43,-0.85,-2.51,1.7,25,bearish oil / risk-premium drain,high,1,2026-06-25,2.2432,0,0,2.6732,2026-07-13
2026-06-25,china-property-copper,2026-06-25/news_06.md,EEM,1,-0.9,-0.67,-1.48,1.61,14,bearish (domanda cinese debole),medium,1,2026-06-25,-1.1330,1,1,0.2330,2026-06-29
2026-06-25,china-property-copper,2026-06-25/news_06.md,EEM,3,-0.03,0.09,-2.92,1.65,14,bearish (domanda cinese debole),medium,0,2026-06-25,0.6622,1,,0.6922,2026-07-06
2026-06-25,china-property-copper,2026-06-25/news_06.md,EEM,5,-0.44,0.25,-2.15,1.06,14,bearish (domanda cinese debole),medium,1,2026-06-25,-3.3255,0,1,2.8855,2026-07-06
2026-06-25,china-property-copper,2026-06-25/news_06.md,EEM,10,-1.1,0.48,-2.69,2.25,14,bearish (domanda cinese debole),medium,1,2026-06-25,-1.5597,1,1,0.4597,2026-07-13
2026-06-25,china-property-copper,2026-06-25/news_06.md,HG=F,1,0.02,-0.16,-1.78,1.66,14,bearish (domanda cinese debole),medium,0,2026-06-25,3.5795,0,,3.5595,2026-06-29
2026-06-25,china-property-copper,2026-06-25/news_06.md,HG=F,3,0.04,0.04,-1.66,1.68,14,bearish (domanda cinese debole),medium,0,2026-06-25,3.1456,0,,3.1056,2026-07-06
2026-06-25,china-property-copper,2026-06-25/news_06.md,HG=F,5,-1.08,-0.6,-2.92,1.21,14,bearish (domanda cinese debole),medium,1,2026-06-25,2.5949,0,0,3.6749,2026-07-06
2026-06-25,china-property-copper,2026-06-25/news_06.md,HG=F,10,-0.07,0.63,-2.58,4.17,14,bearish (domanda cinese debole),medium,0,2026-06-25,2.6116,1,,2.6816,2026-07-13
2026-06-25,core-pce-may,2026-06-25/news_02.md,DX-Y.NYB,1,-0.04,-0.02,-0.3,0.34,43,"hawkish (inflazione sopra target, alimenta scommesse di rialzo)",high,0,2026-06-25,-0.1674,1,,0.1274,2026-06-29
2026-06-25,core-pce-may,2026-06-25/news_02.md,DX-Y.NYB,3,-0.05,-0.08,-0.46,0.6,43,"hawkish (inflazione sopra target, alimenta scommesse di rialzo)",high,0,2026-06-25,-0.1655,1,,0.1155,2026-07-06
2026-06-25,core-pce-may,2026-06-25/news_02.md,DX-Y.NYB,5,0.19,0.03,-0.64,0.67,43,"hawkish (inflazione sopra target, alimenta scommesse di rialzo)",high,1,2026-06-25,-0.1920,1,0,0.3820,2026-07-06
2026-06-25,core-pce-may,2026-06-25/news_02.md,DX-Y.NYB,10,0.46,0.14,-0.8,1.17,43,"hawkish (inflazione sopra target, alimenta scommesse di rialzo)",high,1,2026-06-25,-0.6077,1,0,1.0677,2026-07-13
2026-06-25,core-pce-may,2026-06-25/news_02.md,GC=F,1,-0.28,-0.24,-1.12,0.75,43,"hawkish (inflazione sopra target, alimenta scommesse di rialzo)",high,1,2026-06-25,2.4382,0,0,2.7182,2026-06-29
2026-06-25,core-pce-may,2026-06-25/news_02.md,GC=F,3,-0.63,-0.24,-1.49,1.01,43,"hawkish (inflazione sopra target, alimenta scommesse di rialzo)",high,1,2026-06-25,-0.1475,1,1,0.4825,2026-07-06
2026-06-25,core-pce-may,2026-06-25/news_02.md,GC=F,5,-0.16,-0.25,-1.86,1.17,43,"hawkish (inflazione sopra target, alimenta scommesse di rialzo)",high,1,2026-06-25,1.8706,0,0,2.0306,2026-07-06
2026-06-25,core-pce-may,2026-06-25/news_02.md,GC=F,10,-0.1,0.28,-1.6,1.36,43,"hawkish (inflazione sopra target, alimenta scommesse di rialzo)",high,1,2026-06-25,2.2432,0,0,2.3432,2026-07-13
2026-06-25,core-pce-may,2026-06-25/news_02.md,^GSPC,1,-0.08,-0.17,-0.76,0.64,43,"hawkish (inflazione sopra target, alimenta scommesse di rialzo)",high,0,2026-06-25,-0.0472,1,,0.0328,2026-06-29
2026-06-25,core-pce-may,2026-06-25/news_02.md,^GSPC,3,-0.1,-0.43,-1.9,1.25,43,"hawkish (inflazione sopra target, alimenta scommesse di rialzo)",high,1,2026-06-25,1.9282,0,0,2.0282,2026-07-06
2026-06-25,core-pce-may,2026-06-25/news_02.md,^GSPC,5,-0.25,-0.43,-2.06,1.11,43,"hawkish (inflazione sopra target, alimenta scommesse di rialzo)",high,1,2026-06-25,1.7091,0,0,1.9591,2026-07-06
2026-06-25,core-pce-may,2026-06-25/news_02.md,^GSPC,10,0.95,-0.09,-2.71,2.0,43,"hawkish (inflazione sopra target, alimenta scommesse di rialzo)",high,1,2026-06-25,2.9616,0,1,2.0116,2026-07-13
2026-06-25,core-pce-may,2026-06-25/news_02.md,^TNX,1,0.04,0.14,-1.55,1.22,43,"hawkish (inflazione sopra target, alimenta scommesse di rialzo)",high,0,2026-06-25,-0.4554,1,,0.4954,2026-06-29
2026-06-25,core-pce-may,2026-06-25/news_02.md,^TNX,3,0.8,0.84,-0.83,3.19,43,"hawkish (inflazione sopra target, alimenta scommesse di rialzo)",high,1,2026-06-25,0.5920,1,1,0.2080,2026-07-06
2026-06-25,core-pce-may,2026-06-25/news_02.md,^TNX,5,0.79,1.38,-1.2,2.97,43,"hawkish (inflazione sopra target, alimenta scommesse di rialzo)",high,1,2026-06-25,2.1175,1,1,1.3275,2026-07-06
2026-06-25,core-pce-may,2026-06-25/news_02.md,^TNX,10,2.13,2.38,-1.04,5.94,43,"hawkish (inflazione sopra target, alimenta scommesse di rialzo)",high,1,2026-06-25,4.0301,1,1,1.9001,2026-07-13
2026-06-25,gold-below-4000,2026-06-25/news_05.md,DX-Y.NYB,1,0.15,0.15,-0.21,0.56,51,bearish (haven unwind),medium,1,2026-06-25,-0.1674,1,0,0.3174,2026-06-29
2026-06-25,gold-below-4000,2026-06-25/news_05.md,DX-Y.NYB,3,0.35,0.26,-0.24,0.75,51,bearish (haven unwind),medium,1,2026-06-25,-0.1655,1,0,0.5155,2026-07-06
2026-06-25,gold-below-4000,2026-06-25/news_05.md,DX-Y.NYB,5,0.24,0.16,-0.36,0.65,51,bearish (haven unwind),medium,1,2026-06-25,-0.1920,1,0,0.4320,2026-07-06
2026-06-25,gold-below-4000,2026-06-25/news_05.md,DX-Y.NYB,10,0.15,0.4,-0.56,0.89,51,bearish (haven unwind),medium,1,2026-06-25,-0.6077,0,0,0.7577,2026-07-13
2026-06-25,gold-below-4000,2026-06-25/news_05.md,GC=F,1,-0.19,-0.15,-1.03,0.88,51,bearish (haven unwind),medium,1,2026-06-25,2.4382,0,0,2.6282,2026-06-29
2026-06-25,gold-below-4000,2026-06-25/news_05.md,GC=F,3,-0.43,-0.64,-1.99,0.66,51,bearish (haven unwind),medium,1,2026-06-25,-0.1475,1,1,0.2825,2026-07-06
2026-06-25,gold-below-4000,2026-06-25/news_05.md,GC=F,5,-0.25,-0.4,-2.56,1.63,51,bearish (haven unwind),medium,1,2026-06-25,1.8706,0,0,2.1206,2026-07-06
2026-06-25,gold-below-4000,2026-06-25/news_05.md,GC=F,10,-1.35,-1.25,-4.59,1.62,51,bearish (haven unwind),medium,1,2026-06-25,2.2432,0,0,3.5932,2026-07-13
2026-06-25,hawkish-fed-repricing,2026-06-25/news_03.md,DX-Y.NYB,1,0.09,0.07,-0.37,0.33,31,hawkish (repricing verso un rialzo Fed),high,0,2026-06-25,-0.1674,1,,0.2574,2026-06-29
2026-06-25,hawkish-fed-repricing,2026-06-25/news_03.md,DX-Y.NYB,3,-0.04,0.13,-0.39,0.62,31,hawkish (repricing verso un rialzo Fed),high,0,2026-06-25,-0.1655,1,,0.1255,2026-07-06
2026-06-25,hawkish-fed-repricing,2026-06-25/news_03.md,DX-Y.NYB,5,0.22,0.17,-0.3,0.6,31,hawkish (repricing verso un rialzo Fed),high,1,2026-06-25,-0.1920,1,0,0.4120,2026-07-06
2026-06-25,hawkish-fed-repricing,2026-06-25/news_03.md,DX-Y.NYB,10,0.56,0.24,-0.85,1.08,31,hawkish (repricing verso un rialzo Fed),high,1,2026-06-25,-0.6077,1,0,1.1677,2026-07-13
2026-06-25,hawkish-fed-repricing,2026-06-25/news_03.md,EURUSD=X,1,0.09,-0.01,-0.21,0.42,31,hawkish (repricing verso un rialzo Fed),high,0,2026-06-25,0.2164,1,,0.1264,2026-06-29
2026-06-25,hawkish-fed-repricing,2026-06-25/news_03.md,EURUSD=X,3,-0.1,-0.18,-0.55,0.34,31,hawkish (repricing verso un rialzo Fed),high,1,2026-06-25,0.1936,1,0,0.2936,2026-07-06
2026-06-25,hawkish-fed-repricing,2026-06-25/news_03.md,EURUSD=X,5,0.02,-0.13,-0.71,0.56,31,hawkish (repricing verso un rialzo Fed),high,0,2026-06-25,0.2164,1,,0.1964,2026-07-06
2026-06-25,hawkish-fed-repricing,2026-06-25/news_03.md,EURUSD=X,10,-0.29,-0.22,-0.92,0.3,31,hawkish (repricing verso un rialzo Fed),high,1,2026-06-25,0.6060,0,0,0.8960,2026-07-13
2026-06-25,hawkish-fed-repricing,2026-06-25/news_03.md,IEF,1,0.01,0.01,-0.23,0.28,31,hawkish (repricing verso un rialzo Fed),high,0,2026-06-25,0.2532,1,,0.2432,2026-06-29
2026-06-25,hawkish-fed-repricing,2026-06-25/news_03.md,IEF,3,0.21,-0.05,-0.38,0.48,31,hawkish (repricing verso un rialzo Fed),high,1,2026-06-25,-0.2321,1,0,0.4421,2026-07-06
2026-06-25,hawkish-fed-repricing,2026-06-25/news_03.md,IEF,5,0.38,0.09,-0.43,0.79,31,hawkish (repricing verso un rialzo Fed),high,1,2026-06-25,-0.7068,0,0,1.0868,2026-07-06
2026-06-25,hawkish-fed-repricing,2026-06-25/news_03.md,IEF,10,0.0,-0.21,-1.25,0.89,31,hawkish (repricing verso un rialzo Fed),high,0,2026-06-25,-1.2238,1,,1.2238,2026-07-13
2026-06-25,hawkish-fed-repricing,2026-06-25/news_03.md,JPY=X,1,-0.17,-0.05,-0.4,0.47,31,hawkish (repricing verso un rialzo Fed),high,1,2026-06-25,-0.1514,1,1,0.0186,2026-06-29
2026-06-25,hawkish-fed-repricing,2026-06-25/news_03.md,JPY=X,3,0.15,-0.08,-1.02,0.8,31,hawkish (repricing verso un rialzo Fed),high,1,2026-06-25,-0.0643,1,0,0.2143,2026-06-29
2026-06-25,hawkish-fed-repricing,2026-06-25/news_03.md,JPY=X,5,-0.34,-0.46,-1.32,0.71,31,hawkish (repricing verso un rialzo Fed),high,1,2026-06-25,0.3066,1,0,0.6466,2026-07-06
2026-06-25,hawkish-fed-repricing,2026-06-25/news_03.md,JPY=X,10,-0.03,-0.21,-1.5,1.1,31,hawkish (repricing verso un rialzo Fed),high,0,2026-06-25,0.0488,1,,0.0788,2026-07-13
2026-06-25,hawkish-fed-repricing,2026-06-25/news_03.md,^TNX,1,-0.26,-0.08,-1.02,1.02,31,hawkish (repricing verso un rialzo Fed),high,1,2026-06-25,-0.4554,1,1,0.1954,2026-06-29
2026-06-25,hawkish-fed-repricing,2026-06-25/news_03.md,^TNX,3,-0.47,0.4,-1.62,1.75,31,hawkish (repricing verso un rialzo Fed),high,1,2026-06-25,0.5920,1,0,1.0620,2026-07-06
2026-06-25,hawkish-fed-repricing,2026-06-25/news_03.md,^TNX,5,-0.95,-0.05,-2.4,2.07,31,hawkish (repricing verso un rialzo Fed),high,1,2026-06-25,2.1175,0,0,3.0675,2026-07-06
2026-06-25,hawkish-fed-repricing,2026-06-25/news_03.md,^TNX,10,0.84,1.22,-2.79,4.27,31,hawkish (repricing verso un rialzo Fed),high,1,2026-06-25,4.0301,1,1,3.1901,2026-07-13
2026-06-28,asia-risk-off-reopen,2026-06-28/news_04.md,JPY=X,1,0.06,0.06,-0.03,0.16,12,neg,medium,0,2026-06-28,0.0674,1,,0.0074,2026-06-29
2026-06-28,asia-risk-off-reopen,2026-06-28/news_04.md,JPY=X,3,0.01,-0.04,-0.51,0.26,11,neg,medium,0,2026-06-28,0.6333,0,,0.6233,2026-07-06
2026-06-28,asia-risk-off-reopen,2026-06-28/news_04.md,JPY=X,5,0.18,-0.05,-1.08,0.42,12,neg,medium,1,2026-06-28,-0.2152,1,0,0.3952,2026-07-06
2026-06-28,asia-risk-off-reopen,2026-06-28/news_04.md,JPY=X,10,0.76,0.72,0.35,1.41,12,neg,medium,1,2026-06-28,-0.0080,0,0,0.7680,2026-07-13
2026-06-28,asia-risk-off-reopen,2026-06-28/news_04.md,^N225,1,0.4,0.19,-0.21,0.79,13,neg,medium,1,2026-06-29,1.9742,0,1,1.5742,2026-07-06
2026-06-28,asia-risk-off-reopen,2026-06-28/news_04.md,^N225,3,2.85,1.86,0.96,3.51,13,neg,medium,1,2026-06-29,0.2338,0,1,2.6162,2026-07-06
2026-06-28,asia-risk-off-reopen,2026-06-28/news_04.md,^N225,5,2.12,1.58,-0.17,3.14,13,neg,medium,1,2026-06-29,0.5428,1,1,1.5772,2026-07-06
2026-06-28,asia-risk-off-reopen,2026-06-28/news_04.md,^N225,10,2.29,1.88,0.27,3.27,12,neg,medium,1,2026-06-29,-2.9337,0,0,5.2237,2026-07-13
2026-06-28,iran-hormuz-escalation,2026-06-28/news_01.md,BZ=F,1,-0.11,-0.68,-3.06,0.8,13,neg,high,1,2026-06-29,0.8922,0,0,1.0022,2026-07-06
2026-06-28,iran-hormuz-escalation,2026-06-28/news_01.md,BZ=F,3,-0.1,0.82,-5.05,4.09,13,neg,high,1,2026-06-29,-2.7316,1,1,2.6316,2026-07-06
2026-06-28,iran-hormuz-escalation,2026-06-28/news_01.md,BZ=F,5,0.56,1.35,-4.0,3.48,13,neg,high,1,2026-06-29,-1.1256,1,0,1.6856,2026-07-06
2026-06-28,iran-hormuz-escalation,2026-06-28/news_01.md,BZ=F,10,-2.51,0.69,-4.42,3.9,12,neg,high,1,2026-06-29,9.2793,0,0,11.7893,2026-07-13
2026-06-28,iran-hormuz-escalation,2026-06-28/news_01.md,GC=F,1,0.11,0.05,-0.86,1.11,13,neg,high,1,2026-06-29,-1.7519,0,0,1.8619,2026-07-06
2026-06-28,iran-hormuz-escalation,2026-06-28/news_01.md,GC=F,3,-0.58,0.02,-1.31,2.06,13,neg,high,1,2026-06-29,0.2338,1,0,0.8138,2026-07-06
2026-06-28,iran-hormuz-escalation,2026-06-28/news_01.md,GC=F,5,0.58,-0.5,-2.79,1.18,13,neg,high,1,2026-06-29,2.5024,0,1,1.9224,2026-07-06
2026-06-28,iran-hormuz-escalation,2026-06-28/news_01.md,GC=F,10,-0.91,-1.31,-4.72,0.79,12,neg,high,1,2026-06-29,0.1747,1,0,1.0847,2026-07-13
2026-06-28,iran-hormuz-escalation,2026-06-28/news_01.md,^GSPC,1,0.11,0.04,-0.24,0.58,13,neg,high,1,2026-06-29,0.7920,0,1,0.6820,2026-07-06
2026-06-28,iran-hormuz-escalation,2026-06-28/news_01.md,^GSPC,3,0.81,0.47,-0.21,1.33,13,neg,high,1,2026-06-29,0.5754,1,1,0.2346,2026-07-06
2026-06-28,iran-hormuz-escalation,2026-06-28/news_01.md,^GSPC,5,0.55,0.2,-1.27,1.21,13,neg,high,1,2026-06-29,0.8524,1,1,0.3024,2026-07-13
2026-06-28,iran-hormuz-escalation,2026-06-28/news_01.md,^GSPC,10,0.4,0.25,-1.81,2.37,12,neg,high,1,2026-06-29,1.3865,1,1,0.9865,2026-07-20
2026-06-28,iran-hormuz-escalation,2026-06-28/news_01.md,^VIX,1,-1.74,-0.06,-4.12,4.77,13,neg,high,1,2026-06-29,-6.7989,0,1,5.0589,2026-07-06
2026-06-28,iran-hormuz-escalation,2026-06-28/news_01.md,^VIX,3,-1.47,-1.5,-8.4,4.83,13,neg,high,1,2026-06-29,-8.4986,0,1,7.0286,2026-07-06
2026-06-28,iran-hormuz-escalation,2026-06-28/news_01.md,^VIX,5,-0.72,2.65,-7.29,7.04,13,neg,high,1,2026-06-29,-11.7847,0,1,11.0647,2026-07-13
2026-06-28,iran-hormuz-escalation,2026-06-28/news_01.md,^VIX,10,-3.15,2.78,-9.18,15.76,12,neg,high,1,2026-06-29,-2.7762,1,1,0.3738,2026-07-20
2026-06-28,safe-havens-test,2026-06-28/news_02.md,BTC-USD,1,0.44,0.53,-1.09,0.82,13,neutral,medium,1,2026-06-28,0.2015,1,1,0.2385,2026-06-29
2026-06-28,safe-havens-test,2026-06-28/news_02.md,BTC-USD,3,-0.41,-0.72,-1.63,0.98,13,neutral,medium,1,2026-06-28,-1.3823,1,1,0.9723,2026-07-06
2026-06-28,safe-havens-test,2026-06-28/news_02.md,BTC-USD,5,0.58,-1.63,-3.38,1.66,13,neutral,medium,1,2026-06-28,2.8907,0,1,2.3107,2026-07-06
2026-06-28,safe-havens-test,2026-06-28/news_02.md,BTC-USD,10,0.31,-3.48,-13.87,2.67,13,neutral,medium,1,2026-06-28,4.4254,0,1,4.1154,2026-07-13
2026-06-28,safe-havens-test,2026-06-28/news_02.md,DX-Y.NYB,1,-0.05,-0.1,-0.25,0.1,13,neutral,medium,0,2026-06-29,0.0602,1,,0.1102,2026-07-06
2026-06-28,safe-havens-test,2026-06-28/news_02.md,DX-Y.NYB,3,-0.01,-0.08,-0.5,0.5,13,neutral,medium,0,2026-06-29,0.0336,1,,0.0436,2026-07-06
2026-06-28,safe-havens-test,2026-06-28/news_02.md,DX-Y.NYB,5,0.05,0.0,-0.64,0.42,13,neutral,medium,0,2026-06-29,-0.3346,1,,0.3846,2026-07-06
2026-06-28,safe-havens-test,2026-06-28/news_02.md,DX-Y.NYB,10,0.17,0.17,-0.19,0.69,12,neutral,medium,1,2026-06-29,-0.2162,0,0,0.3862,2026-07-13
2026-06-28,safe-havens-test,2026-06-28/news_02.md,GC=F,1,0.11,0.05,-0.86,1.11,13,neutral,medium,1,2026-06-29,-1.7519,0,0,1.8619,2026-07-06
2026-06-28,safe-havens-test,2026-06-28/news_02.md,GC=F,3,-0.58,0.02,-1.31,2.06,13,neutral,medium,1,2026-06-29,0.2338,1,0,0.8138,2026-07-06
2026-06-28,safe-havens-test,2026-06-28/news_02.md,GC=F,5,0.58,-0.5,-2.79,1.18,13,neutral,medium,1,2026-06-29,2.5024,0,1,1.9224,2026-07-06
2026-06-28,safe-havens-test,2026-06-28/news_02.md,GC=F,10,-0.91,-1.31,-4.72,0.79,12,neutral,medium,1,2026-06-29,0.1747,1,0,1.0847,2026-07-13
2026-06-28,treasuries-dollar-flight-quality,2026-06-28/news_03.md,DX-Y.NYB,1,-0.05,-0.1,-0.25,0.1,13,neutral,medium,0,2026-06-29,0.0602,1,,0.1102,2026-07-06
2026-06-28,treasuries-dollar-flight-quality,2026-06-28/news_03.md,DX-Y.NYB,3,-0.01,-0.08,-0.5,0.5,13,neutral,medium,0,2026-06-29,0.0336,1,,0.0436,2026-07-06
2026-06-28,treasuries-dollar-flight-quality,2026-06-28/news_03.md,DX-Y.NYB,5,0.05,0.0,-0.64,0.42,13,neutral,medium,0,2026-06-29,-0.3346,1,,0.3846,2026-07-06
2026-06-28,treasuries-dollar-flight-quality,2026-06-28/news_03.md,DX-Y.NYB,10,0.17,0.17,-0.19,0.69,12,neutral,medium,1,2026-06-29,-0.2162,0,0,0.3862,2026-07-13
2026-06-28,treasuries-dollar-flight-quality,2026-06-28/news_03.md,IEF,1,0.12,0.13,0.04,0.28,13,neutral,medium,1,2026-06-29,-0.5155,0,0,0.6355,2026-07-06
2026-06-28,treasuries-dollar-flight-quality,2026-06-28/news_03.md,IEF,3,0.08,0.13,-0.16,0.39,13,neutral,medium,0,2026-06-29,-0.9888,0,,1.0688,2026-07-06
2026-06-28,treasuries-dollar-flight-quality,2026-06-28/news_03.md,IEF,5,-0.03,0.05,-0.34,0.43,13,neutral,medium,0,2026-06-29,-1.4307,0,,1.4007,2026-07-13
2026-06-28,treasuries-dollar-flight-quality,2026-06-28/news_03.md,IEF,10,-0.29,-0.23,-0.56,-0.03,12,neutral,medium,1,2026-06-29,-1.5885,0,1,1.2985,2026-07-20
2026-06-28,treasuries-dollar-flight-quality,2026-06-28/news_03.md,^TNX,1,-0.58,-0.66,-0.92,-0.23,13,neutral,medium,1,2026-06-29,1.0059,0,0,1.5859,2026-07-06
2026-06-28,treasuries-dollar-flight-quality,2026-06-28/news_03.md,^TNX,3,-0.23,-0.88,-1.39,0.3,13,neutral,medium,1,2026-06-29,2.5377,0,0,2.7677,2026-07-06
2026-06-28,treasuries-dollar-flight-quality,2026-06-28/news_03.md,^TNX,5,0.0,-0.92,-2.01,0.54,13,neutral,medium,0,2026-06-29,3.5437,0,,3.5437,2026-07-13
2026-06-28,treasuries-dollar-flight-quality,2026-06-28/news_03.md,^TNX,10,1.19,0.42,0.54,2.43,12,neutral,medium,1,2026-06-29,4.8240,0,1,3.6340,2026-07-20
2026-07-02,hicp-eurozone-june-cools,2026-07-02/news_01.md,EURUSD=X,1,0.24,0.4,-0.2,0.9,12,dovish,medium,1,2026-07-02,0.4462,1,1,0.2062,2026-07-06
2026-07-02,hicp-eurozone-june-cools,2026-07-02/news_01.md,EURUSD=X,3,0.62,0.92,-0.0,1.55,12,dovish,medium,1,2026-07-02,0.4002,1,1,0.2198,2026-07-13
2026-07-02,hicp-eurozone-june-cools,2026-07-02/news_01.md,EURUSD=X,5,0.96,1.24,-0.04,2.03,12,dovish,medium,1,2026-07-02,0.3887,1,1,0.5713,2026-07-13
2026-07-02,hicp-eurozone-june-cools,2026-07-02/news_01.md,EURUSD=X,10,1.04,1.16,0.03,2.09,12,dovish,medium,1,2026-07-02,0.6881,1,1,0.3519,2026-07-20
2026-07-02,hicp-eurozone-june-cools,2026-07-02/news_01.md,IEAG.AS,1,-0.12,-0.1,-0.18,0.05,12,dovish,medium,1,2026-07-02,-0.1382,1,1,0.0182,2026-07-06
2026-07-02,hicp-eurozone-june-cools,2026-07-02/news_01.md,IEAG.AS,3,0.05,-0.2,-0.26,0.39,12,dovish,medium,0,2026-07-02,-0.4700,0,,0.5200,2026-07-13
2026-07-02,hicp-eurozone-june-cools,2026-07-02/news_01.md,IEAG.AS,5,0.17,-0.06,-0.45,0.59,12,dovish,medium,1,2026-07-02,-0.8201,0,0,0.9901,2026-07-13
2026-07-02,hicp-eurozone-june-cools,2026-07-02/news_01.md,IEAG.AS,10,0.58,0.07,-0.48,0.71,12,dovish,medium,1,2026-07-02,-2.4512,0,0,3.0312,2026-07-20
2026-07-02,hicp-eurozone-june-cools,2026-07-02/news_01.md,^STOXX50E,1,0.46,0.11,-0.33,0.71,12,dovish,medium,1,2026-07-02,0.8209,0,1,0.3609,2026-07-06
2026-07-02,hicp-eurozone-june-cools,2026-07-02/news_01.md,^STOXX50E,3,0.03,0.11,-0.42,1.19,12,dovish,medium,0,2026-07-02,-0.6385,0,,0.6685,2026-07-13
2026-07-02,hicp-eurozone-june-cools,2026-07-02/news_01.md,^STOXX50E,5,0.31,0.09,-1.1,1.08,12,dovish,medium,1,2026-07-02,-1.1980,0,0,1.5080,2026-07-13
2026-07-02,hicp-eurozone-june-cools,2026-07-02/news_01.md,^STOXX50E,10,0.64,0.7,-1.87,3.31,12,dovish,medium,1,2026-07-02,-1.2084,1,0,1.8484,2026-07-20
2026-07-02,oil-gold-iran-ukraine-mixed,2026-07-02/news_06.md,BZ=F,1,-0.11,-1.14,-4.09,1.14,17,mixed (distensione Iran − / escalation Russia +),low,1,2026-07-02,1.7923,0,0,1.9023,2026-07-06
2026-07-02,oil-gold-iran-ukraine-mixed,2026-07-02/news_06.md,BZ=F,3,-1.89,-1.22,-5.25,1.84,17,mixed (distensione Iran − / escalation Russia +),low,1,2026-07-02,2.6955,0,0,4.5855,2026-07-13
2026-07-02,oil-gold-iran-ukraine-mixed,2026-07-02/news_06.md,BZ=F,5,-2.2,-1.06,-5.41,1.61,17,mixed (distensione Iran − / escalation Russia +),low,1,2026-07-02,10.1185,0,0,12.3185,2026-07-13
2026-07-02,oil-gold-iran-ukraine-mixed,2026-07-02/news_06.md,BZ=F,10,-4.05,-3.2,-8.92,-1.89,17,mixed (distensione Iran − / escalation Russia +),low,1,2026-07-02,19.3480,0,0,23.3980,2026-07-20
2026-07-02,oil-gold-iran-ukraine-mixed,2026-07-02/news_06.md,CHF=X,1,0.28,0.14,-0.12,0.43,17,mixed (distensione Iran − / escalation Russia +),low,1,2026-07-02,-0.7321,0,0,1.0121,2026-07-06
2026-07-02,oil-gold-iran-ukraine-mixed,2026-07-02/news_06.md,CHF=X,3,-0.12,-0.18,-0.69,0.63,17,mixed (distensione Iran − / escalation Russia +),low,1,2026-07-02,-0.3166,1,1,0.1966,2026-07-13
2026-07-02,oil-gold-iran-ukraine-mixed,2026-07-02/news_06.md,CHF=X,5,-0.14,-0.21,-0.34,0.46,17,mixed (distensione Iran − / escalation Russia +),low,1,2026-07-02,-0.2486,1,1,0.1086,2026-07-13
2026-07-02,oil-gold-iran-ukraine-mixed,2026-07-02/news_06.md,CHF=X,10,-0.01,-0.52,-1.0,0.41,17,mixed (distensione Iran − / escalation Russia +),low,0,2026-07-02,0.0260,1,,0.0360,2026-07-20
2026-07-02,oil-gold-iran-ukraine-mixed,2026-07-02/news_06.md,GC=F,1,-0.0,-0.12,-0.66,0.32,17,mixed (distensione Iran − / escalation Russia +),low,0,2026-07-02,2.7911,0,,2.7911,2026-07-06
2026-07-02,oil-gold-iran-ukraine-mixed,2026-07-02/news_06.md,GC=F,3,-0.31,-0.35,-1.29,0.7,17,mixed (distensione Iran − / escalation Russia +),low,1,2026-07-02,1.4459,0,0,1.7559,2026-07-13
2026-07-02,oil-gold-iran-ukraine-mixed,2026-07-02/news_06.md,GC=F,5,-0.19,-0.61,-2.47,1.05,17,mixed (distensione Iran − / escalation Russia +),low,1,2026-07-02,0.3658,1,0,0.5558,2026-07-13
2026-07-02,oil-gold-iran-ukraine-mixed,2026-07-02/news_06.md,GC=F,10,-0.86,-1.09,-2.49,0.46,17,mixed (distensione Iran − / escalation Russia +),low,1,2026-07-02,-0.9918,1,1,0.1318,2026-07-20
2026-07-02,oil-gold-iran-ukraine-mixed,2026-07-02/news_06.md,JPY=X,1,0.12,0.13,-0.15,0.37,17,mixed (distensione Iran − / escalation Russia +),low,1,2026-07-02,-0.6123,0,0,0.7323,2026-07-06
2026-07-02,oil-gold-iran-ukraine-mixed,2026-07-02/news_06.md,JPY=X,3,0.05,0.03,-0.56,0.61,17,mixed (distensione Iran − / escalation Russia +),low,0,2026-07-02,-0.2852,1,,0.3352,2026-07-13
2026-07-02,oil-gold-iran-ukraine-mixed,2026-07-02/news_06.md,JPY=X,5,0.13,0.3,-0.26,0.89,17,mixed (distensione Iran − / escalation Russia +),low,1,2026-07-02,0.0191,1,1,0.1109,2026-07-13
2026-07-02,oil-gold-iran-ukraine-mixed,2026-07-02/news_06.md,JPY=X,10,0.17,0.2,-0.69,0.9,17,mixed (distensione Iran − / escalation Russia +),low,1,2026-07-02,-0.1096,1,0,0.2796,2026-07-20
2026-07-02,oil-gold-iran-ukraine-mixed,2026-07-02/news_06.md,^GSPC,1,0.29,0.37,0.0,0.94,17,mixed (distensione Iran − / escalation Russia +),low,1,2026-07-02,0.7242,1,1,0.4342,2026-07-13
2026-07-02,oil-gold-iran-ukraine-mixed,2026-07-02/news_06.md,^GSPC,3,0.29,0.34,-0.21,0.9,17,mixed (distensione Iran − / escalation Russia +),low,1,2026-07-02,-0.0071,1,0,0.2971,2026-07-13
2026-07-02,oil-gold-iran-ukraine-mixed,2026-07-02/news_06.md,^GSPC,5,0.55,0.51,-0.21,1.11,17,mixed (distensione Iran − / escalation Russia +),low,1,2026-07-02,1.2314,0,1,0.6814,2026-07-13
2026-07-02,oil-gold-iran-ukraine-mixed,2026-07-02/news_06.md,^GSPC,10,1.34,0.97,-0.6,2.93,17,mixed (distensione Iran − / escalation Russia +),low,1,2026-07-02,-0.3414,1,0,1.6814,2026-07-20
2026-07-02,oil-gold-iran-ukraine-mixed,2026-07-02/news_06.md,^VIX,1,-3.41,-3.57,-8.04,-1.57,17,mixed (distensione Iran − / escalation Russia +),low,1,2026-07-02,-2.1053,1,1,1.3047,2026-07-06
2026-07-02,oil-gold-iran-ukraine-mixed,2026-07-02/news_06.md,^VIX,3,-4.23,-3.85,-6.4,-3.27,17,mixed (distensione Iran − / escalation Russia +),low,1,2026-07-02,-0.1238,0,1,4.1062,2026-07-13
2026-07-02,oil-gold-iran-ukraine-mixed,2026-07-02/news_06.md,^VIX,5,-4.76,-2.48,-11.44,1.64,17,mixed (distensione Iran − / escalation Russia +),low,1,2026-07-02,-1.9195,1,1,2.8405,2026-07-13
2026-07-02,oil-gold-iran-ukraine-mixed,2026-07-02/news_06.md,^VIX,10,-3.49,-1.84,-15.23,0.93,17,mixed (distensione Iran − / escalation Russia +),low,1,2026-07-02,3.5913,0,0,7.0813,2026-07-20
2026-07-02,us-soft-data-adp-ism,2026-07-02/news_02.md,DX-Y.NYB,1,0.12,0.06,-0.03,0.31,12,dovish,medium,1,2026-07-02,-0.4776,0,0,0.5976,2026-07-06
2026-07-02,us-soft-data-adp-ism,2026-07-02/news_02.md,DX-Y.NYB,3,0.11,0.04,-0.29,0.5,12,dovish,medium,1,2026-07-02,-0.3977,0,0,0.5077,2026-07-13
2026-07-02,us-soft-data-adp-ism,2026-07-02/news_02.md,DX-Y.NYB,5,0.02,0.21,-0.27,0.65,12,dovish,medium,0,2026-07-02,-0.4164,0,,0.4364,2026-07-13
2026-07-02,us-soft-data-adp-ism,2026-07-02/news_02.md,DX-Y.NYB,10,0.02,0.13,-0.3,0.81,12,dovish,medium,0,2026-07-02,-0.8062,0,,0.8262,2026-07-20
2026-07-02,us-soft-data-adp-ism,2026-07-02/news_02.md,GC=F,1,-0.36,-0.46,-1.24,0.34,12,dovish,medium,1,2026-07-02,2.7911,0,0,3.1511,2026-07-06
2026-07-02,us-soft-data-adp-ism,2026-07-02/news_02.md,GC=F,3,-0.16,-0.28,-2.1,0.86,12,dovish,medium,1,2026-07-02,1.4459,0,0,1.6059,2026-07-13
2026-07-02,us-soft-data-adp-ism,2026-07-02/news_02.md,GC=F,5,0.52,-0.09,-1.88,1.83,12,dovish,medium,1,2026-07-02,0.3658,1,1,0.1542,2026-07-13
2026-07-02,us-soft-data-adp-ism,2026-07-02/news_02.md,GC=F,10,0.91,0.82,-1.09,2.84,12,dovish,medium,1,2026-07-02,-0.9918,1,0,1.9018,2026-07-20
2026-07-02,us-soft-data-adp-ism,2026-07-02/news_02.md,^GSPC,1,-0.67,-0.87,-2.04,0.3,12,dovish,medium,1,2026-07-02,0.7242,0,0,1.3942,2026-07-13
2026-07-02,us-soft-data-adp-ism,2026-07-02/news_02.md,^GSPC,3,-2.01,-1.17,-2.93,0.48,12,dovish,medium,1,2026-07-02,-0.0071,1,1,2.0029,2026-07-13
2026-07-02,us-soft-data-adp-ism,2026-07-02/news_02.md,^GSPC,5,-1.02,-0.85,-2.38,1.02,12,dovish,medium,1,2026-07-02,1.2314,0,0,2.2514,2026-07-13
2026-07-02,us-soft-data-adp-ism,2026-07-02/news_02.md,^GSPC,10,-1.09,-0.72,-2.01,1.92,12,dovish,medium,1,2026-07-02,-0.3414,1,1,0.7486,2026-07-20
2026-07-02,us-soft-data-adp-ism,2026-07-02/news_02.md,^NDX,1,-1.11,-1.24,-2.92,0.63,12,dovish,medium,1,2026-07-02,1.2570,0,0,2.3670,2026-07-13
2026-07-02,us-soft-data-adp-ism,2026-07-02/news_02.md,^NDX,3,-2.09,-1.31,-3.77,0.86,12,dovish,medium,1,2026-07-02,-0.2614,1,1,1.8286,2026-07-13
2026-07-02,us-soft-data-adp-ism,2026-07-02/news_02.md,^NDX,5,-1.68,-0.69,-2.68,2.22,12,dovish,medium,1,2026-07-02,1.6908,1,0,3.3708,2026-07-13
2026-07-02,us-soft-data-adp-ism,2026-07-02/news_02.md,^NDX,10,0.07,-0.1,-2.22,2.44,12,dovish,medium,0,2026-07-02,-2.5113,0,,2.5813,2026-07-20
2026-07-02,us-soft-data-adp-ism,2026-07-02/news_02.md,^TNX,1,0.46,0.29,-2.07,1.38,12,dovish,medium,1,2026-07-02,-0.1338,1,0,0.5938,2026-07-13
2026-07-02,us-soft-data-adp-ism,2026-07-02/news_02.md,^TNX,3,0.08,0.87,-1.71,2.55,12,dovish,medium,0,2026-07-02,1.8729,1,,1.7929,2026-07-13
2026-07-02,us-soft-data-adp-ism,2026-07-02/news_02.md,^TNX,5,-0.26,1.56,-1.21,4.25,12,dovish,medium,1,2026-07-02,1.8729,1,0,2.1329,2026-07-13
2026-07-02,us-soft-data-adp-ism,2026-07-02/news_02.md,^TNX,10,-0.05,1.44,-1.32,4.86,12,dovish,medium,0,2026-07-02,1.2486,1,,1.2986,2026-07-20
2026-07-02,usmca-non-renewal-trade-risk,2026-07-02/news_07.md,DX-Y.NYB,1,0.03,-0.09,-0.35,0.26,16,bearish (risk-off cross-border),medium,0,2026-07-02,-0.4776,0,,0.5076,2026-07-06
2026-07-02,usmca-non-renewal-trade-risk,2026-07-02/news_07.md,DX-Y.NYB,3,-0.39,-0.17,-0.57,0.3,16,bearish (risk-off cross-border),medium,1,2026-07-02,-0.3977,1,1,0.0077,2026-07-13
2026-07-02,usmca-non-renewal-trade-risk,2026-07-02/news_07.md,DX-Y.NYB,5,-0.27,-0.54,-0.91,0.19,16,bearish (risk-off cross-border),medium,1,2026-07-02,-0.4164,1,1,0.1464,2026-07-13
2026-07-02,usmca-non-renewal-trade-risk,2026-07-02/news_07.md,DX-Y.NYB,10,0.19,-0.56,-1.6,0.87,16,bearish (risk-off cross-border),medium,1,2026-07-02,-0.8062,1,0,0.9962,2026-07-20
2026-07-02,usmca-non-renewal-trade-risk,2026-07-02/news_07.md,EEM,1,-0.12,-0.31,-1.25,1.04,16,bearish (risk-off cross-border),medium,1,2026-07-02,2.8463,0,0,2.9663,2026-07-13
2026-07-02,usmca-non-renewal-trade-risk,2026-07-02/news_07.md,EEM,3,0.58,0.12,-1.1,1.62,16,bearish (risk-off cross-border),medium,1,2026-07-02,0.8067,1,1,0.2267,2026-07-13
2026-07-02,usmca-non-renewal-trade-risk,2026-07-02/news_07.md,EEM,5,0.88,0.84,-1.15,2.78,16,bearish (risk-off cross-border),medium,1,2026-07-02,1.8265,1,1,0.9465,2026-07-13
2026-07-02,usmca-non-renewal-trade-risk,2026-07-02/news_07.md,EEM,10,-0.2,0.46,-1.94,3.25,16,bearish (risk-off cross-border),medium,1,2026-07-02,-3.6682,0,1,3.4682,2026-07-20
2026-07-02,usmca-non-renewal-trade-risk,2026-07-02/news_07.md,HG=F,1,-0.89,-0.74,-1.45,0.6,16,bearish (risk-off cross-border),medium,1,2026-07-02,1.2362,0,0,2.1262,2026-07-06
2026-07-02,usmca-non-renewal-trade-risk,2026-07-02/news_07.md,HG=F,3,-0.65,-1.81,-2.98,0.47,16,bearish (risk-off cross-border),medium,1,2026-07-02,0.9109,0,0,1.5609,2026-07-13
2026-07-02,usmca-non-renewal-trade-risk,2026-07-02/news_07.md,HG=F,5,0.24,-0.88,-3.04,1.34,16,bearish (risk-off cross-border),medium,1,2026-07-02,0.0163,1,1,0.2237,2026-07-13
2026-07-02,usmca-non-renewal-trade-risk,2026-07-02/news_07.md,HG=F,10,-1.09,-0.39,-2.75,2.0,16,bearish (risk-off cross-border),medium,1,2026-07-02,4.1396,0,0,5.2296,2026-07-20
2026-07-02,usmca-non-renewal-trade-risk,2026-07-02/news_07.md,^GSPC,1,0.16,-0.09,-0.41,1.02,16,bearish (risk-off cross-border),medium,1,2026-07-02,0.7242,1,1,0.5642,2026-07-13
2026-07-02,usmca-non-renewal-trade-risk,2026-07-02/news_07.md,^GSPC,3,0.39,0.02,-1.3,1.76,16,bearish (risk-off cross-border),medium,1,2026-07-02,-0.0071,1,0,0.3971,2026-07-13
2026-07-02,usmca-non-renewal-trade-risk,2026-07-02/news_07.md,^GSPC,5,0.93,0.71,-0.82,1.68,16,bearish (risk-off cross-border),medium,1,2026-07-02,1.2314,1,1,0.3014,2026-07-13
2026-07-02,usmca-non-renewal-trade-risk,2026-07-02/news_07.md,^GSPC,10,-0.02,-0.07,-2.45,3.08,16,bearish (risk-off cross-border),medium,0,2026-07-02,-0.3414,1,,0.3214,2026-07-20
2026-07-02,usmca-non-renewal-trade-risk,2026-07-02/news_07.md,^STOXX50E,1,0.14,-0.23,-1.2,1.02,16,bearish (risk-off cross-border),medium,1,2026-07-02,0.8209,1,1,0.6809,2026-07-06
2026-07-02,usmca-non-renewal-trade-risk,2026-07-02/news_07.md,^STOXX50E,3,-0.49,-0.53,-1.6,2.01,16,bearish (risk-off cross-border),medium,1,2026-07-02,-0.6385,1,1,0.1485,2026-07-13
2026-07-02,usmca-non-renewal-trade-risk,2026-07-02/news_07.md,^STOXX50E,5,1.08,0.06,-1.0,2.11,16,bearish (risk-off cross-border),medium,1,2026-07-02,-1.1980,0,0,2.2780,2026-07-13
2026-07-02,usmca-non-renewal-trade-risk,2026-07-02/news_07.md,^STOXX50E,10,1.31,0.56,-1.37,2.1,16,bearish (risk-off cross-border),medium,1,2026-07-02,-1.2084,1,0,2.5184,2026-07-20
2026-07-02,usmca-non-renewal-trade-risk,2026-07-02/news_07.md,^VIX,1,-0.34,0.55,-6.65,4.4,16,bearish (risk-off cross-border),medium,1,2026-07-02,-2.1053,1,1,1.7653,2026-07-06
2026-07-02,usmca-non-renewal-trade-risk,2026-07-02/news_07.md,^VIX,3,-5.76,4.08,-15.09,7.89,16,bearish (risk-off cross-border),medium,1,2026-07-02,-0.1238,1,1,5.6362,2026-07-13
2026-07-02,usmca-non-renewal-trade-risk,2026-07-02/news_07.md,^VIX,5,-15.37,-4.87,-19.22,6.95,16,bearish (risk-off cross-border),medium,1,2026-07-02,-1.9195,1,1,13.4505,2026-07-13
2026-07-02,usmca-non-renewal-trade-risk,2026-07-02/news_07.md,^VIX,10,-9.94,-3.28,-18.58,11.59,16,bearish (risk-off cross-border),medium,1,2026-07-02,3.5913,1,0,13.5313,2026-07-20
2026-07-02,wall-street-chip-profit-taking-q3,2026-07-02/news_05.md,SOXX,1,0.06,-0.1,-1.05,1.69,24,risk-off settoriale,medium,0,2026-07-02,2.6822,0,,2.6222,2026-07-13
2026-07-02,wall-street-chip-profit-taking-q3,2026-07-02/news_05.md,SOXX,3,0.21,0.25,-3.17,3.11,24,risk-off settoriale,medium,1,2026-07-02,-0.7575,1,0,0.9675,2026-07-13
2026-07-02,wall-street-chip-profit-taking-q3,2026-07-02/news_05.md,SOXX,5,0.92,0.88,-2.41,4.71,24,risk-off settoriale,medium,1,2026-07-02,2.6522,1,1,1.7322,2026-07-13
2026-07-02,wall-street-chip-profit-taking-q3,2026-07-02/news_05.md,SOXX,10,2.65,2.08,-0.62,4.58,24,risk-off settoriale,medium,1,2026-07-02,-7.8595,0,0,10.5095,2026-07-20
2026-07-02,wall-street-chip-profit-taking-q3,2026-07-02/news_05.md,^GSPC,1,0.24,0.03,-0.24,0.87,24,risk-off settoriale,medium,1,2026-07-02,0.7242,1,1,0.4842,2026-07-13
2026-07-02,wall-street-chip-profit-taking-q3,2026-07-02/news_05.md,^GSPC,3,-0.16,-0.17,-1.26,1.04,24,risk-off settoriale,medium,1,2026-07-02,-0.0071,1,1,0.1529,2026-07-13
2026-07-02,wall-street-chip-profit-taking-q3,2026-07-02/news_05.md,^GSPC,5,0.18,0.37,-0.48,1.56,24,risk-off settoriale,medium,1,2026-07-02,1.2314,1,1,1.0514,2026-07-13
2026-07-02,wall-street-chip-profit-taking-q3,2026-07-02/news_05.md,^GSPC,10,1.44,0.81,0.02,2.56,24,risk-off settoriale,medium,1,2026-07-02,-0.3414,0,0,1.7814,2026-07-20
2026-07-02,wall-street-chip-profit-taking-q3,2026-07-02/news_05.md,^NDX,1,0.18,0.08,-0.53,1.0,24,risk-off settoriale,medium,1,2026-07-02,1.2570,0,1,1.0770,2026-07-13
2026-07-02,wall-street-chip-profit-taking-q3,2026-07-02/news_05.md,^NDX,3,0.13,0.11,-1.2,1.92,24,risk-off settoriale,medium,1,2026-07-02,-0.2614,1,0,0.3914,2026-07-13
2026-07-02,wall-street-chip-profit-taking-q3,2026-07-02/news_05.md,^NDX,5,0.61,0.7,-0.9,3.4,24,risk-off settoriale,medium,1,2026-07-02,1.6908,1,1,1.0808,2026-07-13
2026-07-02,wall-street-chip-profit-taking-q3,2026-07-02/news_05.md,^NDX,10,1.83,1.25,0.68,3.62,24,risk-off settoriale,medium,1,2026-07-02,-2.5113,0,0,4.3413,2026-07-20
2026-07-02,wall-street-chip-profit-taking-q3,2026-07-02/news_05.md,^VIX,1,-4.22,-1.77,-6.71,3.53,24,risk-off settoriale,medium,1,2026-07-02,-2.1053,1,1,2.1147,2026-07-06
2026-07-02,wall-street-chip-profit-taking-q3,2026-07-02/news_05.md,^VIX,3,-1.45,2.4,-12.2,9.78,24,risk-off settoriale,medium,1,2026-07-02,-0.1238,1,1,1.3262,2026-07-13
2026-07-02,wall-street-chip-profit-taking-q3,2026-07-02/news_05.md,^VIX,5,-6.78,-4.91,-17.81,2.58,24,risk-off settoriale,medium,1,2026-07-02,-1.9195,1,1,4.8605,2026-07-13
2026-07-02,wall-street-chip-profit-taking-q3,2026-07-02/news_05.md,^VIX,10,-6.83,-8.86,-23.42,-0.32,24,risk-off settoriale,medium,1,2026-07-02,3.5913,0,0,10.4213,2026-07-20
2026-07-02,warsh-sintra-dovish-marginal,2026-07-02/news_03.md,DX-Y.NYB,1,0.11,0.16,-0.2,0.44,12,dovish,medium,1,2026-07-02,-0.4776,0,0,0.5876,2026-07-06
2026-07-02,warsh-sintra-dovish-marginal,2026-07-02/news_03.md,DX-Y.NYB,3,0.16,0.23,-0.06,0.54,12,dovish,medium,1,2026-07-02,-0.3977,0,0,0.5577,2026-07-13
2026-07-02,warsh-sintra-dovish-marginal,2026-07-02/news_03.md,DX-Y.NYB,5,0.41,0.42,0.07,0.69,12,dovish,medium,1,2026-07-02,-0.4164,0,0,0.8264,2026-07-13
2026-07-02,warsh-sintra-dovish-marginal,2026-07-02/news_03.md,DX-Y.NYB,10,0.66,0.5,-0.06,1.11,12,dovish,medium,1,2026-07-02,-0.8062,0,0,1.4662,2026-07-20
2026-07-02,warsh-sintra-dovish-marginal,2026-07-02/news_03.md,GC=F,1,0.03,-0.18,-0.84,0.58,12,dovish,medium,0,2026-07-02,2.7911,0,,2.7611,2026-07-06
2026-07-02,warsh-sintra-dovish-marginal,2026-07-02/news_03.md,GC=F,3,-0.96,-0.28,-1.27,1.11,12,dovish,medium,1,2026-07-02,1.4459,0,0,2.4059,2026-07-13
2026-07-02,warsh-sintra-dovish-marginal,2026-07-02/news_03.md,GC=F,5,0.28,0.41,-1.63,2.04,12,dovish,medium,1,2026-07-02,0.3658,1,1,0.0858,2026-07-13
2026-07-02,warsh-sintra-dovish-marginal,2026-07-02/news_03.md,GC=F,10,-0.05,0.39,-0.84,1.47,12,dovish,medium,0,2026-07-02,-0.9918,0,,0.9418,2026-07-20
2026-07-02,warsh-sintra-dovish-marginal,2026-07-02/news_03.md,IEF,1,-0.01,0.07,-0.2,0.28,12,dovish,medium,0,2026-07-02,0.0637,1,,0.0737,2026-07-13
2026-07-02,warsh-sintra-dovish-marginal,2026-07-02/news_03.md,IEF,3,0.09,-0.03,-0.61,0.5,12,dovish,medium,0,2026-07-02,-0.6481,0,,0.7381,2026-07-13
2026-07-02,warsh-sintra-dovish-marginal,2026-07-02/news_03.md,IEF,5,-0.1,-0.07,-0.5,0.44,12,dovish,medium,1,2026-07-02,-0.5206,0,1,0.4206,2026-07-13
2026-07-02,warsh-sintra-dovish-marginal,2026-07-02/news_03.md,IEF,10,0.3,0.04,-0.45,1.14,12,dovish,medium,1,2026-07-02,-0.2975,1,0,0.5975,2026-07-20
2026-07-02,warsh-sintra-dovish-marginal,2026-07-02/news_03.md,^GSPC,1,0.12,-0.06,-0.44,0.5,12,dovish,medium,1,2026-07-02,0.7242,0,1,0.6042,2026-07-13
2026-07-02,warsh-sintra-dovish-marginal,2026-07-02/news_03.md,^GSPC,3,-0.28,-0.82,-1.65,0.96,12,dovish,medium,1,2026-07-02,-0.0071,1,1,0.2729,2026-07-13
2026-07-02,warsh-sintra-dovish-marginal,2026-07-02/news_03.md,^GSPC,5,-0.33,-0.17,-0.98,1.18,12,dovish,medium,1,2026-07-02,1.2314,0,0,1.5614,2026-07-13
2026-07-02,warsh-sintra-dovish-marginal,2026-07-02/news_03.md,^GSPC,10,1.14,0.08,-0.27,1.38,12,dovish,medium,1,2026-07-02,-0.3414,0,0,1.4814,2026-07-20
2026-07-02,warsh-sintra-dovish-marginal,2026-07-02/news_03.md,^TNX,1,-0.42,-0.1,-1.11,1.2,12,dovish,medium,1,2026-07-02,-0.1338,1,1,0.2862,2026-07-13
2026-07-02,warsh-sintra-dovish-marginal,2026-07-02/news_03.md,^TNX,3,-0.25,0.1,-1.62,2.25,12,dovish,medium,1,2026-07-02,1.8729,1,0,2.1229,2026-07-13
2026-07-02,warsh-sintra-dovish-marginal,2026-07-02/news_03.md,^TNX,5,0.17,0.47,-1.36,2.17,12,dovish,medium,1,2026-07-02,1.8729,1,1,1.7029,2026-07-13
2026-07-02,warsh-sintra-dovish-marginal,2026-07-02/news_03.md,^TNX,10,-0.37,0.12,-4.39,2.51,12,dovish,medium,1,2026-07-02,1.2486,1,0,1.6186,2026-07-20
2026-07-02,yen-40-year-low-carry-risk,2026-07-02/news_04.md,DX-Y.NYB,1,-0.02,0.07,-0.34,0.31,17,risk-off asimmetrico,medium,0,2026-07-02,-0.4776,0,,0.4576,2026-07-06
2026-07-02,yen-40-year-low-carry-risk,2026-07-02/news_04.md,DX-Y.NYB,3,0.26,0.14,-0.27,0.54,17,risk-off asimmetrico,medium,1,2026-07-02,-0.3977,0,0,0.6577,2026-07-13
2026-07-02,yen-40-year-low-carry-risk,2026-07-02/news_04.md,DX-Y.NYB,5,0.39,0.07,-0.41,0.62,17,risk-off asimmetrico,medium,1,2026-07-02,-0.4164,0,0,0.8064,2026-07-13
2026-07-02,yen-40-year-low-carry-risk,2026-07-02/news_04.md,DX-Y.NYB,10,-0.08,-0.1,-1.01,0.74,17,risk-off asimmetrico,medium,0,2026-07-02,-0.8062,1,,0.7262,2026-07-20
2026-07-02,yen-40-year-low-carry-risk,2026-07-02/news_04.md,GC=F,1,0.03,-0.06,-0.12,0.51,17,risk-off asimmetrico,medium,0,2026-07-02,2.7911,0,,2.7611,2026-07-06
2026-07-02,yen-40-year-low-carry-risk,2026-07-02/news_04.md,GC=F,3,-0.3,-0.56,-1.34,0.29,17,risk-off asimmetrico,medium,1,2026-07-02,1.4459,0,0,1.7459,2026-07-13
2026-07-02,yen-40-year-low-carry-risk,2026-07-02/news_04.md,GC=F,5,-0.69,-0.1,-1.01,0.9,17,risk-off asimmetrico,medium,1,2026-07-02,0.3658,1,0,1.0558,2026-07-13
2026-07-02,yen-40-year-low-carry-risk,2026-07-02/news_04.md,GC=F,10,1.04,1.09,-1.15,3.24,17,risk-off asimmetrico,medium,1,2026-07-02,-0.9918,1,0,2.0318,2026-07-20
2026-07-02,yen-40-year-low-carry-risk,2026-07-02/news_04.md,JPY=X,1,-1.07,-0.78,-1.57,-0.01,17,risk-off asimmetrico,medium,1,2026-07-02,-0.6123,1,1,0.4577,2026-07-06
2026-07-02,yen-40-year-low-carry-risk,2026-07-02/news_04.md,JPY=X,3,-0.98,-0.75,-1.59,0.1,17,risk-off asimmetrico,medium,1,2026-07-02,-0.2852,1,1,0.6948,2026-07-13
2026-07-02,yen-40-year-low-carry-risk,2026-07-02/news_04.md,JPY=X,5,-1.32,-0.95,-2.6,0.06,17,risk-off asimmetrico,medium,1,2026-07-02,0.0191,1,0,1.3391,2026-07-13
2026-07-02,yen-40-year-low-carry-risk,2026-07-02/news_04.md,JPY=X,10,-1.19,-0.86,-3.2,1.19,17,risk-off asimmetrico,medium,1,2026-07-02,-0.1096,1,1,1.0804,2026-07-20
2026-07-02,yen-40-year-low-carry-risk,2026-07-02/news_04.md,^GSPC,1,-0.29,-0.23,-1.37,0.91,17,risk-off asimmetrico,medium,1,2026-07-02,0.7242,1,0,1.0142,2026-07-13
2026-07-02,yen-40-year-low-carry-risk,2026-07-02/news_04.md,^GSPC,3,-0.83,-0.93,-1.95,0.87,17,risk-off asimmetrico,medium,1,2026-07-02,-0.0071,1,1,0.8229,2026-07-13
2026-07-02,yen-40-year-low-carry-risk,2026-07-02/news_04.md,^GSPC,5,-0.78,-1.03,-2.88,1.26,17,risk-off asimmetrico,medium,1,2026-07-02,1.2314,1,0,2.0114,2026-07-13
2026-07-02,yen-40-year-low-carry-risk,2026-07-02/news_04.md,^GSPC,10,-0.36,-0.04,-1.23,0.64,17,risk-off asimmetrico,medium,1,2026-07-02,-0.3414,1,1,0.0186,2026-07-20
2026-07-02,yen-40-year-low-carry-risk,2026-07-02/news_04.md,^N225,1,-0.4,-0.68,-2.36,0.31,17,risk-off asimmetrico,medium,1,2026-07-02,0.6477,0,0,1.0477,2026-07-06
2026-07-02,yen-40-year-low-carry-risk,2026-07-02/news_04.md,^N225,3,-1.25,-2.09,-2.67,1.03,17,risk-off asimmetrico,medium,1,2026-07-02,-1.1310,1,1,0.1190,2026-07-13
2026-07-02,yen-40-year-low-carry-risk,2026-07-02/news_04.md,^N225,5,-1.11,-2.17,-4.48,-0.12,17,risk-off asimmetrico,medium,1,2026-07-02,-2.1698,1,1,1.0598,2026-07-13
2026-07-02,yen-40-year-low-carry-risk,2026-07-02/news_04.md,^N225,10,-1.49,-2.03,-2.87,0.46,17,risk-off asimmetrico,medium,1,2026-07-02,-3.6690,0,1,2.1790,2026-07-20
2026-07-02,yen-40-year-low-carry-risk,2026-07-02/news_04.md,^NDX,1,-0.48,-0.4,-1.77,1.15,17,risk-off asimmetrico,medium,1,2026-07-02,1.2570,0,0,1.7370,2026-07-13
2026-07-02,yen-40-year-low-carry-risk,2026-07-02/news_04.md,^NDX,3,-1.67,-1.46,-2.41,0.84,17,risk-off asimmetrico,medium,1,2026-07-02,-0.2614,1,1,1.4086,2026-07-13
2026-07-02,yen-40-year-low-carry-risk,2026-07-02/news_04.md,^NDX,5,-1.79,-1.82,-3.55,0.78,17,risk-off asimmetrico,medium,1,2026-07-02,1.6908,0,0,3.4808,2026-07-13
2026-07-02,yen-40-year-low-carry-risk,2026-07-02/news_04.md,^NDX,10,-1.34,-0.88,-2.99,0.71,17,risk-off asimmetrico,medium,1,2026-07-02,-2.5113,1,1,1.1713,2026-07-20
2026-07-03,brent-usiran-detente,2026-07-03/news_04.md,BZ=F,1,-0.11,-0.76,-2.78,1.45,23,de-escalation / risk-premium compression,high,1,2026-07-03,-0.1386,1,1,0.0286,2026-07-06
2026-07-03,brent-usiran-detente,2026-07-03/news_04.md,BZ=F,3,1.03,1.09,-2.61,3.18,23,de-escalation / risk-premium compression,high,1,2026-07-03,6.0446,0,1,5.0146,2026-07-13
2026-07-03,brent-usiran-detente,2026-07-03/news_04.md,BZ=F,5,-0.59,1.16,-3.57,4.85,23,de-escalation / risk-premium compression,high,1,2026-07-03,5.3792,0,0,5.9692,2026-07-13
2026-07-03,brent-usiran-detente,2026-07-03/news_04.md,BZ=F,10,-1.89,0.68,-5.08,5.78,23,de-escalation / risk-premium compression,high,1,2026-07-03,22.1406,0,0,24.0306,2026-07-20
2026-07-03,brent-usiran-detente,2026-07-03/news_04.md,GC=F,1,-0.6,-0.57,-1.01,0.1,23,de-escalation / risk-premium compression,high,1,2026-07-03,-0.5135,1,1,0.0865,2026-07-06
2026-07-03,brent-usiran-detente,2026-07-03/news_04.md,GC=F,3,-0.58,-0.88,-1.62,0.43,23,de-escalation / risk-premium compression,high,1,2026-07-03,-1.2275,1,1,0.6475,2026-07-13
2026-07-03,brent-usiran-detente,2026-07-03/news_04.md,GC=F,5,-1.42,-1.23,-2.56,-0.17,23,de-escalation / risk-premium compression,high,1,2026-07-03,-1.7577,1,1,0.3377,2026-07-13
2026-07-03,brent-usiran-detente,2026-07-03/news_04.md,GC=F,10,-1.35,-1.62,-4.07,-0.25,23,de-escalation / risk-premium compression,high,1,2026-07-03,-4.0241,1,1,2.6741,2026-07-20
2026-07-03,brent-usiran-detente,2026-07-03/news_04.md,^GSPC,1,0.16,0.2,-0.21,0.95,23,de-escalation / risk-premium compression,high,1,2026-07-06,-0.4455,0,0,0.6055,2026-07-13
2026-07-03,brent-usiran-detente,2026-07-03/news_04.md,^GSPC,3,0.74,0.56,-0.2,1.49,23,de-escalation / risk-premium compression,high,1,2026-07-06,0.0824,1,1,0.6576,2026-07-13
2026-07-03,brent-usiran-detente,2026-07-03/news_04.md,^GSPC,5,0.91,0.67,-0.87,2.13,23,de-escalation / risk-premium compression,high,1,2026-07-06,-0.2931,1,0,1.2031,2026-07-20
2026-07-03,brent-usiran-detente,2026-07-03/news_04.md,^GSPC,10,1.87,1.21,-0.53,3.14,23,de-escalation / risk-premium compression,high,1,2026-07-06,-1.2491,0,0,3.1191,2026-07-27
2026-07-03,brent-usiran-detente,2026-07-03/news_04.md,^N225,1,0.38,-0.16,-1.35,0.96,23,de-escalation / risk-premium compression,high,1,2026-07-03,-0.3372,1,0,0.7172,2026-07-06
2026-07-03,brent-usiran-detente,2026-07-03/news_04.md,^N225,3,0.71,1.08,-0.16,3.21,23,de-escalation / risk-premium compression,high,1,2026-07-03,-3.3740,0,0,4.0840,2026-07-13
2026-07-03,brent-usiran-detente,2026-07-03/news_04.md,^N225,5,1.09,0.97,0.04,2.75,23,de-escalation / risk-premium compression,high,1,2026-07-03,-1.7010,0,0,2.7910,2026-07-13
2026-07-03,brent-usiran-detente,2026-07-03/news_04.md,^N225,10,1.7,1.63,-0.47,3.22,23,de-escalation / risk-premium compression,high,1,2026-07-03,-8.0336,0,0,9.7336,2026-07-20
2026-07-03,chip-nasdaq-rotation,2026-07-03/news_02.md,SOXX,1,0.08,-0.05,-1.08,1.98,21,"risk-off selettivo su AI/semis, risk-on su cicliche (broadening)",medium,0,2026-07-06,-5.1280,0,,5.2080,2026-07-13
2026-07-03,chip-nasdaq-rotation,2026-07-03/news_02.md,SOXX,3,0.45,0.33,-3.4,3.71,21,"risk-off selettivo su AI/semis, risk-on su cicliche (broadening)",medium,1,2026-07-06,0.0327,1,1,0.4173,2026-07-13
2026-07-03,chip-nasdaq-rotation,2026-07-03/news_02.md,SOXX,5,1.05,1.24,-1.39,4.84,21,"risk-off selettivo su AI/semis, risk-on su cicliche (broadening)",medium,1,2026-07-06,-4.7979,0,0,5.8479,2026-07-20
2026-07-03,chip-nasdaq-rotation,2026-07-03/news_02.md,SOXX,10,2.69,2.61,1.22,4.24,21,"risk-off selettivo su AI/semis, risk-on su cicliche (broadening)",medium,1,2026-07-06,-9.8657,0,0,12.5557,2026-07-27
2026-07-03,chip-nasdaq-rotation,2026-07-03/news_02.md,^GSPC,1,0.27,0.13,-0.2,0.92,21,"risk-off selettivo su AI/semis, risk-on su cicliche (broadening)",medium,1,2026-07-06,-0.4455,0,0,0.7155,2026-07-13
2026-07-03,chip-nasdaq-rotation,2026-07-03/news_02.md,^GSPC,3,-0.15,-0.13,-1.23,0.98,21,"risk-off selettivo su AI/semis, risk-on su cicliche (broadening)",medium,1,2026-07-06,0.0824,1,0,0.2324,2026-07-13
2026-07-03,chip-nasdaq-rotation,2026-07-03/news_02.md,^GSPC,5,0.18,0.57,-0.31,2.01,21,"risk-off selettivo su AI/semis, risk-on su cicliche (broadening)",medium,1,2026-07-06,-0.2931,1,0,0.4731,2026-07-20
2026-07-03,chip-nasdaq-rotation,2026-07-03/news_02.md,^GSPC,10,1.5,1.08,0.61,2.38,21,"risk-off selettivo su AI/semis, risk-on su cicliche (broadening)",medium,1,2026-07-06,-1.2491,0,0,2.7491,2026-07-27
2026-07-03,chip-nasdaq-rotation,2026-07-03/news_02.md,^NDX,1,0.19,0.18,-0.05,1.02,21,"risk-off selettivo su AI/semis, risk-on su cicliche (broadening)",medium,1,2026-07-06,-1.7673,0,0,1.9573,2026-07-13
2026-07-03,chip-nasdaq-rotation,2026-07-03/news_02.md,^NDX,3,0.11,0.21,-1.19,2.26,21,"risk-off selettivo su AI/semis, risk-on su cicliche (broadening)",medium,1,2026-07-06,0.0984,1,1,0.0116,2026-07-13
2026-07-03,chip-nasdaq-rotation,2026-07-03/news_02.md,^NDX,5,0.62,1.0,-0.47,3.61,21,"risk-off selettivo su AI/semis, risk-on su cicliche (broadening)",medium,1,2026-07-06,-1.4606,0,0,2.0806,2026-07-20
2026-07-03,chip-nasdaq-rotation,2026-07-03/news_02.md,^NDX,10,2.03,1.67,1.11,3.44,21,"risk-off selettivo su AI/semis, risk-on su cicliche (broadening)",medium,1,2026-07-06,-3.6825,0,0,5.7125,2026-07-27
2026-07-03,chip-nasdaq-rotation,2026-07-03/news_02.md,^VIX,1,-4.29,-1.97,-6.58,3.48,21,"risk-off selettivo su AI/semis, risk-on su cicliche (broadening)",medium,1,2026-07-03,-1.5180,1,1,2.7720,2026-07-13
2026-07-03,chip-nasdaq-rotation,2026-07-03/news_02.md,^VIX,3,2.75,4.55,-7.63,11.26,21,"risk-off selettivo su AI/semis, risk-on su cicliche (broadening)",medium,1,2026-07-03,6.8944,1,1,4.1444,2026-07-13
2026-07-03,chip-nasdaq-rotation,2026-07-03/news_02.md,^VIX,5,-4.77,-2.73,-14.38,4.02,21,"risk-off selettivo su AI/semis, risk-on su cicliche (broadening)",medium,1,2026-07-03,-4.9336,1,1,0.1636,2026-07-13
2026-07-03,chip-nasdaq-rotation,2026-07-03/news_02.md,^VIX,10,-5.33,-7.79,-15.71,-0.69,21,"risk-off selettivo su AI/semis, risk-on su cicliche (broadening)",medium,1,2026-07-03,18.7223,0,0,24.0523,2026-07-20
2026-07-03,eu-steel-china-trade,2026-07-03/news_06.md,EEM,1,-0.17,-0.49,-1.33,0.74,14,protezionismo strutturale / EU trade hardening,medium,1,2026-07-06,-2.7379,0,1,2.5679,2026-07-13
2026-07-03,eu-steel-china-trade,2026-07-03/news_06.md,EEM,3,0.06,-0.37,-1.31,1.42,14,protezionismo strutturale / EU trade hardening,medium,0,2026-07-06,-1.1692,1,,1.2292,2026-07-13
2026-07-03,eu-steel-china-trade,2026-07-03/news_06.md,EEM,5,0.88,0.49,-0.98,2.6,14,protezionismo strutturale / EU trade hardening,medium,1,2026-07-06,-4.5434,0,0,5.4234,2026-07-20
2026-07-03,eu-steel-china-trade,2026-07-03/news_06.md,EEM,10,-0.6,-0.07,-2.57,2.82,14,protezionismo strutturale / EU trade hardening,medium,1,2026-07-06,-5.9346,0,1,5.3346,2026-07-27
2026-07-03,eu-steel-china-trade,2026-07-03/news_06.md,EURUSD=X,1,0.08,0.02,-0.28,0.32,14,protezionismo strutturale / EU trade hardening,medium,0,2026-07-03,-0.1143,1,,0.1943,2026-07-06
2026-07-03,eu-steel-china-trade,2026-07-03/news_06.md,EURUSD=X,3,0.08,0.11,-0.49,0.39,14,protezionismo strutturale / EU trade hardening,medium,0,2026-07-03,-0.1485,1,,0.2285,2026-07-13
2026-07-03,eu-steel-china-trade,2026-07-03/news_06.md,EURUSD=X,5,0.61,0.66,-0.38,1.62,14,protezionismo strutturale / EU trade hardening,medium,1,2026-07-03,-0.1827,1,0,0.7927,2026-07-13
2026-07-03,eu-steel-china-trade,2026-07-03/news_06.md,EURUSD=X,10,-0.12,0.81,-0.46,1.68,14,protezionismo strutturale / EU trade hardening,medium,1,2026-07-03,0.0458,1,0,0.1658,2026-07-20
2026-07-03,eu-steel-china-trade,2026-07-03/news_06.md,HG=F,1,-0.59,-0.54,-1.24,0.87,14,protezionismo strutturale / EU trade hardening,medium,1,2026-07-03,0.0161,1,0,0.6061,2026-07-06
2026-07-03,eu-steel-china-trade,2026-07-03/news_06.md,HG=F,3,-0.18,-1.82,-3.0,0.57,14,protezionismo strutturale / EU trade hardening,medium,1,2026-07-03,-0.3053,1,1,0.1253,2026-07-13
2026-07-03,eu-steel-china-trade,2026-07-03/news_06.md,HG=F,5,0.24,-0.69,-2.41,1.55,14,protezionismo strutturale / EU trade hardening,medium,1,2026-07-03,0.9319,1,1,0.6919,2026-07-13
2026-07-03,eu-steel-china-trade,2026-07-03/news_06.md,HG=F,10,-0.88,-0.12,-3.24,3.2,14,protezionismo strutturale / EU trade hardening,medium,1,2026-07-03,0.6587,1,0,1.5387,2026-07-20
2026-07-03,eu-steel-china-trade,2026-07-03/news_06.md,^GDAXI,1,0.21,-0.32,-1.45,0.83,14,protezionismo strutturale / EU trade hardening,medium,1,2026-07-03,0.1497,1,1,0.0603,2026-07-13
2026-07-03,eu-steel-china-trade,2026-07-03/news_06.md,^GDAXI,3,-0.92,-0.82,-2.14,1.89,14,protezionismo strutturale / EU trade hardening,medium,1,2026-07-03,-3.4208,0,1,2.5008,2026-07-13
2026-07-03,eu-steel-china-trade,2026-07-03/news_06.md,^GDAXI,5,0.35,-0.07,-0.98,2.4,14,protezionismo strutturale / EU trade hardening,medium,1,2026-07-03,-2.7628,0,0,3.1128,2026-07-13
2026-07-03,eu-steel-china-trade,2026-07-03/news_06.md,^GDAXI,10,0.7,0.47,-0.41,2.48,14,protezionismo strutturale / EU trade hardening,medium,1,2026-07-03,-3.6786,0,0,4.3786,2026-07-20
2026-07-03,eu-steel-china-trade,2026-07-03/news_06.md,^STOXX50E,1,0.14,-0.37,-1.4,0.99,14,protezionismo strutturale / EU trade hardening,medium,1,2026-07-03,-0.2288,1,0,0.3688,2026-07-13
2026-07-03,eu-steel-china-trade,2026-07-03/news_06.md,^STOXX50E,3,-1.12,-0.97,-1.69,1.93,14,protezionismo strutturale / EU trade hardening,medium,1,2026-07-03,-3.2400,0,1,2.1200,2026-07-13
2026-07-03,eu-steel-china-trade,2026-07-03/news_06.md,^STOXX50E,5,0.64,-0.35,-1.54,1.81,14,protezionismo strutturale / EU trade hardening,medium,1,2026-07-03,-2.2254,0,0,2.8654,2026-07-13
2026-07-03,eu-steel-china-trade,2026-07-03/news_06.md,^STOXX50E,10,1.31,0.23,-2.21,2.02,14,protezionismo strutturale / EU trade hardening,medium,1,2026-07-03,-2.8352,0,0,4.1452,2026-07-20
2026-07-03,nfp-collapse-fed-pivot,2026-07-03/news_01.md,DX-Y.NYB,1,0.23,0.15,-0.02,0.4,19,"dovish / risk-on-selettivo (curva front-end giù, USD giù, gold su, equity broadening)",high,1,2026-07-03,0.1101,1,1,0.1199,2026-07-06
2026-07-03,nfp-collapse-fed-pivot,2026-07-03/news_01.md,DX-Y.NYB,3,-0.12,0.02,-0.28,0.49,19,"dovish / risk-on-selettivo (curva front-end giù, USD giù, gold su, equity broadening)",high,1,2026-07-03,0.1963,1,0,0.3163,2026-07-13
2026-07-03,nfp-collapse-fed-pivot,2026-07-03/news_01.md,DX-Y.NYB,5,0.01,0.04,-0.27,0.66,19,"dovish / risk-on-selettivo (curva front-end giù, USD giù, gold su, equity broadening)",high,0,2026-07-03,0.1071,1,,0.0971,2026-07-13
2026-07-03,nfp-collapse-fed-pivot,2026-07-03/news_01.md,DX-Y.NYB,10,0.24,-0.08,-1.11,0.9,19,"dovish / risk-on-selettivo (curva front-end giù, USD giù, gold su, equity broadening)",high,1,2026-07-03,-0.1011,1,0,0.3411,2026-07-20
2026-07-03,nfp-collapse-fed-pivot,2026-07-03/news_01.md,GC=F,1,-0.47,-0.5,-1.26,0.22,19,"dovish / risk-on-selettivo (curva front-end giù, USD giù, gold su, equity broadening)",high,1,2026-07-03,-0.5135,1,1,0.0435,2026-07-06
2026-07-03,nfp-collapse-fed-pivot,2026-07-03/news_01.md,GC=F,3,0.17,0.1,-0.8,1.26,19,"dovish / risk-on-selettivo (curva front-end giù, USD giù, gold su, equity broadening)",high,1,2026-07-03,-1.2275,0,0,1.3975,2026-07-13
2026-07-03,nfp-collapse-fed-pivot,2026-07-03/news_01.md,GC=F,5,1.03,0.44,-0.68,1.37,19,"dovish / risk-on-selettivo (curva front-end giù, USD giù, gold su, equity broadening)",high,1,2026-07-03,-1.7577,0,0,2.7877,2026-07-13
2026-07-03,nfp-collapse-fed-pivot,2026-07-03/news_01.md,GC=F,10,-0.22,1.16,-1.11,3.03,19,"dovish / risk-on-selettivo (curva front-end giù, USD giù, gold su, equity broadening)",high,1,2026-07-03,-4.0241,0,1,3.8041,2026-07-20
2026-07-03,nfp-collapse-fed-pivot,2026-07-03/news_01.md,IEF,1,-0.23,-0.23,-0.77,0.08,19,"dovish / risk-on-selettivo (curva front-end giù, USD giù, gold su, equity broadening)",high,1,2026-07-06,-0.5097,1,1,0.2797,2026-07-13
2026-07-03,nfp-collapse-fed-pivot,2026-07-03/news_01.md,IEF,3,-0.36,-0.16,-0.79,0.81,19,"dovish / risk-on-selettivo (curva front-end giù, USD giù, gold su, equity broadening)",high,1,2026-07-06,-0.4990,1,1,0.1390,2026-07-13
2026-07-03,nfp-collapse-fed-pivot,2026-07-03/news_01.md,IEF,5,0.08,-0.32,-1.66,0.77,19,"dovish / risk-on-selettivo (curva front-end giù, USD giù, gold su, equity broadening)",high,0,2026-07-06,-0.9450,1,,1.0250,2026-07-20
2026-07-03,nfp-collapse-fed-pivot,2026-07-03/news_01.md,IEF,10,-0.83,-0.43,-2.13,0.69,19,"dovish / risk-on-selettivo (curva front-end giù, USD giù, gold su, equity broadening)",high,1,2026-07-06,-0.6795,1,1,0.1505,2026-07-27
2026-07-03,nfp-collapse-fed-pivot,2026-07-03/news_01.md,^GSPC,1,-0.04,-0.32,-0.67,0.31,19,"dovish / risk-on-selettivo (curva front-end giù, USD giù, gold su, equity broadening)",high,0,2026-07-06,-0.4455,1,,0.4055,2026-07-13
2026-07-03,nfp-collapse-fed-pivot,2026-07-03/news_01.md,^GSPC,3,0.4,0.32,-1.21,1.44,19,"dovish / risk-on-selettivo (curva front-end giù, USD giù, gold su, equity broadening)",high,1,2026-07-06,0.0824,1,1,0.3176,2026-07-13
2026-07-03,nfp-collapse-fed-pivot,2026-07-03/news_01.md,^GSPC,5,0.65,0.3,-1.58,1.94,19,"dovish / risk-on-selettivo (curva front-end giù, USD giù, gold su, equity broadening)",high,1,2026-07-06,-0.2931,1,0,0.9431,2026-07-20
2026-07-03,nfp-collapse-fed-pivot,2026-07-03/news_01.md,^GSPC,10,1.66,0.25,-1.58,2.12,19,"dovish / risk-on-selettivo (curva front-end giù, USD giù, gold su, equity broadening)",high,1,2026-07-06,-1.2491,1,0,2.9091,2026-07-27
2026-07-03,nfp-collapse-fed-pivot,2026-07-03/news_01.md,^TNX,1,1.05,0.88,-0.25,2.52,19,"dovish / risk-on-selettivo (curva front-end giù, USD giù, gold su, equity broadening)",high,1,2026-07-06,1.1163,1,1,0.0663,2026-07-13
2026-07-03,nfp-collapse-fed-pivot,2026-07-03/news_01.md,^TNX,3,1.14,0.85,-2.39,3.16,19,"dovish / risk-on-selettivo (curva front-end giù, USD giù, gold su, equity broadening)",high,1,2026-07-06,1.3396,1,1,0.1996,2026-07-13
2026-07-03,nfp-collapse-fed-pivot,2026-07-03/news_01.md,^TNX,5,0.53,1.74,-2.56,5.99,19,"dovish / risk-on-selettivo (curva front-end giù, USD giù, gold su, equity broadening)",high,1,2026-07-06,2.9024,1,1,2.3724,2026-07-20
2026-07-03,nfp-collapse-fed-pivot,2026-07-03/news_01.md,^TNX,10,3.33,2.66,-1.38,8.13,19,"dovish / risk-on-selettivo (curva front-end giù, USD giù, gold su, equity broadening)",high,1,2026-07-06,2.6568,1,1,0.6732,2026-07-27
2026-07-03,russia-massive-kyiv-strike,2026-07-03/news_05.md,BZ=F,1,0.45,-0.15,-1.16,1.67,25,risk-off / safe-haven bid,"medium (canale robusto in aggregato, ma i single-event sono attutiti dall'assuefazione del mercato)",1,2026-07-03,-0.1386,1,0,0.5886,2026-07-06
2026-07-03,russia-massive-kyiv-strike,2026-07-03/news_05.md,BZ=F,3,1.09,-0.08,-1.0,2.96,25,risk-off / safe-haven bid,"medium (canale robusto in aggregato, ma i single-event sono attutiti dall'assuefazione del mercato)",1,2026-07-03,6.0446,0,1,4.9546,2026-07-13
2026-07-03,russia-massive-kyiv-strike,2026-07-03/news_05.md,BZ=F,5,0.16,-1.08,-5.67,2.92,25,risk-off / safe-haven bid,"medium (canale robusto in aggregato, ma i single-event sono attutiti dall'assuefazione del mercato)",1,2026-07-03,5.3792,0,1,5.2192,2026-07-13
2026-07-03,russia-massive-kyiv-strike,2026-07-03/news_05.md,BZ=F,10,-2.59,-2.57,-7.98,1.24,25,risk-off / safe-haven bid,"medium (canale robusto in aggregato, ma i single-event sono attutiti dall'assuefazione del mercato)",1,2026-07-03,22.1406,0,0,24.7306,2026-07-20
2026-07-03,russia-massive-kyiv-strike,2026-07-03/news_05.md,CHF=X,1,0.11,0.22,0.02,0.44,25,risk-off / safe-haven bid,"medium (canale robusto in aggregato, ma i single-event sono attutiti dall'assuefazione del mercato)",1,2026-07-03,0.2791,1,1,0.1691,2026-07-06
2026-07-03,russia-massive-kyiv-strike,2026-07-03/news_05.md,CHF=X,3,0.04,0.13,-0.47,0.8,25,risk-off / safe-haven bid,"medium (canale robusto in aggregato, ma i single-event sono attutiti dall'assuefazione del mercato)",0,2026-07-03,0.6491,1,,0.6091,2026-07-13
2026-07-03,russia-massive-kyiv-strike,2026-07-03/news_05.md,CHF=X,5,0.34,0.19,-0.57,1.17,25,risk-off / safe-haven bid,"medium (canale robusto in aggregato, ma i single-event sono attutiti dall'assuefazione del mercato)",1,2026-07-03,0.4796,1,1,0.1396,2026-07-13
2026-07-03,russia-massive-kyiv-strike,2026-07-03/news_05.md,CHF=X,10,0.04,0.26,-0.4,0.91,25,risk-off / safe-haven bid,"medium (canale robusto in aggregato, ma i single-event sono attutiti dall'assuefazione del mercato)",0,2026-07-03,0.4298,1,,0.3898,2026-07-20
2026-07-03,russia-massive-kyiv-strike,2026-07-03/news_05.md,GC=F,1,0.1,-0.04,-0.33,0.69,25,risk-off / safe-haven bid,"medium (canale robusto in aggregato, ma i single-event sono attutiti dall'assuefazione del mercato)",1,2026-07-03,-0.5135,0,0,0.6135,2026-07-06
2026-07-03,russia-massive-kyiv-strike,2026-07-03/news_05.md,GC=F,3,0.15,0.08,-0.68,1.44,25,risk-off / safe-haven bid,"medium (canale robusto in aggregato, ma i single-event sono attutiti dall'assuefazione del mercato)",1,2026-07-03,-1.2275,0,0,1.3775,2026-07-13
2026-07-03,russia-massive-kyiv-strike,2026-07-03/news_05.md,GC=F,5,0.42,0.05,-1.1,1.44,25,risk-off / safe-haven bid,"medium (canale robusto in aggregato, ma i single-event sono attutiti dall'assuefazione del mercato)",1,2026-07-03,-1.7577,0,0,2.1777,2026-07-13
2026-07-03,russia-massive-kyiv-strike,2026-07-03/news_05.md,GC=F,10,0.7,0.62,-0.21,2.97,25,risk-off / safe-haven bid,"medium (canale robusto in aggregato, ma i single-event sono attutiti dall'assuefazione del mercato)",1,2026-07-03,-4.0241,0,0,4.7241,2026-07-20
2026-07-03,russia-massive-kyiv-strike,2026-07-03/news_05.md,^GSPC,1,0.16,0.18,-0.45,0.85,25,risk-off / safe-haven bid,"medium (canale robusto in aggregato, ma i single-event sono attutiti dall'assuefazione del mercato)",1,2026-07-06,-0.4455,1,0,0.6055,2026-07-13
2026-07-03,russia-massive-kyiv-strike,2026-07-03/news_05.md,^GSPC,3,-0.03,-0.13,-1.12,0.9,25,risk-off / safe-haven bid,"medium (canale robusto in aggregato, ma i single-event sono attutiti dall'assuefazione del mercato)",0,2026-07-06,0.0824,1,,0.1124,2026-07-13
2026-07-03,russia-massive-kyiv-strike,2026-07-03/news_05.md,^GSPC,5,0.65,0.57,-0.21,1.85,25,risk-off / safe-haven bid,"medium (canale robusto in aggregato, ma i single-event sono attutiti dall'assuefazione del mercato)",1,2026-07-06,-0.2931,0,0,0.9431,2026-07-20
2026-07-03,russia-massive-kyiv-strike,2026-07-03/news_05.md,^GSPC,10,1.51,0.85,-1.04,2.29,24,risk-off / safe-haven bid,"medium (canale robusto in aggregato, ma i single-event sono attutiti dall'assuefazione del mercato)",1,2026-07-06,-1.2491,0,0,2.7591,2026-07-27
2026-07-03,russia-massive-kyiv-strike,2026-07-03/news_05.md,^STOXX50E,1,0.21,0.52,-0.44,0.71,25,risk-off / safe-haven bid,"medium (canale robusto in aggregato, ma i single-event sono attutiti dall'assuefazione del mercato)",1,2026-07-03,-0.2288,1,0,0.4388,2026-07-13
2026-07-03,russia-massive-kyiv-strike,2026-07-03/news_05.md,^STOXX50E,3,0.28,0.47,-0.89,1.42,25,risk-off / safe-haven bid,"medium (canale robusto in aggregato, ma i single-event sono attutiti dall'assuefazione del mercato)",1,2026-07-03,-3.2400,0,0,3.5200,2026-07-13
2026-07-03,russia-massive-kyiv-strike,2026-07-03/news_05.md,^STOXX50E,5,0.54,0.95,-0.88,2.69,25,risk-off / safe-haven bid,"medium (canale robusto in aggregato, ma i single-event sono attutiti dall'assuefazione del mercato)",1,2026-07-03,-2.2254,0,0,2.7654,2026-07-13
2026-07-03,russia-massive-kyiv-strike,2026-07-03/news_05.md,^STOXX50E,10,1.68,1.4,-1.49,3.63,24,risk-off / safe-haven bid,"medium (canale robusto in aggregato, ma i single-event sono attutiti dall'assuefazione del mercato)",1,2026-07-03,-2.8352,0,0,4.5152,2026-07-20
2026-07-03,wang-yi-taiwan-warning,2026-07-03/news_07.md,EEM,1,-0.24,-0.23,-0.9,0.53,20,"risk-off latente / SOXX-negativo, safe-haven bid",medium,1,2026-07-06,-2.7379,0,1,2.4979,2026-07-13
2026-07-03,wang-yi-taiwan-warning,2026-07-03/news_07.md,EEM,3,-0.39,-0.06,-1.04,1.62,20,"risk-off latente / SOXX-negativo, safe-haven bid",medium,1,2026-07-06,-1.1692,0,1,0.7792,2026-07-13
2026-07-03,wang-yi-taiwan-warning,2026-07-03/news_07.md,EEM,5,0.1,0.22,-1.18,1.7,20,"risk-off latente / SOXX-negativo, safe-haven bid",medium,1,2026-07-06,-4.5434,0,0,4.6434,2026-07-20
2026-07-03,wang-yi-taiwan-warning,2026-07-03/news_07.md,EEM,10,-0.26,0.4,-2.74,2.76,20,"risk-off latente / SOXX-negativo, safe-haven bid",medium,1,2026-07-06,-5.9346,0,1,5.6746,2026-07-27
2026-07-03,wang-yi-taiwan-warning,2026-07-03/news_07.md,GC=F,1,0.18,0.1,-0.67,0.93,20,"risk-off latente / SOXX-negativo, safe-haven bid",medium,1,2026-07-03,-0.5135,1,0,0.6935,2026-07-06
2026-07-03,wang-yi-taiwan-warning,2026-07-03/news_07.md,GC=F,3,0.23,0.47,-0.69,2.02,20,"risk-off latente / SOXX-negativo, safe-haven bid",medium,1,2026-07-03,-1.2275,0,0,1.4575,2026-07-13
2026-07-03,wang-yi-taiwan-warning,2026-07-03/news_07.md,GC=F,5,-0.19,0.67,-1.43,2.47,20,"risk-off latente / SOXX-negativo, safe-haven bid",medium,1,2026-07-03,-1.7577,0,1,1.5677,2026-07-13
2026-07-03,wang-yi-taiwan-warning,2026-07-03/news_07.md,GC=F,10,0.88,1.07,-1.88,3.07,20,"risk-off latente / SOXX-negativo, safe-haven bid",medium,1,2026-07-03,-4.0241,0,0,4.9041,2026-07-20
2026-07-03,wang-yi-taiwan-warning,2026-07-03/news_07.md,SOXX,1,0.47,0.57,-1.12,1.64,20,"risk-off latente / SOXX-negativo, safe-haven bid",medium,1,2026-07-06,-5.1280,0,0,5.5980,2026-07-13
2026-07-03,wang-yi-taiwan-warning,2026-07-03/news_07.md,SOXX,3,1.17,1.13,-3.17,4.01,20,"risk-off latente / SOXX-negativo, safe-haven bid",medium,1,2026-07-06,0.0327,1,1,1.1373,2026-07-13
2026-07-03,wang-yi-taiwan-warning,2026-07-03/news_07.md,SOXX,5,-0.68,0.96,-3.5,5.21,20,"risk-off latente / SOXX-negativo, safe-haven bid",medium,1,2026-07-06,-4.7979,0,1,4.1179,2026-07-20
2026-07-03,wang-yi-taiwan-warning,2026-07-03/news_07.md,SOXX,10,-0.08,0.09,-3.7,4.01,20,"risk-off latente / SOXX-negativo, safe-haven bid",medium,0,2026-07-06,-9.8657,0,,9.7857,2026-07-27
2026-07-03,wang-yi-taiwan-warning,2026-07-03/news_07.md,^NDX,1,0.07,0.4,-0.32,1.0,20,"risk-off latente / SOXX-negativo, safe-haven bid",medium,0,2026-07-06,-1.7673,0,,1.8373,2026-07-13
2026-07-03,wang-yi-taiwan-warning,2026-07-03/news_07.md,^NDX,3,1.16,0.73,-1.61,1.93,20,"risk-off latente / SOXX-negativo, safe-haven bid",medium,1,2026-07-06,0.0984,1,1,1.0616,2026-07-13
2026-07-03,wang-yi-taiwan-warning,2026-07-03/news_07.md,^NDX,5,0.87,0.55,-2.7,2.4,20,"risk-off latente / SOXX-negativo, safe-haven bid",medium,1,2026-07-06,-1.4606,1,0,2.3306,2026-07-20
2026-07-03,wang-yi-taiwan-warning,2026-07-03/news_07.md,^NDX,10,0.72,-0.13,-2.15,2.36,20,"risk-off latente / SOXX-negativo, safe-haven bid",medium,1,2026-07-06,-3.6825,0,0,4.4025,2026-07-27
2026-07-03,wang-yi-taiwan-warning,2026-07-03/news_07.md,^VIX,1,-1.25,-1.16,-4.83,1.9,20,"risk-off latente / SOXX-negativo, safe-haven bid",medium,1,2026-07-03,-1.5180,1,1,0.2680,2026-07-13
2026-07-03,wang-yi-taiwan-warning,2026-07-03/news_07.md,^VIX,3,-1.58,0.85,-9.14,6.06,20,"risk-off latente / SOXX-negativo, safe-haven bid",medium,1,2026-07-03,6.8944,0,0,8.4744,2026-07-13
2026-07-03,wang-yi-taiwan-warning,2026-07-03/news_07.md,^VIX,5,-0.56,-1.7,-10.85,6.82,20,"risk-off latente / SOXX-negativo, safe-haven bid",medium,1,2026-07-03,-4.9336,1,1,4.3736,2026-07-13
2026-07-03,wang-yi-taiwan-warning,2026-07-03/news_07.md,^VIX,10,0.86,1.52,-3.64,9.65,20,"risk-off latente / SOXX-negativo, safe-haven bid",medium,1,2026-07-03,18.7223,0,1,17.8623,2026-07-20
2026-07-03,yen-intervention-watch,2026-07-03/news_03.md,DX-Y.NYB,1,-0.09,-0.03,-0.34,0.21,23,"JPY-supportive (rischio squeeze), risk-off latente su equity globale via carry unwind",medium,0,2026-07-03,0.1101,1,,0.2001,2026-07-06
2026-07-03,yen-intervention-watch,2026-07-03/news_03.md,DX-Y.NYB,3,0.01,0.23,-0.17,0.52,23,"JPY-supportive (rischio squeeze), risk-off latente su equity globale via carry unwind",medium,0,2026-07-03,0.1963,1,,0.1863,2026-07-13
2026-07-03,yen-intervention-watch,2026-07-03/news_03.md,DX-Y.NYB,5,0.09,0.19,-0.32,0.47,23,"JPY-supportive (rischio squeeze), risk-off latente su equity globale via carry unwind",medium,0,2026-07-03,0.1071,1,,0.0171,2026-07-13
2026-07-03,yen-intervention-watch,2026-07-03/news_03.md,DX-Y.NYB,10,0.42,0.08,-0.71,0.9,23,"JPY-supportive (rischio squeeze), risk-off latente su equity globale via carry unwind",medium,1,2026-07-03,-0.1011,1,0,0.5211,2026-07-20
2026-07-03,yen-intervention-watch,2026-07-03/news_03.md,JPY=X,1,-0.12,-0.34,-1.0,0.55,23,"JPY-supportive (rischio squeeze), risk-off latente su equity globale via carry unwind",medium,1,2026-07-03,0.4543,1,0,0.5743,2026-07-06
2026-07-03,yen-intervention-watch,2026-07-03/news_03.md,JPY=X,3,-0.15,-0.24,-1.24,1.3,23,"JPY-supportive (rischio squeeze), risk-off latente su equity globale via carry unwind",medium,1,2026-07-03,0.5969,1,0,0.7469,2026-07-13
2026-07-03,yen-intervention-watch,2026-07-03/news_03.md,JPY=X,5,-0.17,-0.32,-1.48,1.31,23,"JPY-supportive (rischio squeeze), risk-off latente su equity globale via carry unwind",medium,1,2026-07-03,0.2076,1,0,0.3776,2026-07-13
2026-07-03,yen-intervention-watch,2026-07-03/news_03.md,JPY=X,10,0.13,-0.14,-2.03,1.41,23,"JPY-supportive (rischio squeeze), risk-off latente su equity globale via carry unwind",medium,1,2026-07-03,0.6297,1,1,0.4997,2026-07-20
2026-07-03,yen-intervention-watch,2026-07-03/news_03.md,^GSPC,1,0.21,0.07,-0.54,0.75,23,"JPY-supportive (rischio squeeze), risk-off latente su equity globale via carry unwind",medium,1,2026-07-06,-0.4455,1,0,0.6555,2026-07-13
2026-07-03,yen-intervention-watch,2026-07-03/news_03.md,^GSPC,3,0.45,-0.51,-1.67,1.38,23,"JPY-supportive (rischio squeeze), risk-off latente su equity globale via carry unwind",medium,1,2026-07-06,0.0824,1,1,0.3676,2026-07-13
2026-07-03,yen-intervention-watch,2026-07-03/news_03.md,^GSPC,5,-0.78,-0.8,-2.28,1.61,23,"JPY-supportive (rischio squeeze), risk-off latente su equity globale via carry unwind",medium,1,2026-07-06,-0.2931,1,1,0.4869,2026-07-20
2026-07-03,yen-intervention-watch,2026-07-03/news_03.md,^GSPC,10,0.64,0.45,-1.22,2.37,23,"JPY-supportive (rischio squeeze), risk-off latente su equity globale via carry unwind",medium,1,2026-07-06,-1.2491,0,0,1.8891,2026-07-27
2026-07-03,yen-intervention-watch,2026-07-03/news_03.md,^N225,1,-0.4,-0.09,-0.91,0.47,23,"JPY-supportive (rischio squeeze), risk-off latente su equity globale via carry unwind",medium,1,2026-07-03,-0.3372,1,1,0.0628,2026-07-06
2026-07-03,yen-intervention-watch,2026-07-03/news_03.md,^N225,3,-0.19,-0.55,-2.14,1.55,23,"JPY-supportive (rischio squeeze), risk-off latente su equity globale via carry unwind",medium,1,2026-07-03,-3.3740,0,1,3.1840,2026-07-13
2026-07-03,yen-intervention-watch,2026-07-03/news_03.md,^N225,5,-0.67,-0.51,-2.74,1.01,23,"JPY-supportive (rischio squeeze), risk-off latente su equity globale via carry unwind",medium,1,2026-07-03,-1.7010,1,1,1.0310,2026-07-13
2026-07-03,yen-intervention-watch,2026-07-03/news_03.md,^N225,10,-1.27,-0.71,-2.52,1.74,23,"JPY-supportive (rischio squeeze), risk-off latente su equity globale via carry unwind",medium,1,2026-07-03,-8.0336,0,1,6.7636,2026-07-20
2026-07-04,ez-inflation-disinflation,2026-07-04/news_01.md,EURUSD=X,1,0.07,0.08,-0.38,0.57,12,dovish (per la BCE) / risk-on (per gli asset di rischio EZ),high,0,2026-07-06,0.0686,1,,0.0014,2026-07-13
2026-07-04,ez-inflation-disinflation,2026-07-04/news_01.md,EURUSD=X,3,0.48,0.67,0.15,0.81,12,dovish (per la BCE) / risk-on (per gli asset di rischio EZ),high,1,2026-07-06,0.0572,0,1,0.4228,2026-07-13
2026-07-04,ez-inflation-disinflation,2026-07-04/news_01.md,EURUSD=X,5,0.59,0.71,0.26,0.87,12,dovish (per la BCE) / risk-on (per gli asset di rischio EZ),high,1,2026-07-06,-0.2166,0,0,0.8066,2026-07-13
2026-07-04,ez-inflation-disinflation,2026-07-04/news_01.md,EURUSD=X,10,0.8,0.8,-0.05,1.47,12,dovish (per la BCE) / risk-on (per gli asset di rischio EZ),high,1,2026-07-06,0.1488,1,1,0.6512,2026-07-20
2026-07-04,ez-inflation-disinflation,2026-07-04/news_01.md,IEAG.AS,1,0.05,0.03,-0.16,0.26,12,dovish (per la BCE) / risk-on (per gli asset di rischio EZ),high,0,2026-07-06,-0.2217,0,,0.2717,2026-07-13
2026-07-04,ez-inflation-disinflation,2026-07-04/news_01.md,IEAG.AS,3,0.13,-0.18,-0.63,0.18,12,dovish (per la BCE) / risk-on (per gli asset di rischio EZ),high,1,2026-07-06,-0.5728,1,0,0.7028,2026-07-13
2026-07-04,ez-inflation-disinflation,2026-07-04/news_01.md,IEAG.AS,5,-0.03,-0.26,-0.87,0.22,12,dovish (per la BCE) / risk-on (per gli asset di rischio EZ),high,0,2026-07-06,-0.7206,1,,0.6906,2026-07-20
2026-07-04,ez-inflation-disinflation,2026-07-04/news_01.md,IEAG.AS,10,-0.69,-0.68,-1.26,-0.44,12,dovish (per la BCE) / risk-on (per gli asset di rischio EZ),high,1,2026-07-06,-2.2633,0,1,1.5733,2026-07-27
2026-07-04,ez-inflation-disinflation,2026-07-04/news_01.md,^STOXX50E,1,0.01,-0.63,-2.14,0.61,12,dovish (per la BCE) / risk-on (per gli asset di rischio EZ),high,0,2026-07-06,-1.2215,1,,1.2315,2026-07-13
2026-07-04,ez-inflation-disinflation,2026-07-04/news_01.md,^STOXX50E,3,-0.37,-0.34,-1.12,0.64,12,dovish (per la BCE) / risk-on (per gli asset di rischio EZ),high,1,2026-07-06,-1.7777,0,1,1.4077,2026-07-13
2026-07-04,ez-inflation-disinflation,2026-07-04/news_01.md,^STOXX50E,5,-0.56,-0.39,-1.52,0.83,12,dovish (per la BCE) / risk-on (per gli asset di rischio EZ),high,1,2026-07-06,-1.9848,0,1,1.4248,2026-07-20
2026-07-04,ez-inflation-disinflation,2026-07-04/news_01.md,^STOXX50E,10,-0.29,0.03,-1.73,2.25,12,dovish (per la BCE) / risk-on (per gli asset di rischio EZ),high,1,2026-07-06,-2.6666,0,1,2.3766,2026-07-27
2026-07-04,opec-plus-oil-supply,2026-07-04/news_02.md,BZ=F,1,-0.24,0.02,-2.16,1.6,16,"mixed (bearish oil da OPEC+, bullish da UA-strike; nel complesso leggermente bearish net)",medium,1,2026-07-06,1.0273,1,0,1.2673,2026-07-13
2026-07-04,opec-plus-oil-supply,2026-07-04/news_02.md,BZ=F,3,2.05,1.48,-3.38,4.6,16,"mixed (bearish oil da OPEC+, bullish da UA-strike; nel complesso leggermente bearish net)",medium,1,2026-07-06,8.3299,0,1,6.2799,2026-07-13
2026-07-04,opec-plus-oil-supply,2026-07-04/news_02.md,BZ=F,5,-0.7,2.97,-4.07,4.97,16,"mixed (bearish oil da OPEC+, bullish da UA-strike; nel complesso leggermente bearish net)",medium,1,2026-07-06,10.5234,0,0,11.2234,2026-07-13
2026-07-04,opec-plus-oil-supply,2026-07-04/news_02.md,BZ=F,10,-0.24,3.63,-3.57,9.17,16,"mixed (bearish oil da OPEC+, bullish da UA-strike; nel complesso leggermente bearish net)",medium,1,2026-07-06,25.7254,0,0,25.9654,2026-07-20
2026-07-04,opec-plus-oil-supply,2026-07-04/news_02.md,GC=F,1,0.48,0.28,-1.0,1.15,16,"mixed (bearish oil da OPEC+, bullish da UA-strike; nel complesso leggermente bearish net)",medium,1,2026-07-06,-0.7994,1,0,1.2794,2026-07-13
2026-07-04,opec-plus-oil-supply,2026-07-04/news_02.md,GC=F,3,-0.49,-0.39,-1.31,0.67,16,"mixed (bearish oil da OPEC+, bullish da UA-strike; nel complesso leggermente bearish net)",medium,1,2026-07-06,-1.8556,0,1,1.3656,2026-07-13
2026-07-04,opec-plus-oil-supply,2026-07-04/news_02.md,GC=F,5,-1.49,-0.75,-2.47,1.35,16,"mixed (bearish oil da OPEC+, bullish da UA-strike; nel complesso leggermente bearish net)",medium,1,2026-07-06,-2.2709,1,1,0.7809,2026-07-13
2026-07-04,opec-plus-oil-supply,2026-07-04/news_02.md,GC=F,10,-1.35,-1.76,-4.19,-0.26,16,"mixed (bearish oil da OPEC+, bullish da UA-strike; nel complesso leggermente bearish net)",medium,1,2026-07-06,-3.7400,1,1,2.3900,2026-07-20
2026-07-04,opec-plus-oil-supply,2026-07-04/news_02.md,HG=F,1,0.5,0.69,-0.08,1.67,16,"mixed (bearish oil da OPEC+, bullish da UA-strike; nel complesso leggermente bearish net)",medium,1,2026-07-06,-0.3373,0,0,0.8373,2026-07-13
2026-07-04,opec-plus-oil-supply,2026-07-04/news_02.md,HG=F,3,0.42,0.84,-0.56,2.22,16,"mixed (bearish oil da OPEC+, bullish da UA-strike; nel complesso leggermente bearish net)",medium,1,2026-07-06,-1.2209,0,0,1.6409,2026-07-13
2026-07-04,opec-plus-oil-supply,2026-07-04/news_02.md,HG=F,5,1.37,0.74,-1.88,3.05,16,"mixed (bearish oil da OPEC+, bullish da UA-strike; nel complesso leggermente bearish net)",medium,1,2026-07-06,-0.1205,1,0,1.4905,2026-07-13
2026-07-04,opec-plus-oil-supply,2026-07-04/news_02.md,HG=F,10,0.36,0.94,-2.82,4.83,16,"mixed (bearish oil da OPEC+, bullish da UA-strike; nel complesso leggermente bearish net)",medium,1,2026-07-06,0.6345,1,1,0.2745,2026-07-20
2026-07-04,opec-plus-oil-supply,2026-07-04/news_02.md,^GSPC,1,0.03,0.04,-0.38,0.97,16,"mixed (bearish oil da OPEC+, bullish da UA-strike; nel complesso leggermente bearish net)",medium,0,2026-07-06,-0.4455,0,,0.4755,2026-07-13
2026-07-04,opec-plus-oil-supply,2026-07-04/news_02.md,^GSPC,3,-0.04,0.13,-1.03,1.64,16,"mixed (bearish oil da OPEC+, bullish da UA-strike; nel complesso leggermente bearish net)",medium,0,2026-07-06,0.0824,1,,0.1224,2026-07-13
2026-07-04,opec-plus-oil-supply,2026-07-04/news_02.md,^GSPC,5,0.23,0.14,-1.93,2.41,16,"mixed (bearish oil da OPEC+, bullish da UA-strike; nel complesso leggermente bearish net)",medium,1,2026-07-06,-0.2931,1,0,0.5231,2026-07-20
2026-07-04,opec-plus-oil-supply,2026-07-04/news_02.md,^GSPC,10,1.47,0.9,-0.93,3.12,16,"mixed (bearish oil da OPEC+, bullish da UA-strike; nel complesso leggermente bearish net)",medium,1,2026-07-06,-1.2491,0,0,2.7191,2026-07-27
2026-07-04,soft-us-jobs-risk-on,2026-07-04/news_03.md,BTC-USD,1,-0.07,-0.28,-1.04,0.61,12,"risk-on (equity, crypto) / dovish (rates)",medium,0,2026-07-05,0.5879,1,,0.6579,2026-07-06
2026-07-04,soft-us-jobs-risk-on,2026-07-04/news_03.md,BTC-USD,3,-1.61,-2.81,-4.92,1.93,12,"risk-on (equity, crypto) / dovish (rates)",medium,1,2026-07-05,-0.1465,1,1,1.4635,2026-07-13
2026-07-04,soft-us-jobs-risk-on,2026-07-04/news_03.md,BTC-USD,5,-1.22,-2.07,-6.04,2.82,12,"risk-on (equity, crypto) / dovish (rates)",medium,1,2026-07-05,2.3060,1,0,3.5260,2026-07-13
2026-07-04,soft-us-jobs-risk-on,2026-07-04/news_03.md,BTC-USD,10,0.89,-1.99,-4.85,6.52,12,"risk-on (equity, crypto) / dovish (rates)",medium,1,2026-07-05,0.1316,1,1,0.7584,2026-07-20
2026-07-04,soft-us-jobs-risk-on,2026-07-04/news_03.md,DX-Y.NYB,1,0.12,0.06,-0.03,0.31,12,"risk-on (equity, crypto) / dovish (rates)",medium,1,2026-07-06,-0.0297,1,0,0.1497,2026-07-13
2026-07-04,soft-us-jobs-risk-on,2026-07-04/news_03.md,DX-Y.NYB,3,0.11,0.04,-0.29,0.5,12,"risk-on (equity, crypto) / dovish (rates)",medium,1,2026-07-06,-0.0485,1,0,0.1585,2026-07-13
2026-07-04,soft-us-jobs-risk-on,2026-07-04/news_03.md,DX-Y.NYB,5,0.02,0.21,-0.27,0.65,12,"risk-on (equity, crypto) / dovish (rates)",medium,0,2026-07-06,0.1188,1,,0.0988,2026-07-13
2026-07-04,soft-us-jobs-risk-on,2026-07-04/news_03.md,DX-Y.NYB,10,0.02,0.13,-0.3,0.81,12,"risk-on (equity, crypto) / dovish (rates)",medium,0,2026-07-06,-0.2407,1,,0.2607,2026-07-20
2026-07-04,soft-us-jobs-risk-on,2026-07-04/news_03.md,GC=F,1,-0.36,-0.46,-1.24,0.34,12,"risk-on (equity, crypto) / dovish (rates)",medium,1,2026-07-06,-0.7994,1,1,0.4394,2026-07-13
2026-07-04,soft-us-jobs-risk-on,2026-07-04/news_03.md,GC=F,3,-0.16,-0.28,-2.1,0.86,12,"risk-on (equity, crypto) / dovish (rates)",medium,1,2026-07-06,-1.8556,1,1,1.6956,2026-07-13
2026-07-04,soft-us-jobs-risk-on,2026-07-04/news_03.md,GC=F,5,0.52,-0.09,-1.88,1.83,12,"risk-on (equity, crypto) / dovish (rates)",medium,1,2026-07-06,-2.2709,0,0,2.7909,2026-07-13
2026-07-04,soft-us-jobs-risk-on,2026-07-04/news_03.md,GC=F,10,0.91,0.82,-1.09,2.84,12,"risk-on (equity, crypto) / dovish (rates)",medium,1,2026-07-06,-3.7400,0,0,4.6500,2026-07-20
2026-07-04,soft-us-jobs-risk-on,2026-07-04/news_03.md,^GSPC,1,-0.67,-0.87,-2.04,0.3,12,"risk-on (equity, crypto) / dovish (rates)",medium,1,2026-07-06,-0.4455,1,1,0.2245,2026-07-13
2026-07-04,soft-us-jobs-risk-on,2026-07-04/news_03.md,^GSPC,3,-2.01,-1.17,-2.93,0.48,12,"risk-on (equity, crypto) / dovish (rates)",medium,1,2026-07-06,0.0824,1,0,2.0924,2026-07-13
2026-07-04,soft-us-jobs-risk-on,2026-07-04/news_03.md,^GSPC,5,-1.02,-0.85,-2.38,1.02,12,"risk-on (equity, crypto) / dovish (rates)",medium,1,2026-07-06,-0.2931,1,1,0.7269,2026-07-20
2026-07-04,soft-us-jobs-risk-on,2026-07-04/news_03.md,^GSPC,10,-1.09,-0.72,-2.01,1.92,12,"risk-on (equity, crypto) / dovish (rates)",medium,1,2026-07-06,-1.2491,1,1,0.1591,2026-07-27
2026-07-04,soft-us-jobs-risk-on,2026-07-04/news_03.md,^NDX,1,-1.11,-1.24,-2.92,0.63,12,"risk-on (equity, crypto) / dovish (rates)",medium,1,2026-07-06,-1.7673,1,1,0.6573,2026-07-13
2026-07-04,soft-us-jobs-risk-on,2026-07-04/news_03.md,^NDX,3,-2.09,-1.31,-3.77,0.86,12,"risk-on (equity, crypto) / dovish (rates)",medium,1,2026-07-06,0.0984,1,0,2.1884,2026-07-13
2026-07-04,soft-us-jobs-risk-on,2026-07-04/news_03.md,^NDX,5,-1.68,-0.69,-2.68,2.22,12,"risk-on (equity, crypto) / dovish (rates)",medium,1,2026-07-06,-1.4606,1,1,0.2194,2026-07-20
2026-07-04,soft-us-jobs-risk-on,2026-07-04/news_03.md,^NDX,10,0.07,-0.1,-2.22,2.44,12,"risk-on (equity, crypto) / dovish (rates)",medium,0,2026-07-06,-3.6825,0,,3.7525,2026-07-27
2026-07-04,soft-us-jobs-risk-on,2026-07-04/news_03.md,^TNX,1,0.46,0.29,-2.07,1.38,12,"risk-on (equity, crypto) / dovish (rates)",medium,1,2026-07-06,1.1163,1,1,0.6563,2026-07-13
2026-07-04,soft-us-jobs-risk-on,2026-07-04/news_03.md,^TNX,3,0.08,0.87,-1.71,2.55,12,"risk-on (equity, crypto) / dovish (rates)",medium,0,2026-07-06,1.3396,1,,1.2596,2026-07-13
2026-07-04,soft-us-jobs-risk-on,2026-07-04/news_03.md,^TNX,5,-0.26,1.56,-1.21,4.25,12,"risk-on (equity, crypto) / dovish (rates)",medium,1,2026-07-06,2.9024,1,0,3.1624,2026-07-20
2026-07-04,soft-us-jobs-risk-on,2026-07-04/news_03.md,^TNX,10,-0.05,1.44,-1.32,4.86,12,"risk-on (equity, crypto) / dovish (rates)",medium,0,2026-07-06,2.6568,1,,2.7068,2026-07-27
2026-07-04,yen-intervention-watch,2026-07-04/news_04.md,GC=F,1,-0.02,0.05,-0.14,0.35,14,"neutral (il ""watch"" non è ancora un evento; direzione ambigua)",medium,0,2026-07-06,-0.7994,0,,0.7794,2026-07-13
2026-07-04,yen-intervention-watch,2026-07-04/news_04.md,GC=F,3,0.22,0.23,-1.23,1.5,14,"neutral (il ""watch"" non è ancora un evento; direzione ambigua)",medium,1,2026-07-06,-1.8556,0,0,2.0756,2026-07-13
2026-07-04,yen-intervention-watch,2026-07-04/news_04.md,GC=F,5,-0.57,0.44,-0.77,1.46,14,"neutral (il ""watch"" non è ancora un evento; direzione ambigua)",medium,1,2026-07-06,-2.2709,0,1,1.7009,2026-07-13
2026-07-04,yen-intervention-watch,2026-07-04/news_04.md,GC=F,10,1.17,0.98,-0.96,2.26,14,"neutral (il ""watch"" non è ancora un evento; direzione ambigua)",medium,1,2026-07-06,-3.7400,0,0,4.9100,2026-07-20
2026-07-04,yen-intervention-watch,2026-07-04/news_04.md,JPY=X,1,-1.35,-1.23,-1.86,-0.36,14,"neutral (il ""watch"" non è ancora un evento; direzione ambigua)",medium,1,2026-07-06,-0.1246,0,1,1.2254,2026-07-13
2026-07-04,yen-intervention-watch,2026-07-04/news_04.md,JPY=X,3,-1.3,-1.46,-2.08,-0.43,14,"neutral (il ""watch"" non è ancora un evento; direzione ambigua)",medium,1,2026-07-06,0.1802,0,0,1.4802,2026-07-13
2026-07-04,yen-intervention-watch,2026-07-04/news_04.md,JPY=X,5,-1.76,-1.91,-2.86,-0.83,14,"neutral (il ""watch"" non è ancora un evento; direzione ambigua)",medium,1,2026-07-06,0.1222,0,0,1.8822,2026-07-13
2026-07-04,yen-intervention-watch,2026-07-04/news_04.md,JPY=X,10,-1.49,-1.99,-3.48,-0.69,14,"neutral (il ""watch"" non è ancora un evento; direzione ambigua)",medium,1,2026-07-06,0.1808,0,0,1.6708,2026-07-20
2026-07-04,yen-intervention-watch,2026-07-04/news_04.md,^N225,1,-0.51,-0.58,-2.0,0.29,14,"neutral (il ""watch"" non è ancora un evento; direzione ambigua)",medium,1,2026-07-06,-1.4349,1,1,0.9249,2026-07-13
2026-07-04,yen-intervention-watch,2026-07-04/news_04.md,^N225,3,-1.06,-1.23,-2.65,1.31,14,"neutral (il ""watch"" non è ancora un evento; direzione ambigua)",medium,1,2026-07-06,-2.4705,1,1,1.4105,2026-07-13
2026-07-04,yen-intervention-watch,2026-07-04/news_04.md,^N225,5,-0.88,-0.93,-4.33,0.57,14,"neutral (il ""watch"" non è ancora un evento; direzione ambigua)",medium,1,2026-07-06,-3.4577,1,1,2.5777,2026-07-13
2026-07-04,yen-intervention-watch,2026-07-04/news_04.md,^N225,10,-0.33,-0.82,-4.36,1.94,14,"neutral (il ""watch"" non è ancora un evento; direzione ambigua)",medium,1,2026-07-06,-4.7141,0,1,4.3841,2026-07-27
2026-07-04,yen-intervention-watch,2026-07-04/news_04.md,^TNX,1,-0.18,-0.39,-0.54,0.53,14,"neutral (il ""watch"" non è ancora un evento; direzione ambigua)",medium,1,2026-07-06,1.1163,0,0,1.2963,2026-07-13
2026-07-04,yen-intervention-watch,2026-07-04/news_04.md,^TNX,3,-0.86,-1.02,-2.11,0.55,14,"neutral (il ""watch"" non è ancora un evento; direzione ambigua)",medium,1,2026-07-06,1.3396,0,0,2.1996,2026-07-13
2026-07-04,yen-intervention-watch,2026-07-04/news_04.md,^TNX,5,-0.29,-0.55,-2.59,0.8,14,"neutral (il ""watch"" non è ancora un evento; direzione ambigua)",medium,1,2026-07-06,2.9024,0,0,3.1924,2026-07-20
2026-07-04,yen-intervention-watch,2026-07-04/news_04.md,^TNX,10,-0.78,-1.14,-2.67,0.8,14,"neutral (il ""watch"" non è ancora un evento; direzione ambigua)",medium,1,2026-07-06,2.6568,0,0,3.4368,2026-07-27
2026-07-06,fed-dovish-pivot-gold-record,2026-07-06/news_02.md,DX-Y.NYB,1,0.11,0.16,-0.2,0.44,12,dovish (aspettative di politica più accomodante),high,1,2026-07-06,-0.0297,1,0,0.1397,2026-07-13
2026-07-06,fed-dovish-pivot-gold-record,2026-07-06/news_02.md,DX-Y.NYB,3,0.16,0.23,-0.06,0.54,12,dovish (aspettative di politica più accomodante),high,1,2026-07-06,-0.0485,1,0,0.2085,2026-07-13
2026-07-06,fed-dovish-pivot-gold-record,2026-07-06/news_02.md,DX-Y.NYB,5,0.41,0.42,0.07,0.69,12,dovish (aspettative di politica più accomodante),high,1,2026-07-06,0.1188,1,1,0.2912,2026-07-13
2026-07-06,fed-dovish-pivot-gold-record,2026-07-06/news_02.md,DX-Y.NYB,10,0.66,0.5,-0.06,1.11,12,dovish (aspettative di politica più accomodante),high,1,2026-07-06,-0.2407,0,0,0.9007,2026-07-20
2026-07-06,fed-dovish-pivot-gold-record,2026-07-06/news_02.md,EURUSD=X,1,-0.12,-0.07,-0.41,0.48,12,dovish (aspettative di politica più accomodante),high,1,2026-07-06,0.0686,1,0,0.1886,2026-07-13
2026-07-06,fed-dovish-pivot-gold-record,2026-07-06/news_02.md,EURUSD=X,3,-0.45,-0.33,-0.67,0.07,12,dovish (aspettative di politica più accomodante),high,1,2026-07-06,0.0572,1,0,0.5072,2026-07-13
2026-07-06,fed-dovish-pivot-gold-record,2026-07-06/news_02.md,EURUSD=X,5,-0.17,-0.21,-0.72,0.1,12,dovish (aspettative di politica più accomodante),high,1,2026-07-06,-0.2166,1,1,0.0466,2026-07-13
2026-07-06,fed-dovish-pivot-gold-record,2026-07-06/news_02.md,EURUSD=X,10,-0.41,-0.34,-0.87,0.18,12,dovish (aspettative di politica più accomodante),high,1,2026-07-06,0.1488,1,0,0.5588,2026-07-20
2026-07-06,fed-dovish-pivot-gold-record,2026-07-06/news_02.md,GC=F,1,0.03,-0.18,-0.84,0.58,12,dovish (aspettative di politica più accomodante),high,0,2026-07-06,-0.7994,1,,0.8294,2026-07-13
2026-07-06,fed-dovish-pivot-gold-record,2026-07-06/news_02.md,GC=F,3,-0.96,-0.28,-1.27,1.11,12,dovish (aspettative di politica più accomodante),high,1,2026-07-06,-1.8556,0,1,0.8956,2026-07-13
2026-07-06,fed-dovish-pivot-gold-record,2026-07-06/news_02.md,GC=F,5,0.28,0.41,-1.63,2.04,12,dovish (aspettative di politica più accomodante),high,1,2026-07-06,-2.2709,0,0,2.5509,2026-07-13
2026-07-06,fed-dovish-pivot-gold-record,2026-07-06/news_02.md,GC=F,10,-0.05,0.39,-0.84,1.47,12,dovish (aspettative di politica più accomodante),high,0,2026-07-06,-3.7400,0,,3.6900,2026-07-20
2026-07-06,fed-dovish-pivot-gold-record,2026-07-06/news_02.md,^GSPC,1,0.12,-0.06,-0.44,0.5,12,dovish (aspettative di politica più accomodante),high,1,2026-07-06,-0.4455,0,0,0.5655,2026-07-13
2026-07-06,fed-dovish-pivot-gold-record,2026-07-06/news_02.md,^GSPC,3,-0.28,-0.82,-1.65,0.96,12,dovish (aspettative di politica più accomodante),high,1,2026-07-06,0.0824,1,0,0.3624,2026-07-13
2026-07-06,fed-dovish-pivot-gold-record,2026-07-06/news_02.md,^GSPC,5,-0.33,-0.17,-0.98,1.18,12,dovish (aspettative di politica più accomodante),high,1,2026-07-06,-0.2931,1,1,0.0369,2026-07-20
2026-07-06,fed-dovish-pivot-gold-record,2026-07-06/news_02.md,^GSPC,10,1.14,0.08,-0.27,1.38,12,dovish (aspettative di politica più accomodante),high,1,2026-07-06,-1.2491,0,0,2.3891,2026-07-27
2026-07-06,fed-dovish-pivot-gold-record,2026-07-06/news_02.md,^NDX,1,0.3,0.0,-0.74,0.8,12,dovish (aspettative di politica più accomodante),high,1,2026-07-06,-1.7673,0,0,2.0673,2026-07-13
2026-07-06,fed-dovish-pivot-gold-record,2026-07-06/news_02.md,^NDX,3,-0.33,-0.93,-2.23,1.24,12,dovish (aspettative di politica più accomodante),high,1,2026-07-06,0.0984,1,0,0.4284,2026-07-13
2026-07-06,fed-dovish-pivot-gold-record,2026-07-06/news_02.md,^NDX,5,-0.53,-0.14,-1.29,1.77,12,dovish (aspettative di politica più accomodante),high,1,2026-07-06,-1.4606,0,1,0.9306,2026-07-20
2026-07-06,fed-dovish-pivot-gold-record,2026-07-06/news_02.md,^NDX,10,1.16,0.03,-0.85,1.92,12,dovish (aspettative di politica più accomodante),high,1,2026-07-06,-3.6825,0,0,4.8425,2026-07-27
2026-07-06,fed-dovish-pivot-gold-record,2026-07-06/news_02.md,^TNX,1,-0.42,-0.1,-1.11,1.2,12,dovish (aspettative di politica più accomodante),high,1,2026-07-06,1.1163,1,0,1.5363,2026-07-13
2026-07-06,fed-dovish-pivot-gold-record,2026-07-06/news_02.md,^TNX,3,-0.25,0.1,-1.62,2.25,12,dovish (aspettative di politica più accomodante),high,1,2026-07-06,1.3396,1,0,1.5896,2026-07-13
2026-07-06,fed-dovish-pivot-gold-record,2026-07-06/news_02.md,^TNX,5,0.17,0.47,-1.36,2.17,12,dovish (aspettative di politica più accomodante),high,1,2026-07-06,2.9024,0,1,2.7324,2026-07-20
2026-07-06,fed-dovish-pivot-gold-record,2026-07-06/news_02.md,^TNX,10,-0.37,0.12,-4.39,2.51,12,dovish (aspettative di politica più accomodante),high,1,2026-07-06,2.6568,0,0,3.0268,2026-07-27
2026-07-06,ism-services-pmi-june-release,2026-07-06/news_03.md,DX-Y.NYB,1,-0.01,0.01,-0.19,0.33,30,neutral (evento con esito ancora ignoto — direzione dipenderà dalla sorpresa vs consenso),"medium (la reazione dipende dal segno e ampiezza della sorpresa, non solo dal dato in sé)",0,2026-07-06,-0.0297,1,,0.0197,2026-07-13
2026-07-06,ism-services-pmi-june-release,2026-07-06/news_03.md,DX-Y.NYB,3,-0.03,-0.0,-0.26,0.49,30,neutral (evento con esito ancora ignoto — direzione dipenderà dalla sorpresa vs consenso),"medium (la reazione dipende dal segno e ampiezza della sorpresa, non solo dal dato in sé)",0,2026-07-06,-0.0485,1,,0.0185,2026-07-13
2026-07-06,ism-services-pmi-june-release,2026-07-06/news_03.md,DX-Y.NYB,5,-0.01,-0.02,-0.27,0.46,30,neutral (evento con esito ancora ignoto — direzione dipenderà dalla sorpresa vs consenso),"medium (la reazione dipende dal segno e ampiezza della sorpresa, non solo dal dato in sé)",0,2026-07-06,0.1188,1,,0.1288,2026-07-13
2026-07-06,ism-services-pmi-june-release,2026-07-06/news_03.md,DX-Y.NYB,10,0.12,0.11,-0.41,0.89,30,neutral (evento con esito ancora ignoto — direzione dipenderà dalla sorpresa vs consenso),"medium (la reazione dipende dal segno e ampiezza della sorpresa, non solo dal dato in sé)",1,2026-07-06,-0.2407,1,0,0.3607,2026-07-20
2026-07-06,ism-services-pmi-june-release,2026-07-06/news_03.md,GC=F,1,-0.22,-0.17,-0.77,0.62,30,neutral (evento con esito ancora ignoto — direzione dipenderà dalla sorpresa vs consenso),"medium (la reazione dipende dal segno e ampiezza della sorpresa, non solo dal dato in sé)",1,2026-07-06,-0.7994,0,1,0.5794,2026-07-13
2026-07-06,ism-services-pmi-june-release,2026-07-06/news_03.md,GC=F,3,-0.15,-0.1,-1.38,0.98,30,neutral (evento con esito ancora ignoto — direzione dipenderà dalla sorpresa vs consenso),"medium (la reazione dipende dal segno e ampiezza della sorpresa, non solo dal dato in sé)",1,2026-07-06,-1.8556,0,1,1.7056,2026-07-13
2026-07-06,ism-services-pmi-june-release,2026-07-06/news_03.md,GC=F,5,0.12,0.13,-0.86,1.39,30,neutral (evento con esito ancora ignoto — direzione dipenderà dalla sorpresa vs consenso),"medium (la reazione dipende dal segno e ampiezza della sorpresa, non solo dal dato in sé)",1,2026-07-06,-2.2709,0,0,2.3909,2026-07-13
2026-07-06,ism-services-pmi-june-release,2026-07-06/news_03.md,GC=F,10,-0.05,0.53,-1.21,2.05,30,neutral (evento con esito ancora ignoto — direzione dipenderà dalla sorpresa vs consenso),"medium (la reazione dipende dal segno e ampiezza della sorpresa, non solo dal dato in sé)",0,2026-07-06,-3.7400,0,,3.6900,2026-07-20
2026-07-06,ism-services-pmi-june-release,2026-07-06/news_03.md,^GSPC,1,-0.34,-0.48,-1.18,0.26,30,neutral (evento con esito ancora ignoto — direzione dipenderà dalla sorpresa vs consenso),"medium (la reazione dipende dal segno e ampiezza della sorpresa, non solo dal dato in sé)",1,2026-07-06,-0.4455,1,1,0.1055,2026-07-13
2026-07-06,ism-services-pmi-june-release,2026-07-06/news_03.md,^GSPC,3,-0.41,-0.63,-2.36,0.77,30,neutral (evento con esito ancora ignoto — direzione dipenderà dalla sorpresa vs consenso),"medium (la reazione dipende dal segno e ampiezza della sorpresa, non solo dal dato in sé)",1,2026-07-06,0.0824,1,0,0.4924,2026-07-13
2026-07-06,ism-services-pmi-june-release,2026-07-06/news_03.md,^GSPC,5,-0.69,-0.59,-2.16,1.22,30,neutral (evento con esito ancora ignoto — direzione dipenderà dalla sorpresa vs consenso),"medium (la reazione dipende dal segno e ampiezza della sorpresa, non solo dal dato in sé)",1,2026-07-06,-0.2931,1,1,0.3969,2026-07-20
2026-07-06,ism-services-pmi-june-release,2026-07-06/news_03.md,^GSPC,10,-0.36,-0.41,-2.97,1.88,30,neutral (evento con esito ancora ignoto — direzione dipenderà dalla sorpresa vs consenso),"medium (la reazione dipende dal segno e ampiezza della sorpresa, non solo dal dato in sé)",1,2026-07-06,-1.2491,1,1,0.8891,2026-07-27
2026-07-06,ism-services-pmi-june-release,2026-07-06/news_03.md,^TNX,1,0.3,0.22,-1.63,1.28,30,neutral (evento con esito ancora ignoto — direzione dipenderà dalla sorpresa vs consenso),"medium (la reazione dipende dal segno e ampiezza della sorpresa, non solo dal dato in sé)",1,2026-07-06,1.1163,1,1,0.8163,2026-07-13
2026-07-06,ism-services-pmi-june-release,2026-07-06/news_03.md,^TNX,3,0.18,0.8,-0.46,2.53,30,neutral (evento con esito ancora ignoto — direzione dipenderà dalla sorpresa vs consenso),"medium (la reazione dipende dal segno e ampiezza della sorpresa, non solo dal dato in sé)",1,2026-07-06,1.3396,1,1,1.1596,2026-07-13
2026-07-06,ism-services-pmi-june-release,2026-07-06/news_03.md,^TNX,5,0.61,1.29,-1.48,3.49,30,neutral (evento con esito ancora ignoto — direzione dipenderà dalla sorpresa vs consenso),"medium (la reazione dipende dal segno e ampiezza della sorpresa, non solo dal dato in sé)",1,2026-07-06,2.9024,1,1,2.2924,2026-07-20
2026-07-06,ism-services-pmi-june-release,2026-07-06/news_03.md,^TNX,10,2.93,2.63,-0.59,6.23,30,neutral (evento con esito ancora ignoto — direzione dipenderà dalla sorpresa vs consenso),"medium (la reazione dipende dal segno e ampiezza della sorpresa, non solo dal dato in sé)",1,2026-07-06,2.6568,1,1,0.2732,2026-07-27
2026-07-06,ism-services-pmi-june-release,2026-07-06/news_03.md,^VIX,1,-0.09,7.27,-3.07,10.22,30,neutral (evento con esito ancora ignoto — direzione dipenderà dalla sorpresa vs consenso),"medium (la reazione dipende dal segno e ampiezza della sorpresa, non solo dal dato in sé)",0,2026-07-06,3.5967,1,,3.6867,2026-07-13
2026-07-06,ism-services-pmi-june-release,2026-07-06/news_03.md,^VIX,3,1.93,7.95,-7.24,12.59,30,neutral (evento con esito ancora ignoto — direzione dipenderà dalla sorpresa vs consenso),"medium (la reazione dipende dal segno e ampiezza della sorpresa, non solo dal dato in sé)",1,2026-07-06,1.7341,1,1,0.1959,2026-07-13
2026-07-06,ism-services-pmi-june-release,2026-07-06/news_03.md,^VIX,5,3.85,5.04,-9.22,12.61,30,neutral (evento con esito ancora ignoto — direzione dipenderà dalla sorpresa vs consenso),"medium (la reazione dipende dal segno e ampiezza della sorpresa, non solo dal dato in sé)",1,2026-07-06,10.2119,1,1,6.3619,2026-07-20
2026-07-06,ism-services-pmi-june-release,2026-07-06/news_03.md,^VIX,10,1.01,2.87,-12.24,17.39,30,neutral (evento con esito ancora ignoto — direzione dipenderà dalla sorpresa vs consenso),"medium (la reazione dipende dal segno e ampiezza della sorpresa, non solo dal dato in sé)",1,2026-07-06,19.7816,0,1,18.7716,2026-07-27
2026-07-06,opec-supply-hike-oil-slide,2026-07-06/news_01.md,BZ=F,1,-0.11,0.28,-1.12,1.64,19,"negative (ribassista sul petrolio, disinflazionistico per il sistema)",high,1,2026-07-06,1.0273,1,0,1.1373,2026-07-13
2026-07-06,opec-supply-hike-oil-slide,2026-07-06/news_01.md,BZ=F,3,1.89,1.82,-3.33,5.1,19,"negative (ribassista sul petrolio, disinflazionistico per il sistema)",high,1,2026-07-06,8.3299,0,1,6.4399,2026-07-13
2026-07-06,opec-supply-hike-oil-slide,2026-07-06/news_01.md,BZ=F,5,0.15,3.26,-3.8,5.02,19,"negative (ribassista sul petrolio, disinflazionistico per il sistema)",high,1,2026-07-06,10.5234,0,1,10.3734,2026-07-13
2026-07-06,opec-supply-hike-oil-slide,2026-07-06/news_01.md,BZ=F,10,0.57,4.07,-3.93,9.41,19,"negative (ribassista sul petrolio, disinflazionistico per il sistema)",high,1,2026-07-06,25.7254,0,1,25.1554,2026-07-20
2026-07-06,opec-supply-hike-oil-slide,2026-07-06/news_01.md,GC=F,1,-0.0,0.12,-1.01,1.09,19,"negative (ribassista sul petrolio, disinflazionistico per il sistema)",high,0,2026-07-06,-0.7994,1,,0.7994,2026-07-13
2026-07-06,opec-supply-hike-oil-slide,2026-07-06/news_01.md,GC=F,3,-0.58,-0.34,-1.31,0.68,19,"negative (ribassista sul petrolio, disinflazionistico per il sistema)",high,1,2026-07-06,-1.8556,0,1,1.2756,2026-07-13
2026-07-06,opec-supply-hike-oil-slide,2026-07-06/news_01.md,GC=F,5,-1.42,-0.63,-2.47,1.35,19,"negative (ribassista sul petrolio, disinflazionistico per il sistema)",high,1,2026-07-06,-2.2709,1,1,0.8509,2026-07-13
2026-07-06,opec-supply-hike-oil-slide,2026-07-06/news_01.md,GC=F,10,-1.35,-1.56,-4.34,0.12,19,"negative (ribassista sul petrolio, disinflazionistico per il sistema)",high,1,2026-07-06,-3.7400,1,1,2.3900,2026-07-20
2026-07-06,opec-supply-hike-oil-slide,2026-07-06/news_01.md,^GSPC,1,0.01,0.05,-0.23,0.8,19,"negative (ribassista sul petrolio, disinflazionistico per il sistema)",high,0,2026-07-06,-0.4455,0,,0.4555,2026-07-13
2026-07-06,opec-supply-hike-oil-slide,2026-07-06/news_01.md,^GSPC,3,0.17,0.18,-0.87,1.61,19,"negative (ribassista sul petrolio, disinflazionistico per il sistema)",high,1,2026-07-06,0.0824,1,1,0.0876,2026-07-13
2026-07-06,opec-supply-hike-oil-slide,2026-07-06/news_01.md,^GSPC,5,0.55,0.2,-1.57,1.69,19,"negative (ribassista sul petrolio, disinflazionistico per il sistema)",high,1,2026-07-06,-0.2931,1,0,0.8431,2026-07-20
2026-07-06,opec-supply-hike-oil-slide,2026-07-06/news_01.md,^GSPC,10,1.87,1.07,-0.53,2.89,19,"negative (ribassista sul petrolio, disinflazionistico per il sistema)",high,1,2026-07-06,-1.2491,0,0,3.1191,2026-07-27
2026-07-06,opec-supply-hike-oil-slide,2026-07-06/news_01.md,^STOXX50E,1,0.59,0.17,-0.59,1.39,19,"negative (ribassista sul petrolio, disinflazionistico per il sistema)",high,1,2026-07-06,-1.2215,0,0,1.8115,2026-07-13
2026-07-06,opec-supply-hike-oil-slide,2026-07-06/news_01.md,^STOXX50E,3,0.02,-0.32,-1.16,0.63,19,"negative (ribassista sul petrolio, disinflazionistico per il sistema)",high,0,2026-07-06,-1.7777,0,,1.7977,2026-07-13
2026-07-06,opec-supply-hike-oil-slide,2026-07-06/news_01.md,^STOXX50E,5,-0.1,-0.39,-1.29,1.44,19,"negative (ribassista sul petrolio, disinflazionistico per il sistema)",high,1,2026-07-06,-1.9848,0,1,1.8848,2026-07-20
2026-07-06,opec-supply-hike-oil-slide,2026-07-06/news_01.md,^STOXX50E,10,-0.07,0.16,-1.54,2.51,19,"negative (ribassista sul petrolio, disinflazionistico per il sistema)",high,0,2026-07-06,-2.6666,0,,2.5966,2026-07-27
2026-07-06,opec-supply-hike-oil-slide,2026-07-06/news_01.md,^TNX,1,-0.02,0.13,-0.62,0.65,19,"negative (ribassista sul petrolio, disinflazionistico per il sistema)",high,0,2026-07-06,1.1163,0,,1.1363,2026-07-13
2026-07-06,opec-supply-hike-oil-slide,2026-07-06/news_01.md,^TNX,3,0.14,-0.02,-1.54,1.06,19,"negative (ribassista sul petrolio, disinflazionistico per il sistema)",high,1,2026-07-06,1.3396,0,1,1.1996,2026-07-13
2026-07-06,opec-supply-hike-oil-slide,2026-07-06/news_01.md,^TNX,5,-0.11,-0.26,-2.08,1.95,19,"negative (ribassista sul petrolio, disinflazionistico per il sistema)",high,1,2026-07-06,2.9024,0,0,3.0124,2026-07-20
2026-07-06,opec-supply-hike-oil-slide,2026-07-06/news_01.md,^TNX,10,0.72,0.25,-3.4,2.98,19,"negative (ribassista sul petrolio, disinflazionistico per il sistema)",high,1,2026-07-06,2.6568,1,1,1.9368,2026-07-27
2026-07-06,spacex-nasdaq100-inclusion,2026-07-06/news_05.md,SOXX,1,-0.0,0.25,-1.05,1.59,38,positive (per l'indice; forzato acquisto passivo genera domanda mecanica),"medium (l'effetto è tipicamente marginale a livello indice; il grosso della reazione è già stato ""front-run"" dai gestori attivi nei giorni precedenti l'annuncio)",0,2026-07-06,-5.1280,0,,5.1280,2026-07-13
2026-07-06,spacex-nasdaq100-inclusion,2026-07-06/news_05.md,SOXX,3,0.42,0.6,-1.61,3.01,38,positive (per l'indice; forzato acquisto passivo genera domanda mecanica),"medium (l'effetto è tipicamente marginale a livello indice; il grosso della reazione è già stato ""front-run"" dai gestori attivi nei giorni precedenti l'annuncio)",1,2026-07-06,0.0327,1,1,0.3873,2026-07-13
2026-07-06,spacex-nasdaq100-inclusion,2026-07-06/news_05.md,SOXX,5,0.76,1.65,-1.02,3.99,38,positive (per l'indice; forzato acquisto passivo genera domanda mecanica),"medium (l'effetto è tipicamente marginale a livello indice; il grosso della reazione è già stato ""front-run"" dai gestori attivi nei giorni precedenti l'annuncio)",1,2026-07-06,-4.7979,0,0,5.5579,2026-07-20
2026-07-06,spacex-nasdaq100-inclusion,2026-07-06/news_05.md,SOXX,10,2.29,2.01,-1.63,4.87,38,positive (per l'indice; forzato acquisto passivo genera domanda mecanica),"medium (l'effetto è tipicamente marginale a livello indice; il grosso della reazione è già stato ""front-run"" dai gestori attivi nei giorni precedenti l'annuncio)",1,2026-07-06,-9.8657,0,0,12.1557,2026-07-27
2026-07-06,spacex-nasdaq100-inclusion,2026-07-06/news_05.md,^GSPC,1,0.07,0.05,-0.79,0.67,38,positive (per l'indice; forzato acquisto passivo genera domanda mecanica),"medium (l'effetto è tipicamente marginale a livello indice; il grosso della reazione è già stato ""front-run"" dai gestori attivi nei giorni precedenti l'annuncio)",0,2026-07-06,-0.4455,1,,0.5155,2026-07-13
2026-07-06,spacex-nasdaq100-inclusion,2026-07-06/news_05.md,^GSPC,3,0.58,0.19,-0.91,1.16,38,positive (per l'indice; forzato acquisto passivo genera domanda mecanica),"medium (l'effetto è tipicamente marginale a livello indice; il grosso della reazione è già stato ""front-run"" dai gestori attivi nei giorni precedenti l'annuncio)",1,2026-07-06,0.0824,1,1,0.4976,2026-07-13
2026-07-06,spacex-nasdaq100-inclusion,2026-07-06/news_05.md,^GSPC,5,0.5,0.37,-0.26,1.55,38,positive (per l'indice; forzato acquisto passivo genera domanda mecanica),"medium (l'effetto è tipicamente marginale a livello indice; il grosso della reazione è già stato ""front-run"" dai gestori attivi nei giorni precedenti l'annuncio)",1,2026-07-06,-0.2931,0,0,0.7931,2026-07-20
2026-07-06,spacex-nasdaq100-inclusion,2026-07-06/news_05.md,^GSPC,10,0.88,0.41,-0.63,2.19,38,positive (per l'indice; forzato acquisto passivo genera domanda mecanica),"medium (l'effetto è tipicamente marginale a livello indice; il grosso della reazione è già stato ""front-run"" dai gestori attivi nei giorni precedenti l'annuncio)",1,2026-07-06,-1.2491,0,0,2.1291,2026-07-27
2026-07-06,spacex-nasdaq100-inclusion,2026-07-06/news_05.md,^NDX,1,0.3,0.11,-0.82,0.91,38,positive (per l'indice; forzato acquisto passivo genera domanda mecanica),"medium (l'effetto è tipicamente marginale a livello indice; il grosso della reazione è già stato ""front-run"" dai gestori attivi nei giorni precedenti l'annuncio)",1,2026-07-06,-1.7673,0,0,2.0673,2026-07-13
2026-07-06,spacex-nasdaq100-inclusion,2026-07-06/news_05.md,^NDX,3,0.85,0.42,-0.88,1.8,38,positive (per l'indice; forzato acquisto passivo genera domanda mecanica),"medium (l'effetto è tipicamente marginale a livello indice; il grosso della reazione è già stato ""front-run"" dai gestori attivi nei giorni precedenti l'annuncio)",1,2026-07-06,0.0984,1,1,0.7516,2026-07-13
2026-07-06,spacex-nasdaq100-inclusion,2026-07-06/news_05.md,^NDX,5,1.13,0.84,-1.04,2.23,38,positive (per l'indice; forzato acquisto passivo genera domanda mecanica),"medium (l'effetto è tipicamente marginale a livello indice; il grosso della reazione è già stato ""front-run"" dai gestori attivi nei giorni precedenti l'annuncio)",1,2026-07-06,-1.4606,0,0,2.5906,2026-07-20
2026-07-06,spacex-nasdaq100-inclusion,2026-07-06/news_05.md,^NDX,10,1.75,0.99,-1.06,3.46,38,positive (per l'indice; forzato acquisto passivo genera domanda mecanica),"medium (l'effetto è tipicamente marginale a livello indice; il grosso della reazione è già stato ""front-run"" dai gestori attivi nei giorni precedenti l'annuncio)",1,2026-07-06,-3.6825,0,0,5.4325,2026-07-27
2026-07-06,trump-brics-tariff-threat,2026-07-06/news_04.md,DX-Y.NYB,1,0.15,0.06,-0.3,0.37,12,negative (risk-off su EM e trade-exposed; supportivo per il dollaro nelle prime ore),"medium (Trump ha uno storico di minacce non seguite da atti formali; il mercato ""sconta"" solo parte delle minacce Truth)",1,2026-07-06,-0.0297,1,0,0.1797,2026-07-13
2026-07-06,trump-brics-tariff-threat,2026-07-06/news_04.md,DX-Y.NYB,3,-0.21,-0.11,-0.57,0.41,12,negative (risk-off su EM e trade-exposed; supportivo per il dollaro nelle prime ore),"medium (Trump ha uno storico di minacce non seguite da atti formali; il mercato ""sconta"" solo parte delle minacce Truth)",1,2026-07-06,-0.0485,1,1,0.1615,2026-07-13
2026-07-06,trump-brics-tariff-threat,2026-07-06/news_04.md,DX-Y.NYB,5,-0.5,-0.62,-1.13,0.26,12,negative (risk-off su EM e trade-exposed; supportivo per il dollaro nelle prime ore),"medium (Trump ha uno storico di minacce non seguite da atti formali; il mercato ""sconta"" solo parte delle minacce Truth)",1,2026-07-06,0.1188,1,0,0.6188,2026-07-13
2026-07-06,trump-brics-tariff-threat,2026-07-06/news_04.md,DX-Y.NYB,10,0.38,-0.47,-1.6,0.97,12,negative (risk-off su EM e trade-exposed; supportivo per il dollaro nelle prime ore),"medium (Trump ha uno storico di minacce non seguite da atti formali; il mercato ""sconta"" solo parte delle minacce Truth)",1,2026-07-06,-0.2407,1,0,0.6207,2026-07-20
2026-07-06,trump-brics-tariff-threat,2026-07-06/news_04.md,EEM,1,-0.07,-0.05,-0.43,1.28,12,negative (risk-off su EM e trade-exposed; supportivo per il dollaro nelle prime ore),"medium (Trump ha uno storico di minacce non seguite da atti formali; il mercato ""sconta"" solo parte delle minacce Truth)",0,2026-07-06,-2.7379,0,,2.6679,2026-07-13
2026-07-06,trump-brics-tariff-threat,2026-07-06/news_04.md,EEM,3,0.96,1.0,-0.77,1.62,12,negative (risk-off su EM e trade-exposed; supportivo per il dollaro nelle prime ore),"medium (Trump ha uno storico di minacce non seguite da atti formali; il mercato ""sconta"" solo parte delle minacce Truth)",1,2026-07-06,-1.1692,0,0,2.1292,2026-07-13
2026-07-06,trump-brics-tariff-threat,2026-07-06/news_04.md,EEM,5,1.45,1.51,-0.67,2.8,12,negative (risk-off su EM e trade-exposed; supportivo per il dollaro nelle prime ore),"medium (Trump ha uno storico di minacce non seguite da atti formali; il mercato ""sconta"" solo parte delle minacce Truth)",1,2026-07-06,-4.5434,0,0,5.9934,2026-07-20
2026-07-06,trump-brics-tariff-threat,2026-07-06/news_04.md,EEM,10,1.17,1.22,-0.95,3.27,12,negative (risk-off su EM e trade-exposed; supportivo per il dollaro nelle prime ore),"medium (Trump ha uno storico di minacce non seguite da atti formali; il mercato ""sconta"" solo parte delle minacce Truth)",1,2026-07-06,-5.9346,0,0,7.1046,2026-07-27
2026-07-06,trump-brics-tariff-threat,2026-07-06/news_04.md,GC=F,1,-0.18,-0.01,-0.71,1.04,12,negative (risk-off su EM e trade-exposed; supportivo per il dollaro nelle prime ore),"medium (Trump ha uno storico di minacce non seguite da atti formali; il mercato ""sconta"" solo parte delle minacce Truth)",1,2026-07-06,-0.7994,0,1,0.6194,2026-07-13
2026-07-06,trump-brics-tariff-threat,2026-07-06/news_04.md,GC=F,3,0.94,0.88,0.59,1.6,12,negative (risk-off su EM e trade-exposed; supportivo per il dollaro nelle prime ore),"medium (Trump ha uno storico di minacce non seguite da atti formali; il mercato ""sconta"" solo parte delle minacce Truth)",1,2026-07-06,-1.8556,0,0,2.7956,2026-07-13
2026-07-06,trump-brics-tariff-threat,2026-07-06/news_04.md,GC=F,5,1.47,1.55,0.24,2.46,12,negative (risk-off su EM e trade-exposed; supportivo per il dollaro nelle prime ore),"medium (Trump ha uno storico di minacce non seguite da atti formali; il mercato ""sconta"" solo parte delle minacce Truth)",1,2026-07-06,-2.2709,0,0,3.7409,2026-07-13
2026-07-06,trump-brics-tariff-threat,2026-07-06/news_04.md,GC=F,10,1.31,1.68,-1.31,3.44,12,negative (risk-off su EM e trade-exposed; supportivo per il dollaro nelle prime ore),"medium (Trump ha uno storico di minacce non seguite da atti formali; il mercato ""sconta"" solo parte delle minacce Truth)",1,2026-07-06,-3.7400,0,0,5.0500,2026-07-20
2026-07-06,trump-brics-tariff-threat,2026-07-06/news_04.md,HYG,1,0.11,0.09,-0.05,0.25,12,negative (risk-off su EM e trade-exposed; supportivo per il dollaro nelle prime ore),"medium (Trump ha uno storico di minacce non seguite da atti formali; il mercato ""sconta"" solo parte delle minacce Truth)",1,2026-07-06,-0.1377,0,0,0.2477,2026-07-13
2026-07-06,trump-brics-tariff-threat,2026-07-06/news_04.md,HYG,3,0.47,0.29,-0.0,0.66,12,negative (risk-off su EM e trade-exposed; supportivo per il dollaro nelle prime ore),"medium (Trump ha uno storico di minacce non seguite da atti formali; il mercato ""sconta"" solo parte delle minacce Truth)",1,2026-07-06,-0.1502,0,0,0.6202,2026-07-13
2026-07-06,trump-brics-tariff-threat,2026-07-06/news_04.md,HYG,5,0.44,0.3,0.04,0.69,12,negative (risk-off su EM e trade-exposed; supportivo per il dollaro nelle prime ore),"medium (Trump ha uno storico di minacce non seguite da atti formali; il mercato ""sconta"" solo parte delle minacce Truth)",1,2026-07-06,-0.4382,0,0,0.8782,2026-07-20
2026-07-06,trump-brics-tariff-threat,2026-07-06/news_04.md,HYG,10,0.56,0.67,0.04,1.21,12,negative (risk-off su EM e trade-exposed; supportivo per il dollaro nelle prime ore),"medium (Trump ha uno storico di minacce non seguite da atti formali; il mercato ""sconta"" solo parte delle minacce Truth)",1,2026-07-06,-0.2379,0,0,0.7979,2026-07-27
2026-07-06,trump-brics-tariff-threat,2026-07-06/news_04.md,^GSPC,1,0.72,0.44,-0.39,1.53,12,negative (risk-off su EM e trade-exposed; supportivo per il dollaro nelle prime ore),"medium (Trump ha uno storico di minacce non seguite da atti formali; il mercato ""sconta"" solo parte delle minacce Truth)",1,2026-07-06,-0.4455,0,0,1.1655,2026-07-13
2026-07-06,trump-brics-tariff-threat,2026-07-06/news_04.md,^GSPC,3,1.34,0.93,-1.3,2.38,12,negative (risk-off su EM e trade-exposed; supportivo per il dollaro nelle prime ore),"medium (Trump ha uno storico di minacce non seguite da atti formali; il mercato ""sconta"" solo parte delle minacce Truth)",1,2026-07-06,0.0824,1,1,1.2576,2026-07-13
2026-07-06,trump-brics-tariff-threat,2026-07-06/news_04.md,^GSPC,5,1.06,1.26,-0.73,2.77,12,negative (risk-off su EM e trade-exposed; supportivo per il dollaro nelle prime ore),"medium (Trump ha uno storico di minacce non seguite da atti formali; il mercato ""sconta"" solo parte delle minacce Truth)",1,2026-07-06,-0.2931,1,0,1.3531,2026-07-20
2026-07-06,trump-brics-tariff-threat,2026-07-06/news_04.md,^GSPC,10,0.89,0.69,-1.04,3.25,12,negative (risk-off su EM e trade-exposed; supportivo per il dollaro nelle prime ore),"medium (Trump ha uno storico di minacce non seguite da atti formali; il mercato ""sconta"" solo parte delle minacce Truth)",1,2026-07-06,-1.2491,0,0,2.1391,2026-07-27
2026-07-06,trump-brics-tariff-threat,2026-07-06/news_04.md,^VIX,1,-0.94,-2.8,-8.35,3.52,12,negative (risk-off su EM e trade-exposed; supportivo per il dollaro nelle prime ore),"medium (Trump ha uno storico di minacce non seguite da atti formali; il mercato ""sconta"" solo parte delle minacce Truth)",1,2026-07-06,3.5967,0,0,4.5367,2026-07-13
2026-07-06,trump-brics-tariff-threat,2026-07-06/news_04.md,^VIX,3,-10.76,-3.54,-17.73,3.14,12,negative (risk-off su EM e trade-exposed; supportivo per il dollaro nelle prime ore),"medium (Trump ha uno storico di minacce non seguite da atti formali; il mercato ""sconta"" solo parte delle minacce Truth)",1,2026-07-06,1.7341,1,0,12.4941,2026-07-13
2026-07-06,trump-brics-tariff-threat,2026-07-06/news_04.md,^VIX,5,-18.04,-10.32,-19.46,-2.36,12,negative (risk-off su EM e trade-exposed; supportivo per il dollaro nelle prime ore),"medium (Trump ha uno storico di minacce non seguite da atti formali; il mercato ""sconta"" solo parte delle minacce Truth)",1,2026-07-06,10.2119,0,0,28.2519,2026-07-20
2026-07-06,trump-brics-tariff-threat,2026-07-06/news_04.md,^VIX,10,-13.17,-9.85,-23.17,0.61,12,negative (risk-off su EM e trade-exposed; supportivo per il dollaro nelle prime ore),"medium (Trump ha uno storico di minacce non seguite da atti formali; il mercato ""sconta"" solo parte delle minacce Truth)",1,2026-07-06,19.7816,0,0,32.9516,2026-07-27
2026-07-14,big-banks-q2-earnings-kickoff,2026-07-14/news_05.md,HYG,1,0.19,0.32,,,7,neutral (bias positivo per NII in ambiente tassi alti; downside da provisioning),low,1,2026-07-14,0.1631,,1,0.0269,2026-07-20
2026-07-14,big-banks-q2-earnings-kickoff,2026-07-14/news_05.md,HYG,3,0.5,0.51,,,7,neutral (bias positivo per NII in ambiente tassi alti; downside da provisioning),low,1,2026-07-14,-0.0376,,0,0.5376,2026-07-20
2026-07-14,big-banks-q2-earnings-kickoff,2026-07-14/news_05.md,HYG,5,0.36,0.87,,,7,neutral (bias positivo per NII in ambiente tassi alti; downside da provisioning),low,1,2026-07-14,-0.0376,,0,0.3976,2026-07-27
2026-07-14,big-banks-q2-earnings-kickoff,2026-07-14/news_05.md,HYG,10,0.4,1.19,,,7,neutral (bias positivo per NII in ambiente tassi alti; downside da provisioning),low,1,2026-07-14,-0.3263,,0,0.7263,2026-08-03
2026-07-14,big-banks-q2-earnings-kickoff,2026-07-14/news_05.md,^GSPC,1,0.32,0.51,,,7,neutral (bias positivo per NII in ambiente tassi alti; downside da provisioning),low,1,2026-07-14,0.3819,,1,0.0619,2026-07-20
2026-07-14,big-banks-q2-earnings-kickoff,2026-07-14/news_05.md,^GSPC,3,0.85,0.69,,,7,neutral (bias positivo per NII in ambiente tassi alti; downside da provisioning),low,1,2026-07-14,-1.1387,,0,1.9887,2026-07-20
2026-07-14,big-banks-q2-earnings-kickoff,2026-07-14/news_05.md,^GSPC,5,0.69,0.73,,,7,neutral (bias positivo per NII in ambiente tassi alti; downside da provisioning),low,1,2026-07-14,-0.4559,,0,1.1459,2026-07-27
2026-07-14,big-banks-q2-earnings-kickoff,2026-07-14/news_05.md,^GSPC,10,0.74,1.43,,,7,neutral (bias positivo per NII in ambiente tassi alti; downside da provisioning),low,1,2026-07-14,-1.5220,,0,2.2620,2026-08-03
2026-07-14,big-banks-q2-earnings-kickoff,2026-07-14/news_05.md,^VIX,1,-1.27,-1.76,,,7,neutral (bias positivo per NII in ambiente tassi alti; downside da provisioning),low,1,2026-07-14,-5.0303,,1,3.7603,2026-07-20
2026-07-14,big-banks-q2-earnings-kickoff,2026-07-14/news_05.md,^VIX,3,3.15,1.15,,,7,neutral (bias positivo per NII in ambiente tassi alti; downside da provisioning),low,1,2026-07-14,13.7576,,1,10.6076,2026-07-20
2026-07-14,big-banks-q2-earnings-kickoff,2026-07-14/news_05.md,^VIX,5,1.95,3.3,,,7,neutral (bias positivo per NII in ambiente tassi alti; downside da provisioning),low,1,2026-07-14,3.3333,,1,1.3833,2026-07-27
2026-07-14,big-banks-q2-earnings-kickoff,2026-07-14/news_05.md,^VIX,10,-0.07,1.21,,,7,neutral (bias positivo per NII in ambiente tassi alti; downside da provisioning),low,0,2026-07-14,25.2121,,,25.2821,2026-08-03
2026-07-14,china-japan-rupture,2026-07-14/news_04.md,CNY=X,1,0.0,0.06,,,20,"negative (risk-off asiatico, disruption supply chain)",medium,0,2026-07-14,-0.1653,,,0.1653,2026-07-20
2026-07-14,china-japan-rupture,2026-07-14/news_04.md,CNY=X,3,0.02,0.15,,,20,"negative (risk-off asiatico, disruption supply chain)",medium,0,2026-07-14,-0.0575,,,0.0775,2026-07-20
2026-07-14,china-japan-rupture,2026-07-14/news_04.md,CNY=X,5,0.06,0.19,,,20,"negative (risk-off asiatico, disruption supply chain)",medium,0,2026-07-14,-0.0103,,,0.0703,2026-07-20
2026-07-14,china-japan-rupture,2026-07-14/news_04.md,CNY=X,10,0.01,0.05,,,20,"negative (risk-off asiatico, disruption supply chain)",medium,0,2026-07-14,-0.0280,,,0.0380,2026-07-27
2026-07-14,china-japan-rupture,2026-07-14/news_04.md,EEM,1,-0.24,-0.23,,,20,"negative (risk-off asiatico, disruption supply chain)",medium,1,2026-07-14,-0.1523,,1,0.0877,2026-07-20
2026-07-14,china-japan-rupture,2026-07-14/news_04.md,EEM,3,-0.39,-0.06,,,20,"negative (risk-off asiatico, disruption supply chain)",medium,1,2026-07-14,-3.6242,,1,3.2342,2026-07-20
2026-07-14,china-japan-rupture,2026-07-14/news_04.md,EEM,5,0.1,0.22,,,20,"negative (risk-off asiatico, disruption supply chain)",medium,1,2026-07-14,-0.5025,,0,0.6025,2026-07-27
2026-07-14,china-japan-rupture,2026-07-14/news_04.md,EEM,10,-0.26,0.4,,,20,"negative (risk-off asiatico, disruption supply chain)",medium,1,2026-07-14,-5.0403,,1,4.7803,2026-08-03
2026-07-14,china-japan-rupture,2026-07-14/news_04.md,LIT,1,-0.66,-0.56,,,20,"negative (risk-off asiatico, disruption supply chain)",medium,1,2026-07-14,-0.7265,,1,0.0665,2026-07-20
2026-07-14,china-japan-rupture,2026-07-14/news_04.md,LIT,3,0.08,-0.31,,,20,"negative (risk-off asiatico, disruption supply chain)",medium,0,2026-07-14,-4.4705,,,4.5505,2026-07-20
2026-07-14,china-japan-rupture,2026-07-14/news_04.md,LIT,5,-1.85,-0.59,,,20,"negative (risk-off asiatico, disruption supply chain)",medium,1,2026-07-14,-3.4926,,1,1.6426,2026-07-27
2026-07-14,china-japan-rupture,2026-07-14/news_04.md,LIT,10,-2.69,-0.87,,,20,"negative (risk-off asiatico, disruption supply chain)",medium,1,2026-07-14,-6.4543,,1,3.7643,2026-08-03
2026-07-14,china-japan-rupture,2026-07-14/news_04.md,^GSPC,1,0.14,0.17,,,20,"negative (risk-off asiatico, disruption supply chain)",medium,1,2026-07-14,0.3819,,1,0.2419,2026-07-20
2026-07-14,china-japan-rupture,2026-07-14/news_04.md,^GSPC,3,0.62,0.43,,,20,"negative (risk-off asiatico, disruption supply chain)",medium,1,2026-07-14,-1.1387,,0,1.7587,2026-07-20
2026-07-14,china-japan-rupture,2026-07-14/news_04.md,^GSPC,5,0.52,0.34,,,20,"negative (risk-off asiatico, disruption supply chain)",medium,1,2026-07-14,-0.4559,,0,0.9759,2026-07-27
2026-07-14,china-japan-rupture,2026-07-14/news_04.md,^GSPC,10,0.49,-0.17,,,20,"negative (risk-off asiatico, disruption supply chain)",medium,1,2026-07-14,-1.5220,,0,2.0120,2026-08-03
2026-07-14,china-japan-rupture,2026-07-14/news_04.md,^N225,1,-0.04,-0.27,,,20,"negative (risk-off asiatico, disruption supply chain)",medium,0,2026-07-14,1.3093,,,1.3493,2026-07-20
2026-07-14,china-japan-rupture,2026-07-14/news_04.md,^N225,3,-0.1,-0.05,,,20,"negative (risk-off asiatico, disruption supply chain)",medium,1,2026-07-14,-5.1811,,1,5.0811,2026-07-20
2026-07-14,china-japan-rupture,2026-07-14/news_04.md,^N225,5,-0.28,0.41,,,20,"negative (risk-off asiatico, disruption supply chain)",medium,1,2026-07-14,-2.2623,,1,1.9823,2026-07-27
2026-07-14,china-japan-rupture,2026-07-14/news_04.md,^N225,10,0.23,0.89,,,20,"negative (risk-off asiatico, disruption supply chain)",medium,1,2026-07-14,-9.1828,,0,9.4128,2026-08-03
2026-07-14,hormuz-blockade-oil-shock,2026-07-14/news_01.md,BZ=F,1,-0.09,0.01,,,44,negative (risk-off + oil-bullish + inflation-bullish),high,0,2026-07-14,1.5692,,,1.6592,2026-07-20
2026-07-14,hormuz-blockade-oil-shock,2026-07-14/news_01.md,BZ=F,3,0.14,1.07,,,44,negative (risk-off + oil-bullish + inflation-bullish),high,1,2026-07-14,4.7313,,1,4.5913,2026-07-20
2026-07-14,hormuz-blockade-oil-shock,2026-07-14/news_01.md,BZ=F,5,0.26,1.46,,,44,negative (risk-off + oil-bullish + inflation-bullish),high,1,2026-07-14,8.1907,,1,7.9307,2026-07-27
2026-07-14,hormuz-blockade-oil-shock,2026-07-14/news_01.md,BZ=F,10,-1.27,1.93,,,44,negative (risk-off + oil-bullish + inflation-bullish),high,1,2026-07-14,4.1845,,0,5.4545,2026-08-03
2026-07-14,hormuz-blockade-oil-shock,2026-07-14/news_01.md,CHF=X,1,0.07,0.0,,,43,negative (risk-off + oil-bullish + inflation-bullish),high,0,2026-07-14,-0.6022,,,0.6722,2026-07-20
2026-07-14,hormuz-blockade-oil-shock,2026-07-14/news_01.md,CHF=X,3,0.08,-0.02,,,42,negative (risk-off + oil-bullish + inflation-bullish),high,0,2026-07-14,-0.8332,,,0.9132,2026-07-20
2026-07-14,hormuz-blockade-oil-shock,2026-07-14/news_01.md,CHF=X,5,0.3,0.14,,,43,negative (risk-off + oil-bullish + inflation-bullish),high,1,2026-07-14,-0.4535,,0,0.7535,2026-07-27
2026-07-14,hormuz-blockade-oil-shock,2026-07-14/news_01.md,CHF=X,10,0.36,0.24,,,43,negative (risk-off + oil-bullish + inflation-bullish),high,1,2026-07-14,0.4891,,1,0.1291,2026-07-27
2026-07-14,hormuz-blockade-oil-shock,2026-07-14/news_01.md,GC=F,1,0.15,0.15,,,44,negative (risk-off + oil-bullish + inflation-bullish),high,1,2026-07-14,-0.0570,,0,0.2070,2026-07-20
2026-07-14,hormuz-blockade-oil-shock,2026-07-14/news_01.md,GC=F,3,-0.12,-0.09,,,44,negative (risk-off + oil-bullish + inflation-bullish),high,1,2026-07-14,-0.4681,,1,0.3481,2026-07-20
2026-07-14,hormuz-blockade-oil-shock,2026-07-14/news_01.md,GC=F,5,0.21,-0.47,,,44,negative (risk-off + oil-bullish + inflation-bullish),high,1,2026-07-14,0.8272,,1,0.6172,2026-07-27
2026-07-14,hormuz-blockade-oil-shock,2026-07-14/news_01.md,GC=F,10,-0.5,-0.94,,,44,negative (risk-off + oil-bullish + inflation-bullish),high,1,2026-07-14,0.1065,,0,0.6065,2026-08-03
2026-07-14,hormuz-blockade-oil-shock,2026-07-14/news_01.md,JPY=X,1,0.0,0.01,,,43,negative (risk-off + oil-bullish + inflation-bullish),high,0,2026-07-14,-0.0530,,,0.0530,2026-07-20
2026-07-14,hormuz-blockade-oil-shock,2026-07-14/news_01.md,JPY=X,3,0.09,0.12,,,42,negative (risk-off + oil-bullish + inflation-bullish),high,0,2026-07-14,0.0450,,,0.0450,2026-07-20
2026-07-14,hormuz-blockade-oil-shock,2026-07-14/news_01.md,JPY=X,5,0.45,0.42,,,43,negative (risk-off + oil-bullish + inflation-bullish),high,1,2026-07-14,0.1276,,1,0.3224,2026-07-27
2026-07-14,hormuz-blockade-oil-shock,2026-07-14/news_01.md,JPY=X,10,0.71,0.6,,,43,negative (risk-off + oil-bullish + inflation-bullish),high,1,2026-07-14,0.8892,,1,0.1792,2026-08-03
2026-07-14,hormuz-blockade-oil-shock,2026-07-14/news_01.md,TTF=F,1,-1.3,-0.08,,,41,negative (risk-off + oil-bullish + inflation-bullish),high,1,2026-07-14,2.6322,,0,3.9322,2026-07-20
2026-07-14,hormuz-blockade-oil-shock,2026-07-14/news_01.md,TTF=F,3,0.87,1.68,,,41,negative (risk-off + oil-bullish + inflation-bullish),high,1,2026-07-14,6.3181,,1,5.4481,2026-07-20
2026-07-14,hormuz-blockade-oil-shock,2026-07-14/news_01.md,TTF=F,5,0.28,3.01,,,41,negative (risk-off + oil-bullish + inflation-bullish),high,1,2026-07-14,12.6588,,1,12.3788,2026-07-27
2026-07-14,hormuz-blockade-oil-shock,2026-07-14/news_01.md,TTF=F,10,1.12,4.42,,,41,negative (risk-off + oil-bullish + inflation-bullish),high,1,2026-07-14,9.0221,,1,7.9021,2026-08-03
2026-07-14,hormuz-blockade-oil-shock,2026-07-14/news_01.md,^GSPC,1,0.12,0.16,,,44,negative (risk-off + oil-bullish + inflation-bullish),high,1,2026-07-14,0.3819,,1,0.2619,2026-07-20
2026-07-14,hormuz-blockade-oil-shock,2026-07-14/news_01.md,^GSPC,3,0.65,0.41,,,44,negative (risk-off + oil-bullish + inflation-bullish),high,1,2026-07-14,-1.1387,,0,1.7887,2026-07-20
2026-07-14,hormuz-blockade-oil-shock,2026-07-14/news_01.md,^GSPC,5,0.67,0.27,,,44,negative (risk-off + oil-bullish + inflation-bullish),high,1,2026-07-14,-0.4559,,0,1.1259,2026-07-27
2026-07-14,hormuz-blockade-oil-shock,2026-07-14/news_01.md,^GSPC,10,0.08,-0.11,,,44,negative (risk-off + oil-bullish + inflation-bullish),high,0,2026-07-14,-1.5220,,,1.6020,2026-08-03
2026-07-14,hormuz-blockade-oil-shock,2026-07-14/news_01.md,^STOXX50E,1,0.1,0.03,,,44,negative (risk-off + oil-bullish + inflation-bullish),high,1,2026-07-14,-0.2326,,0,0.3326,2026-07-20
2026-07-14,hormuz-blockade-oil-shock,2026-07-14/news_01.md,^STOXX50E,3,0.05,0.03,,,44,negative (risk-off + oil-bullish + inflation-bullish),high,0,2026-07-14,-0.7853,,,0.8353,2026-07-20
2026-07-14,hormuz-blockade-oil-shock,2026-07-14/news_01.md,^STOXX50E,5,0.05,-0.21,,,44,negative (risk-off + oil-bullish + inflation-bullish),high,0,2026-07-14,0.0866,,,0.0366,2026-07-27
2026-07-14,hormuz-blockade-oil-shock,2026-07-14/news_01.md,^STOXX50E,10,-0.07,-0.34,,,44,negative (risk-off + oil-bullish + inflation-bullish),high,0,2026-07-14,-0.4992,,,0.4292,2026-08-03
2026-07-14,hormuz-blockade-oil-shock,2026-07-14/news_01.md,^TNX,1,0.0,-0.14,,,44,negative (risk-off + oil-bullish + inflation-bullish),high,0,2026-07-14,-0.8724,,,0.8724,2026-07-20
2026-07-14,hormuz-blockade-oil-shock,2026-07-14/news_01.md,^TNX,3,0.02,-0.27,,,44,negative (risk-off + oil-bullish + inflation-bullish),high,0,2026-07-14,-0.9597,,,0.9797,2026-07-20
2026-07-14,hormuz-blockade-oil-shock,2026-07-14/news_01.md,^TNX,5,0.01,-0.05,,,44,negative (risk-off + oil-bullish + inflation-bullish),high,0,2026-07-14,0.9378,,,0.9278,2026-07-27
2026-07-14,hormuz-blockade-oil-shock,2026-07-14/news_01.md,^TNX,10,1.02,0.61,,,44,negative (risk-off + oil-bullish + inflation-bullish),high,1,2026-07-14,0.4144,,1,0.6056,2026-08-03
2026-07-14,hormuz-blockade-oil-shock,2026-07-14/news_01.md,^VIX,1,-1.26,-0.45,,,44,negative (risk-off + oil-bullish + inflation-bullish),high,1,2026-07-14,-5.0303,,1,3.7703,2026-07-20
2026-07-14,hormuz-blockade-oil-shock,2026-07-14/news_01.md,^VIX,3,-4.06,-0.81,,,44,negative (risk-off + oil-bullish + inflation-bullish),high,1,2026-07-14,13.7576,,0,17.8176,2026-07-20
2026-07-14,hormuz-blockade-oil-shock,2026-07-14/news_01.md,^VIX,5,-1.36,0.7,,,44,negative (risk-off + oil-bullish + inflation-bullish),high,1,2026-07-14,3.3333,,0,4.6933,2026-07-27
2026-07-14,hormuz-blockade-oil-shock,2026-07-14/news_01.md,^VIX,10,-0.54,3.19,,,44,negative (risk-off + oil-bullish + inflation-bullish),high,1,2026-07-14,25.2121,,0,25.7521,2026-08-03
2026-07-14,june-us-cpi-print,2026-07-14/news_02.md,DX-Y.NYB,1,0.09,0.07,,,59,"neutral (consensus soft, ma con option-market skew rialzista sui tassi in caso di sorpresa upside)",medium,0,2026-07-14,-0.3954,,,0.4854,2026-07-20
2026-07-14,june-us-cpi-print,2026-07-14/news_02.md,DX-Y.NYB,3,-0.07,0.02,,,59,"neutral (consensus soft, ma con option-market skew rialzista sui tassi in caso di sorpresa upside)",medium,0,2026-07-14,-0.4092,,,0.3392,2026-07-20
2026-07-14,june-us-cpi-print,2026-07-14/news_02.md,DX-Y.NYB,5,-0.01,-0.03,,,59,"neutral (consensus soft, ma con option-market skew rialzista sui tassi in caso di sorpresa upside)",medium,0,2026-07-14,0.0109,,,0.0209,2026-07-27
2026-07-14,june-us-cpi-print,2026-07-14/news_02.md,DX-Y.NYB,10,0.15,0.02,,,59,"neutral (consensus soft, ma con option-market skew rialzista sui tassi in caso di sorpresa upside)",medium,1,2026-07-14,0.3835,,1,0.2335,2026-08-03
2026-07-14,june-us-cpi-print,2026-07-14/news_02.md,EURUSD=X,1,-0.05,0.01,,,59,"neutral (consensus soft, ma con option-market skew rialzista sui tassi in caso di sorpresa upside)",medium,0,2026-07-14,0.4349,,,0.4849,2026-07-20
2026-07-14,june-us-cpi-print,2026-07-14/news_02.md,EURUSD=X,3,-0.1,0.1,,,59,"neutral (consensus soft, ma con option-market skew rialzista sui tassi in caso di sorpresa upside)",medium,1,2026-07-14,0.4464,,0,0.5464,2026-07-20
2026-07-14,june-us-cpi-print,2026-07-14/news_02.md,EURUSD=X,5,0.14,0.2,,,59,"neutral (consensus soft, ma con option-market skew rialzista sui tassi in caso di sorpresa upside)",medium,1,2026-07-14,0.2055,,1,0.0655,2026-07-27
2026-07-14,june-us-cpi-print,2026-07-14/news_02.md,EURUSD=X,10,-0.05,0.2,,,59,"neutral (consensus soft, ma con option-market skew rialzista sui tassi in caso di sorpresa upside)",medium,0,2026-07-14,-0.2160,,,0.1660,2026-08-03
2026-07-14,june-us-cpi-print,2026-07-14/news_02.md,GC=F,1,-0.28,-0.17,,,59,"neutral (consensus soft, ma con option-market skew rialzista sui tassi in caso di sorpresa upside)",medium,1,2026-07-14,-0.0570,,1,0.2230,2026-07-20
2026-07-14,june-us-cpi-print,2026-07-14/news_02.md,GC=F,3,-0.24,-0.14,,,59,"neutral (consensus soft, ma con option-market skew rialzista sui tassi in caso di sorpresa upside)",medium,1,2026-07-14,-0.4681,,1,0.2281,2026-07-20
2026-07-14,june-us-cpi-print,2026-07-14/news_02.md,GC=F,5,0.11,0.14,,,59,"neutral (consensus soft, ma con option-market skew rialzista sui tassi in caso di sorpresa upside)",medium,1,2026-07-14,0.8272,,1,0.7172,2026-07-27
2026-07-14,june-us-cpi-print,2026-07-14/news_02.md,GC=F,10,-0.3,0.51,,,59,"neutral (consensus soft, ma con option-market skew rialzista sui tassi in caso di sorpresa upside)",medium,1,2026-07-14,0.1065,,0,0.4065,2026-08-03
2026-07-14,june-us-cpi-print,2026-07-14/news_02.md,^GSPC,1,-0.12,-0.27,,,59,"neutral (consensus soft, ma con option-market skew rialzista sui tassi in caso di sorpresa upside)",medium,1,2026-07-14,0.3819,,0,0.5019,2026-07-20
2026-07-14,june-us-cpi-print,2026-07-14/news_02.md,^GSPC,3,-0.1,-0.05,,,59,"neutral (consensus soft, ma con option-market skew rialzista sui tassi in caso di sorpresa upside)",medium,1,2026-07-14,-1.1387,,1,1.0387,2026-07-20
2026-07-14,june-us-cpi-print,2026-07-14/news_02.md,^GSPC,5,-0.11,-0.22,,,59,"neutral (consensus soft, ma con option-market skew rialzista sui tassi in caso di sorpresa upside)",medium,1,2026-07-14,-0.4559,,1,0.3459,2026-07-27
2026-07-14,june-us-cpi-print,2026-07-14/news_02.md,^GSPC,10,0.95,-0.26,,,59,"neutral (consensus soft, ma con option-market skew rialzista sui tassi in caso di sorpresa upside)",medium,1,2026-07-14,-1.5220,,0,2.4720,2026-08-03
2026-07-14,june-us-cpi-print,2026-07-14/news_02.md,^TNX,1,0.13,0.29,,,59,"neutral (consensus soft, ma con option-market skew rialzista sui tassi in caso di sorpresa upside)",medium,1,2026-07-14,-0.8724,,0,1.0024,2026-07-20
2026-07-14,june-us-cpi-print,2026-07-14/news_02.md,^TNX,3,0.76,1.23,,,59,"neutral (consensus soft, ma con option-market skew rialzista sui tassi in caso di sorpresa upside)",medium,1,2026-07-14,-0.9597,,0,1.7197,2026-07-20
2026-07-14,june-us-cpi-print,2026-07-14/news_02.md,^TNX,5,1.85,2.07,,,59,"neutral (consensus soft, ma con option-market skew rialzista sui tassi in caso di sorpresa upside)",medium,1,2026-07-14,0.9378,,1,0.9122,2026-07-27
2026-07-14,june-us-cpi-print,2026-07-14/news_02.md,^TNX,10,1.29,2.59,,,59,"neutral (consensus soft, ma con option-market skew rialzista sui tassi in caso di sorpresa upside)",medium,1,2026-07-14,0.4144,,1,0.8756,2026-08-03
2026-07-14,warsh-congressional-debut,2026-07-14/news_03.md,DX-Y.NYB,1,0.11,0.16,,,12,neutral (baseline) — bias hawkish se Warsh conferma la retorica di priorità inflazione,medium,1,2026-07-14,-0.3954,,0,0.5054,2026-07-20
2026-07-14,warsh-congressional-debut,2026-07-14/news_03.md,DX-Y.NYB,3,0.16,0.23,,,12,neutral (baseline) — bias hawkish se Warsh conferma la retorica di priorità inflazione,medium,1,2026-07-14,-0.4092,,0,0.5692,2026-07-20
2026-07-14,warsh-congressional-debut,2026-07-14/news_03.md,DX-Y.NYB,5,0.41,0.42,,,12,neutral (baseline) — bias hawkish se Warsh conferma la retorica di priorità inflazione,medium,1,2026-07-14,0.0109,,1,0.3991,2026-07-27
2026-07-14,warsh-congressional-debut,2026-07-14/news_03.md,DX-Y.NYB,10,0.66,0.5,,,12,neutral (baseline) — bias hawkish se Warsh conferma la retorica di priorità inflazione,medium,1,2026-07-14,0.3835,,1,0.2765,2026-08-03
2026-07-14,warsh-congressional-debut,2026-07-14/news_03.md,GC=F,1,0.03,-0.18,,,12,neutral (baseline) — bias hawkish se Warsh conferma la retorica di priorità inflazione,medium,0,2026-07-14,-0.0570,,,0.0870,2026-07-20
2026-07-14,warsh-congressional-debut,2026-07-14/news_03.md,GC=F,3,-0.96,-0.28,,,12,neutral (baseline) — bias hawkish se Warsh conferma la retorica di priorità inflazione,medium,1,2026-07-14,-0.4681,,1,0.4919,2026-07-20
2026-07-14,warsh-congressional-debut,2026-07-14/news_03.md,GC=F,5,0.28,0.41,,,12,neutral (baseline) — bias hawkish se Warsh conferma la retorica di priorità inflazione,medium,1,2026-07-14,0.8272,,1,0.5472,2026-07-27
2026-07-14,warsh-congressional-debut,2026-07-14/news_03.md,GC=F,10,-0.05,0.39,,,12,neutral (baseline) — bias hawkish se Warsh conferma la retorica di priorità inflazione,medium,0,2026-07-14,0.1065,,,0.1565,2026-08-03
2026-07-14,warsh-congressional-debut,2026-07-14/news_03.md,^GSPC,1,0.12,-0.06,,,12,neutral (baseline) — bias hawkish se Warsh conferma la retorica di priorità inflazione,medium,1,2026-07-14,0.3819,,1,0.2619,2026-07-20
2026-07-14,warsh-congressional-debut,2026-07-14/news_03.md,^GSPC,3,-0.28,-0.82,,,12,neutral (baseline) — bias hawkish se Warsh conferma la retorica di priorità inflazione,medium,1,2026-07-14,-1.1387,,1,0.8587,2026-07-20
2026-07-14,warsh-congressional-debut,2026-07-14/news_03.md,^GSPC,5,-0.33,-0.17,,,12,neutral (baseline) — bias hawkish se Warsh conferma la retorica di priorità inflazione,medium,1,2026-07-14,-0.4559,,1,0.1259,2026-07-27
2026-07-14,warsh-congressional-debut,2026-07-14/news_03.md,^GSPC,10,1.14,0.08,,,12,neutral (baseline) — bias hawkish se Warsh conferma la retorica di priorità inflazione,medium,1,2026-07-14,-1.5220,,0,2.6620,2026-08-03
2026-07-14,warsh-congressional-debut,2026-07-14/news_03.md,^TNX,1,-0.42,-0.1,,,12,neutral (baseline) — bias hawkish se Warsh conferma la retorica di priorità inflazione,medium,1,2026-07-14,-0.8724,,1,0.4524,2026-07-20
2026-07-14,warsh-congressional-debut,2026-07-14/news_03.md,^TNX,3,-0.25,0.1,,,12,neutral (baseline) — bias hawkish se Warsh conferma la retorica di priorità inflazione,medium,1,2026-07-14,-0.9597,,1,0.7097,2026-07-20
2026-07-14,warsh-congressional-debut,2026-07-14/news_03.md,^TNX,5,0.17,0.47,,,12,neutral (baseline) — bias hawkish se Warsh conferma la retorica di priorità inflazione,medium,1,2026-07-14,0.9378,,1,0.7678,2026-07-27
2026-07-14,warsh-congressional-debut,2026-07-14/news_03.md,^TNX,10,-0.37,0.12,,,12,neutral (baseline) — bias hawkish se Warsh conferma la retorica di priorità inflazione,medium,1,2026-07-14,0.4144,,0,0.7844,2026-08-03
2026-07-14,warsh-congressional-debut,2026-07-14/news_03.md,^VIX,1,-2.28,-2.1,,,12,neutral (baseline) — bias hawkish se Warsh conferma la retorica di priorità inflazione,medium,1,2026-07-14,-5.0303,,1,2.7503,2026-07-20
2026-07-14,warsh-congressional-debut,2026-07-14/news_03.md,^VIX,3,-1.36,-1.26,,,12,neutral (baseline) — bias hawkish se Warsh conferma la retorica di priorità inflazione,medium,1,2026-07-14,13.7576,,0,15.1176,2026-07-20
2026-07-14,warsh-congressional-debut,2026-07-14/news_03.md,^VIX,5,-1.78,-2.95,,,12,neutral (baseline) — bias hawkish se Warsh conferma la retorica di priorità inflazione,medium,1,2026-07-14,3.3333,,0,5.1133,2026-07-27
2026-07-14,warsh-congressional-debut,2026-07-14/news_03.md,^VIX,10,-2.43,-0.03,,,12,neutral (baseline) — bias hawkish se Warsh conferma la retorica di priorità inflazione,medium,1,2026-07-14,25.2121,,0,27.6421,2026-08-03
2026-07-18,iran-kuwait-hormuz-oil-shock,2026-07-18/news_02.md,BZ=F,1,-0.09,-0.27,-2.03,1.29,27,neg (risk-off + supply-shock inflazionistico),high,0,2026-07-20,0.4969,1,,0.5869,2026-07-27
2026-07-18,iran-kuwait-hormuz-oil-shock,2026-07-18/news_02.md,BZ=F,3,0.03,0.18,-3.33,2.73,27,neg (risk-off + supply-shock inflazionistico),high,0,2026-07-20,6.1727,0,,6.1427,2026-07-27
2026-07-18,iran-kuwait-hormuz-oil-shock,2026-07-18/news_02.md,BZ=F,5,1.45,1.9,-4.23,4.42,27,neg (risk-off + supply-shock inflazionistico),high,1,2026-07-20,1.3140,1,1,0.1360,2026-07-27
2026-07-18,iran-kuwait-hormuz-oil-shock,2026-07-18/news_02.md,BZ=F,10,-1.89,1.53,-5.33,5.78,27,neg (risk-off + supply-shock inflazionistico),high,1,2026-07-20,-6.0623,0,1,4.1723,2026-08-10
2026-07-18,iran-kuwait-hormuz-oil-shock,2026-07-18/news_02.md,GC=F,1,-0.05,-0.15,-0.88,0.89,27,neg (risk-off + supply-shock inflazionistico),high,0,2026-07-20,1.5237,0,,1.5737,2026-07-27
2026-07-18,iran-kuwait-hormuz-oil-shock,2026-07-18/news_02.md,GC=F,3,-0.31,-0.28,-1.34,0.54,27,neg (risk-off + supply-shock inflazionistico),high,1,2026-07-20,2.9426,0,0,3.2526,2026-07-27
2026-07-18,iran-kuwait-hormuz-oil-shock,2026-07-18/news_02.md,GC=F,5,-1.31,-0.5,-1.9,1.23,27,neg (risk-off + supply-shock inflazionistico),high,1,2026-07-20,1.9501,0,0,3.2601,2026-07-27
2026-07-18,iran-kuwait-hormuz-oil-shock,2026-07-18/news_02.md,GC=F,10,-1.35,-1.3,-2.96,0.12,27,neg (risk-off + supply-shock inflazionistico),high,1,2026-07-20,2.6384,0,0,3.9884,2026-08-03
2026-07-18,iran-kuwait-hormuz-oil-shock,2026-07-18/news_02.md,TTF=F,1,0.11,0.2,-5.71,1.71,24,neg (risk-off + supply-shock inflazionistico),high,1,2026-07-20,1.5679,1,1,1.4579,2026-07-27
2026-07-18,iran-kuwait-hormuz-oil-shock,2026-07-18/news_02.md,TTF=F,3,-0.99,-1.02,-9.53,3.89,24,neg (risk-off + supply-shock inflazionistico),high,1,2026-07-20,5.3726,0,0,6.3626,2026-07-27
2026-07-18,iran-kuwait-hormuz-oil-shock,2026-07-18/news_02.md,TTF=F,5,-5.55,-0.65,-11.49,4.74,24,neg (risk-off + supply-shock inflazionistico),high,1,2026-07-20,-0.8325,1,1,4.7175,2026-08-03
2026-07-18,iran-kuwait-hormuz-oil-shock,2026-07-18/news_02.md,TTF=F,10,0.14,0.51,-12.92,7.9,24,neg (risk-off + supply-shock inflazionistico),high,1,2026-07-20,-1.6036,1,0,1.7436,2026-08-10
2026-07-18,iran-kuwait-hormuz-oil-shock,2026-07-18/news_02.md,^GSPC,1,0.19,0.25,-0.18,0.87,27,neg (risk-off + supply-shock inflazionistico),high,1,2026-07-20,0.8856,0,1,0.6956,2026-07-27
2026-07-18,iran-kuwait-hormuz-oil-shock,2026-07-18/news_02.md,^GSPC,3,0.75,0.73,-0.1,1.8,27,neg (risk-off + supply-shock inflazionistico),high,1,2026-07-20,-0.4700,0,0,1.2200,2026-07-27
2026-07-18,iran-kuwait-hormuz-oil-shock,2026-07-18/news_02.md,^GSPC,5,0.94,0.76,-0.21,2.13,27,neg (risk-off + supply-shock inflazionistico),high,1,2026-07-20,-0.4044,0,0,1.3444,2026-08-03
2026-07-18,iran-kuwait-hormuz-oil-shock,2026-07-18/news_02.md,^GSPC,10,2.04,1.3,-0.71,3.19,27,neg (risk-off + supply-shock inflazionistico),high,1,2026-07-20,2.1122,1,1,0.0722,2026-08-10
2026-07-18,iran-kuwait-hormuz-oil-shock,2026-07-18/news_02.md,^TNX,1,-0.09,-0.17,-0.98,1.15,27,neg (risk-off + supply-shock inflazionistico),high,0,2026-07-20,0.6525,1,,0.7425,2026-07-27
2026-07-18,iran-kuwait-hormuz-oil-shock,2026-07-18/news_02.md,^TNX,3,-0.13,-0.13,-1.62,1.1,27,neg (risk-off + supply-shock inflazionistico),high,1,2026-07-20,2.2836,0,0,2.4136,2026-07-27
2026-07-18,iran-kuwait-hormuz-oil-shock,2026-07-18/news_02.md,^TNX,5,-0.32,-0.52,-2.41,1.64,27,neg (risk-off + supply-shock inflazionistico),high,1,2026-07-20,0.9352,1,0,1.2552,2026-08-03
2026-07-18,iran-kuwait-hormuz-oil-shock,2026-07-18/news_02.md,^TNX,10,-0.3,-0.67,-4.81,2.77,27,neg (risk-off + supply-shock inflazionistico),high,1,2026-07-20,1.9139,1,0,2.2139,2026-08-10
2026-07-18,iran-kuwait-hormuz-oil-shock,2026-07-18/news_02.md,^VIX,1,-1.87,-1.84,-6.97,0.54,27,neg (risk-off + supply-shock inflazionistico),high,1,2026-07-20,-8.5791,0,1,6.7091,2026-07-27
2026-07-18,iran-kuwait-hormuz-oil-shock,2026-07-18/news_02.md,^VIX,3,-4.23,-4.69,-9.94,-0.87,27,neg (risk-off + supply-shock inflazionistico),high,1,2026-07-20,0.2681,0,0,4.4981,2026-07-27
2026-07-18,iran-kuwait-hormuz-oil-shock,2026-07-18/news_02.md,^VIX,5,-1.41,-1.47,-11.16,2.59,27,neg (risk-off + supply-shock inflazionistico),high,1,2026-07-20,0.1072,1,0,1.5172,2026-08-03
2026-07-18,iran-kuwait-hormuz-oil-shock,2026-07-18/news_02.md,^VIX,10,-3.93,-2.89,-15.23,7.13,27,neg (risk-off + supply-shock inflazionistico),high,1,2026-07-20,-11.5281,1,1,7.5981,2026-08-10
2026-07-18,kimi-k3-ai-chip-shock,2026-07-18/news_01.md,BTC-USD,1,-0.43,-0.32,-1.49,0.92,24,"neg (risk-off, valuation-derisking sul complesso AI-chip)",high,1,2026-07-18,0.6846,1,0,1.1146,2026-07-20
2026-07-18,kimi-k3-ai-chip-shock,2026-07-18/news_01.md,BTC-USD,3,-0.73,-0.19,-3.86,1.25,24,"neg (risk-off, valuation-derisking sul complesso AI-chip)",high,1,2026-07-18,4.0373,0,0,4.7673,2026-07-27
2026-07-18,kimi-k3-ai-chip-shock,2026-07-18/news_01.md,BTC-USD,5,-1.46,-0.09,-2.82,1.02,24,"neg (risk-off, valuation-derisking sul complesso AI-chip)",high,1,2026-07-18,2.0894,0,0,3.5494,2026-07-27
2026-07-18,kimi-k3-ai-chip-shock,2026-07-18/news_01.md,BTC-USD,10,-0.29,-0.0,-5.27,2.03,24,"neg (risk-off, valuation-derisking sul complesso AI-chip)",high,1,2026-07-18,0.7033,1,0,0.9933,2026-08-03
2026-07-18,kimi-k3-ai-chip-shock,2026-07-18/news_01.md,EEM,1,0.03,-0.04,-0.51,0.61,24,"neg (risk-off, valuation-derisking sul complesso AI-chip)",high,0,2026-07-20,2.8005,0,,2.7705,2026-07-27
2026-07-18,kimi-k3-ai-chip-shock,2026-07-18/news_01.md,EEM,3,-0.18,-0.13,-1.37,1.63,24,"neg (risk-off, valuation-derisking sul complesso AI-chip)",high,1,2026-07-20,1.6362,0,0,1.8162,2026-07-27
2026-07-18,kimi-k3-ai-chip-shock,2026-07-18/news_01.md,EEM,5,0.65,0.51,-0.96,2.66,24,"neg (risk-off, valuation-derisking sul complesso AI-chip)",high,1,2026-07-20,0.0944,1,1,0.5556,2026-08-03
2026-07-18,kimi-k3-ai-chip-shock,2026-07-18/news_01.md,EEM,10,1.48,1.33,0.02,3.13,24,"neg (risk-off, valuation-derisking sul complesso AI-chip)",high,1,2026-07-20,1.1957,1,1,0.2843,2026-08-10
2026-07-18,kimi-k3-ai-chip-shock,2026-07-18/news_01.md,SOXX,1,0.06,-0.1,-1.05,1.69,24,"neg (risk-off, valuation-derisking sul complesso AI-chip)",high,0,2026-07-20,5.4470,0,,5.3870,2026-07-27
2026-07-18,kimi-k3-ai-chip-shock,2026-07-18/news_01.md,SOXX,3,0.21,0.25,-3.17,3.11,24,"neg (risk-off, valuation-derisking sul complesso AI-chip)",high,1,2026-07-20,5.1704,0,1,4.9604,2026-07-27
2026-07-18,kimi-k3-ai-chip-shock,2026-07-18/news_01.md,SOXX,5,0.92,0.88,-2.41,4.71,24,"neg (risk-off, valuation-derisking sul complesso AI-chip)",high,1,2026-07-20,-1.5091,1,0,2.4291,2026-08-03
2026-07-18,kimi-k3-ai-chip-shock,2026-07-18/news_01.md,SOXX,10,2.65,2.08,-0.62,4.58,24,"neg (risk-off, valuation-derisking sul complesso AI-chip)",high,1,2026-07-20,-3.1404,0,0,5.7904,2026-08-10
2026-07-18,kimi-k3-ai-chip-shock,2026-07-18/news_01.md,^GSPC,1,0.24,0.03,-0.24,0.87,24,"neg (risk-off, valuation-derisking sul complesso AI-chip)",high,1,2026-07-20,0.8856,0,1,0.6456,2026-07-27
2026-07-18,kimi-k3-ai-chip-shock,2026-07-18/news_01.md,^GSPC,3,-0.16,-0.17,-1.26,1.04,24,"neg (risk-off, valuation-derisking sul complesso AI-chip)",high,1,2026-07-20,-0.4700,1,1,0.3100,2026-07-27
2026-07-18,kimi-k3-ai-chip-shock,2026-07-18/news_01.md,^GSPC,5,0.18,0.37,-0.48,1.56,24,"neg (risk-off, valuation-derisking sul complesso AI-chip)",high,1,2026-07-20,-0.4044,1,0,0.5844,2026-08-03
2026-07-18,kimi-k3-ai-chip-shock,2026-07-18/news_01.md,^GSPC,10,1.44,0.81,0.02,2.56,24,"neg (risk-off, valuation-derisking sul complesso AI-chip)",high,1,2026-07-20,2.1122,1,1,0.6722,2026-08-10
2026-07-18,kimi-k3-ai-chip-shock,2026-07-18/news_01.md,^N225,1,-0.0,-0.03,-1.23,0.69,24,"neg (risk-off, valuation-derisking sul complesso AI-chip)",high,0,2026-07-21,-0.1760,1,,0.1760,2026-07-27
2026-07-18,kimi-k3-ai-chip-shock,2026-07-18/news_01.md,^N225,3,-0.38,-0.59,-2.31,1.12,24,"neg (risk-off, valuation-derisking sul complesso AI-chip)",high,1,2026-07-21,-2.4475,0,1,2.0675,2026-07-27
2026-07-18,kimi-k3-ai-chip-shock,2026-07-18/news_01.md,^N225,5,-1.12,0.12,-2.65,1.83,24,"neg (risk-off, valuation-derisking sul complesso AI-chip)",high,1,2026-07-21,-6.2210,0,1,5.1010,2026-08-03
2026-07-18,kimi-k3-ai-chip-shock,2026-07-18/news_01.md,^N225,10,-0.2,1.71,-1.3,3.19,24,"neg (risk-off, valuation-derisking sul complesso AI-chip)",high,1,2026-07-21,-3.6949,0,1,3.4949,2026-08-10
2026-07-18,kimi-k3-ai-chip-shock,2026-07-18/news_01.md,^NDX,1,0.18,0.08,-0.53,1.0,24,"neg (risk-off, valuation-derisking sul complesso AI-chip)",high,1,2026-07-20,1.9261,0,1,1.7461,2026-07-27
2026-07-18,kimi-k3-ai-chip-shock,2026-07-18/news_01.md,^NDX,3,0.13,0.11,-1.2,1.92,24,"neg (risk-off, valuation-derisking sul complesso AI-chip)",high,1,2026-07-20,-0.5224,1,0,0.6524,2026-07-27
2026-07-18,kimi-k3-ai-chip-shock,2026-07-18/news_01.md,^NDX,5,0.61,0.7,-0.9,3.4,24,"neg (risk-off, valuation-derisking sul complesso AI-chip)",high,1,2026-07-20,-1.9753,0,0,2.5853,2026-08-03
2026-07-18,kimi-k3-ai-chip-shock,2026-07-18/news_01.md,^NDX,10,1.83,1.25,0.68,3.62,24,"neg (risk-off, valuation-derisking sul complesso AI-chip)",high,1,2026-07-20,0.6033,0,1,1.2267,2026-08-10
2026-07-18,michigan-consumer-sentiment-beat,2026-07-18/news_04.md,DX-Y.NYB,1,0.16,0.16,-0.09,0.33,30,pos (upside surprise sul sentiment; risk-on marginale),medium (il dato è stato *pre-strike Iran* e quindi obsoleto: la reazione sarà attenuata),1,2026-07-20,0.4517,0,1,0.2917,2026-07-27
2026-07-18,michigan-consumer-sentiment-beat,2026-07-18/news_04.md,DX-Y.NYB,3,0.08,0.12,-0.23,0.49,30,pos (upside surprise sul sentiment; risk-on marginale),medium (il dato è stato *pre-strike Iran* e quindi obsoleto: la reazione sarà attenuata),0,2026-07-20,0.2621,1,,0.1821,2026-07-27
2026-07-18,michigan-consumer-sentiment-beat,2026-07-18/news_04.md,DX-Y.NYB,5,0.1,0.12,-0.38,0.63,30,pos (upside surprise sul sentiment; risk-on marginale),medium (il dato è stato *pre-strike Iran* e quindi obsoleto: la reazione sarà attenuata),1,2026-07-20,0.4736,1,1,0.3736,2026-07-27
2026-07-18,michigan-consumer-sentiment-beat,2026-07-18/news_04.md,DX-Y.NYB,10,0.29,-0.04,-0.64,0.91,30,pos (upside surprise sul sentiment; risk-on marginale),medium (il dato è stato *pre-strike Iran* e quindi obsoleto: la reazione sarà attenuata),1,2026-07-20,-1.0325,0,0,1.3225,2026-08-03
2026-07-18,michigan-consumer-sentiment-beat,2026-07-18/news_04.md,EURUSD=X,1,-0.22,-0.18,-0.55,-0.04,30,pos (upside surprise sul sentiment; risk-on marginale),medium (il dato è stato *pre-strike Iran* e quindi obsoleto: la reazione sarà attenuata),1,2026-07-20,-0.2284,1,1,0.0084,2026-07-27
2026-07-18,michigan-consumer-sentiment-beat,2026-07-18/news_04.md,EURUSD=X,3,-0.44,-0.3,-0.78,0.08,30,pos (upside surprise sul sentiment; risk-on marginale),medium (il dato è stato *pre-strike Iran* e quindi obsoleto: la reazione sarà attenuata),1,2026-07-20,-0.0915,1,1,0.3485,2026-07-27
2026-07-18,michigan-consumer-sentiment-beat,2026-07-18/news_04.md,EURUSD=X,5,-0.07,-0.11,-1.01,0.66,30,pos (upside surprise sul sentiment; risk-on marginale),medium (il dato è stato *pre-strike Iran* e quindi obsoleto: la reazione sarà attenuata),0,2026-07-20,-0.3080,1,,0.2380,2026-07-27
2026-07-18,michigan-consumer-sentiment-beat,2026-07-18/news_04.md,EURUSD=X,10,-0.5,-0.02,-1.63,1.02,30,pos (upside surprise sul sentiment; risk-on marginale),medium (il dato è stato *pre-strike Iran* e quindi obsoleto: la reazione sarà attenuata),1,2026-07-20,0.8425,1,0,1.3425,2026-08-03
2026-07-18,michigan-consumer-sentiment-beat,2026-07-18/news_04.md,^GSPC,1,-0.34,-0.64,-1.1,0.11,30,pos (upside surprise sul sentiment; risk-on marginale),medium (il dato è stato *pre-strike Iran* e quindi obsoleto: la reazione sarà attenuata),1,2026-07-20,0.8856,0,0,1.2256,2026-07-27
2026-07-18,michigan-consumer-sentiment-beat,2026-07-18/news_04.md,^GSPC,3,-0.4,-0.16,-2.38,1.52,30,pos (upside surprise sul sentiment; risk-on marginale),medium (il dato è stato *pre-strike Iran* e quindi obsoleto: la reazione sarà attenuata),1,2026-07-20,-0.4700,1,1,0.0700,2026-07-27
2026-07-18,michigan-consumer-sentiment-beat,2026-07-18/news_04.md,^GSPC,5,-0.83,-0.3,-2.04,1.53,30,pos (upside surprise sul sentiment; risk-on marginale),medium (il dato è stato *pre-strike Iran* e quindi obsoleto: la reazione sarà attenuata),1,2026-07-20,-0.4044,1,1,0.4256,2026-08-03
2026-07-18,michigan-consumer-sentiment-beat,2026-07-18/news_04.md,^GSPC,10,1.4,0.16,-1.68,2.73,30,pos (upside surprise sul sentiment; risk-on marginale),medium (il dato è stato *pre-strike Iran* e quindi obsoleto: la reazione sarà attenuata),1,2026-07-20,2.1122,1,1,0.7122,2026-08-10
2026-07-18,michigan-consumer-sentiment-beat,2026-07-18/news_04.md,^TNX,1,0.15,0.11,-1.04,1.11,30,pos (upside surprise sul sentiment; risk-on marginale),medium (il dato è stato *pre-strike Iran* e quindi obsoleto: la reazione sarà attenuata),1,2026-07-20,0.6525,1,1,0.5025,2026-07-27
2026-07-18,michigan-consumer-sentiment-beat,2026-07-18/news_04.md,^TNX,3,0.08,0.2,-1.81,2.37,30,pos (upside surprise sul sentiment; risk-on marginale),medium (il dato è stato *pre-strike Iran* e quindi obsoleto: la reazione sarà attenuata),0,2026-07-20,2.2836,1,,2.2036,2026-07-27
2026-07-18,michigan-consumer-sentiment-beat,2026-07-18/news_04.md,^TNX,5,0.05,0.42,-2.11,2.65,30,pos (upside surprise sul sentiment; risk-on marginale),medium (il dato è stato *pre-strike Iran* e quindi obsoleto: la reazione sarà attenuata),0,2026-07-20,0.9352,1,,0.8852,2026-08-03
2026-07-18,michigan-consumer-sentiment-beat,2026-07-18/news_04.md,^TNX,10,1.05,1.06,-1.44,6.23,30,pos (upside surprise sul sentiment; risk-on marginale),medium (il dato è stato *pre-strike Iran* e quindi obsoleto: la reazione sarà attenuata),1,2026-07-20,1.9139,1,1,0.8639,2026-08-10
2026-07-18,russia-oil-eu-sanctions-cap,2026-07-18/news_03.md,BZ=F,1,1.57,1.02,-0.72,2.33,21,neutral (due canali che si compensano parzialmente; net: leggermente bearish oil),"medium (i canali si oppongono; l'effetto netto dipende da come si prezza il ""gap"" tra $44 e $58)",1,2026-07-20,0.4969,1,1,1.0731,2026-07-27
2026-07-18,russia-oil-eu-sanctions-cap,2026-07-18/news_03.md,BZ=F,3,1.09,1.2,-0.92,3.02,21,neutral (due canali che si compensano parzialmente; net: leggermente bearish oil),"medium (i canali si oppongono; l'effetto netto dipende da come si prezza il ""gap"" tra $44 e $58)",1,2026-07-20,6.1727,0,1,5.0827,2026-07-27
2026-07-18,russia-oil-eu-sanctions-cap,2026-07-18/news_03.md,BZ=F,5,1.29,2.02,-1.19,3.52,21,neutral (due canali che si compensano parzialmente; net: leggermente bearish oil),"medium (i canali si oppongono; l'effetto netto dipende da come si prezza il ""gap"" tra $44 e $58)",1,2026-07-20,1.3140,1,1,0.0240,2026-07-27
2026-07-18,russia-oil-eu-sanctions-cap,2026-07-18/news_03.md,BZ=F,10,-1.57,-0.26,-4.18,1.49,21,neutral (due canali che si compensano parzialmente; net: leggermente bearish oil),"medium (i canali si oppongono; l'effetto netto dipende da come si prezza il ""gap"" tra $44 e $58)",1,2026-07-20,-6.0623,0,1,4.4923,2026-08-10
2026-07-18,russia-oil-eu-sanctions-cap,2026-07-18/news_03.md,EURUSD=X,1,-0.13,-0.18,-0.47,0.12,21,neutral (due canali che si compensano parzialmente; net: leggermente bearish oil),"medium (i canali si oppongono; l'effetto netto dipende da come si prezza il ""gap"" tra $44 e $58)",1,2026-07-20,-0.2284,1,1,0.0984,2026-07-27
2026-07-18,russia-oil-eu-sanctions-cap,2026-07-18/news_03.md,EURUSD=X,3,-0.07,-0.2,-0.66,0.18,21,neutral (due canali che si compensano parzialmente; net: leggermente bearish oil),"medium (i canali si oppongono; l'effetto netto dipende da come si prezza il ""gap"" tra $44 e $58)",0,2026-07-20,-0.0915,1,,0.0215,2026-07-27
2026-07-18,russia-oil-eu-sanctions-cap,2026-07-18/news_03.md,EURUSD=X,5,-0.3,-0.32,-1.09,0.44,21,neutral (due canali che si compensano parzialmente; net: leggermente bearish oil),"medium (i canali si oppongono; l'effetto netto dipende da come si prezza il ""gap"" tra $44 e $58)",1,2026-07-20,-0.3080,1,1,0.0080,2026-07-27
2026-07-18,russia-oil-eu-sanctions-cap,2026-07-18/news_03.md,EURUSD=X,10,-0.67,-0.25,-1.25,1.15,21,neutral (due canali che si compensano parzialmente; net: leggermente bearish oil),"medium (i canali si oppongono; l'effetto netto dipende da come si prezza il ""gap"" tra $44 e $58)",1,2026-07-20,0.8425,1,0,1.5125,2026-08-03
2026-07-18,russia-oil-eu-sanctions-cap,2026-07-18/news_03.md,TTF=F,1,0.13,-0.41,-2.78,2.81,21,neutral (due canali che si compensano parzialmente; net: leggermente bearish oil),"medium (i canali si oppongono; l'effetto netto dipende da come si prezza il ""gap"" tra $44 e $58)",1,2026-07-20,1.5679,1,1,1.4379,2026-07-27
2026-07-18,russia-oil-eu-sanctions-cap,2026-07-18/news_03.md,TTF=F,3,1.76,2.79,-1.43,4.98,21,neutral (due canali che si compensano parzialmente; net: leggermente bearish oil),"medium (i canali si oppongono; l'effetto netto dipende da come si prezza il ""gap"" tra $44 e $58)",1,2026-07-20,5.3726,0,1,3.6126,2026-07-27
2026-07-18,russia-oil-eu-sanctions-cap,2026-07-18/news_03.md,TTF=F,5,0.64,4.03,-1.5,5.88,21,neutral (due canali che si compensano parzialmente; net: leggermente bearish oil),"medium (i canali si oppongono; l'effetto netto dipende da come si prezza il ""gap"" tra $44 e $58)",1,2026-07-20,-0.8325,1,0,1.4725,2026-08-03
2026-07-18,russia-oil-eu-sanctions-cap,2026-07-18/news_03.md,TTF=F,10,0.16,1.59,-8.05,8.97,21,neutral (due canali che si compensano parzialmente; net: leggermente bearish oil),"medium (i canali si oppongono; l'effetto netto dipende da come si prezza il ""gap"" tra $44 e $58)",1,2026-07-20,-1.6036,1,0,1.7636,2026-08-10
2026-07-18,russia-oil-eu-sanctions-cap,2026-07-18/news_03.md,^STOXX50E,1,-0.11,0.13,-0.3,0.61,21,neutral (due canali che si compensano parzialmente; net: leggermente bearish oil),"medium (i canali si oppongono; l'effetto netto dipende da come si prezza il ""gap"" tra $44 e $58)",1,2026-07-20,0.9351,0,0,1.0451,2026-07-27
2026-07-18,russia-oil-eu-sanctions-cap,2026-07-18/news_03.md,^STOXX50E,3,0.23,-0.03,-1.29,1.11,21,neutral (due canali che si compensano parzialmente; net: leggermente bearish oil),"medium (i canali si oppongono; l'effetto netto dipende da come si prezza il ""gap"" tra $44 e $58)",1,2026-07-20,-0.2767,1,0,0.5067,2026-07-27
2026-07-18,russia-oil-eu-sanctions-cap,2026-07-18/news_03.md,^STOXX50E,5,-0.13,-0.09,-1.2,1.66,21,neutral (due canali che si compensano parzialmente; net: leggermente bearish oil),"medium (i canali si oppongono; l'effetto netto dipende da come si prezza il ""gap"" tra $44 e $58)",1,2026-07-20,0.8801,1,0,1.0101,2026-08-03
2026-07-18,russia-oil-eu-sanctions-cap,2026-07-18/news_03.md,^STOXX50E,10,-0.91,-0.72,-3.04,1.62,21,neutral (due canali che si compensano parzialmente; net: leggermente bearish oil),"medium (i canali si oppongono; l'effetto netto dipende da come si prezza il ""gap"" tra $44 e $58)",1,2026-07-20,4.1639,0,0,5.0739,2026-08-10
2026-07-22,big_tech_ai_earnings_test,2026-07-22/news_03.md,BTC-USD,1,-0.43,-0.32,-1.49,0.92,24,cauto / bimodale (beat = ripartenza rally; miss = crack breadth),medium,1,2026-07-23,-0.6104,1,1,0.1804,2026-07-27
2026-07-22,big_tech_ai_earnings_test,2026-07-22/news_03.md,BTC-USD,3,-0.73,-0.19,-3.86,1.25,24,cauto / bimodale (beat = ripartenza rally; miss = crack breadth),medium,1,2026-07-23,-1.9864,1,1,1.2564,2026-07-27
2026-07-22,big_tech_ai_earnings_test,2026-07-22/news_03.md,BTC-USD,5,-1.46,-0.09,-2.82,1.02,24,cauto / bimodale (beat = ripartenza rally; miss = crack breadth),medium,1,2026-07-23,-3.4652,0,1,2.0052,2026-08-03
2026-07-22,big_tech_ai_earnings_test,2026-07-22/news_03.md,BTC-USD,10,-0.29,-0.0,-5.27,2.03,24,cauto / bimodale (beat = ripartenza rally; miss = crack breadth),medium,1,2026-07-23,-3.4489,1,1,3.1589,2026-08-03
2026-07-22,big_tech_ai_earnings_test,2026-07-22/news_03.md,SOXX,1,0.06,-0.1,-1.05,1.69,24,cauto / bimodale (beat = ripartenza rally; miss = crack breadth),medium,0,2026-07-22,-0.7705,1,,0.8305,2026-07-27
2026-07-22,big_tech_ai_earnings_test,2026-07-22/news_03.md,SOXX,3,0.21,0.25,-3.17,3.11,24,cauto / bimodale (beat = ripartenza rally; miss = crack breadth),medium,1,2026-07-22,-7.0727,0,0,7.2827,2026-08-03
2026-07-22,big_tech_ai_earnings_test,2026-07-22/news_03.md,SOXX,5,0.92,0.88,-2.41,4.71,24,cauto / bimodale (beat = ripartenza rally; miss = crack breadth),medium,1,2026-07-22,-16.2946,0,0,17.2146,2026-08-03
2026-07-22,big_tech_ai_earnings_test,2026-07-22/news_03.md,SOXX,10,2.65,2.08,-0.62,4.58,24,cauto / bimodale (beat = ripartenza rally; miss = crack breadth),medium,1,2026-07-22,-4.4679,0,0,7.1179,2026-08-10
2026-07-22,big_tech_ai_earnings_test,2026-07-22/news_03.md,^GSPC,1,0.24,0.03,-0.24,0.87,24,cauto / bimodale (beat = ripartenza rally; miss = crack breadth),medium,1,2026-07-22,-1.2090,0,0,1.4490,2026-07-27
2026-07-22,big_tech_ai_earnings_test,2026-07-22/news_03.md,^GSPC,3,-0.16,-0.17,-1.26,1.04,24,cauto / bimodale (beat = ripartenza rally; miss = crack breadth),medium,1,2026-07-22,-1.1439,1,1,0.9839,2026-08-03
2026-07-22,big_tech_ai_earnings_test,2026-07-22/news_03.md,^GSPC,5,0.18,0.37,-0.48,1.56,24,cauto / bimodale (beat = ripartenza rally; miss = crack breadth),medium,1,2026-07-22,-2.4378,0,0,2.6178,2026-08-03
2026-07-22,big_tech_ai_earnings_test,2026-07-22/news_03.md,^GSPC,10,1.44,0.81,0.02,2.56,24,cauto / bimodale (beat = ripartenza rally; miss = crack breadth),medium,1,2026-07-22,2.9949,0,1,1.5549,2026-08-10
2026-07-22,big_tech_ai_earnings_test,2026-07-22/news_03.md,^NDX,1,0.18,0.08,-0.53,1.0,24,cauto / bimodale (beat = ripartenza rally; miss = crack breadth),medium,1,2026-07-22,-1.8735,0,0,2.0535,2026-07-27
2026-07-22,big_tech_ai_earnings_test,2026-07-22/news_03.md,^NDX,3,0.13,0.11,-1.2,1.92,24,cauto / bimodale (beat = ripartenza rally; miss = crack breadth),medium,1,2026-07-22,-3.3067,0,0,3.4367,2026-08-03
2026-07-22,big_tech_ai_earnings_test,2026-07-22/news_03.md,^NDX,5,0.61,0.7,-0.9,3.4,24,cauto / bimodale (beat = ripartenza rally; miss = crack breadth),medium,1,2026-07-22,-6.2273,0,0,6.8373,2026-08-03
2026-07-22,big_tech_ai_earnings_test,2026-07-22/news_03.md,^NDX,10,1.83,1.25,0.68,3.62,24,cauto / bimodale (beat = ripartenza rally; miss = crack breadth),medium,1,2026-07-22,1.6887,1,1,0.1413,2026-08-10
2026-07-22,ecb_hold_september_hike,2026-07-22/news_04.md,BTP_BUND_SPREAD,1,0.49,0.71,-1.53,2.28,41,"hawkish (contenuto, focus su guidance)",medium,1,2026-07-22,1.5290,1,1,1.0390,2026-08-03
2026-07-22,ecb_hold_september_hike,2026-07-22/news_04.md,BTP_BUND_SPREAD,3,1.21,0.93,-3.92,3.03,41,"hawkish (contenuto, focus su guidance)",medium,1,2026-07-22,-3.0701,1,0,4.2801,2026-08-03
2026-07-22,ecb_hold_september_hike,2026-07-22/news_04.md,BTP_BUND_SPREAD,5,-0.39,-0.27,-4.07,2.55,41,"hawkish (contenuto, focus su guidance)",medium,1,2026-07-22,0.3130,1,0,0.7030,2026-08-03
2026-07-22,ecb_hold_september_hike,2026-07-22/news_04.md,BTP_BUND_SPREAD,10,-1.66,-1.27,-5.21,2.85,41,"hawkish (contenuto, focus su guidance)",medium,1,2026-07-22,-7.1274,0,1,5.4674,2026-08-10
2026-07-22,ecb_hold_september_hike,2026-07-22/news_04.md,EURUSD=X,1,0.07,-0.04,-0.33,0.38,41,"hawkish (contenuto, focus su guidance)",medium,0,2026-07-22,0.2630,1,,0.1930,2026-07-27
2026-07-22,ecb_hold_september_hike,2026-07-22/news_04.md,EURUSD=X,3,0.06,-0.19,-0.59,0.54,41,"hawkish (contenuto, focus su guidance)",medium,0,2026-07-22,0.0456,1,,0.0144,2026-07-27
2026-07-22,ecb_hold_september_hike,2026-07-22/news_04.md,EURUSD=X,5,0.0,-0.13,-0.68,0.75,41,"hawkish (contenuto, focus su guidance)",medium,0,2026-07-22,-0.1821,1,,0.1821,2026-08-03
2026-07-22,ecb_hold_september_hike,2026-07-22/news_04.md,EURUSD=X,10,-0.09,-0.05,-0.91,0.76,41,"hawkish (contenuto, focus su guidance)",medium,0,2026-07-22,1.1279,0,,1.2179,2026-08-10
2026-07-22,ecb_hold_september_hike,2026-07-22/news_04.md,IEAG.AS,1,0.06,-0.04,-0.37,0.21,41,"hawkish (contenuto, focus su guidance)",medium,0,2026-07-22,-0.2273,1,,0.2873,2026-07-27
2026-07-22,ecb_hold_september_hike,2026-07-22/news_04.md,IEAG.AS,3,0.06,-0.14,-0.43,0.39,41,"hawkish (contenuto, focus su guidance)",medium,0,2026-07-22,0.3788,1,,0.3188,2026-08-03
2026-07-22,ecb_hold_september_hike,2026-07-22/news_04.md,IEAG.AS,5,0.05,-0.09,-0.52,0.54,41,"hawkish (contenuto, focus su guidance)",medium,0,2026-07-22,0.1989,1,,0.1489,2026-08-03
2026-07-22,ecb_hold_september_hike,2026-07-22/news_04.md,IEAG.AS,10,-0.1,-0.11,-0.63,0.57,41,"hawkish (contenuto, focus su guidance)",medium,1,2026-07-22,0.6914,0,0,0.7914,2026-08-10
2026-07-22,ecb_hold_september_hike,2026-07-22/news_04.md,^STOXX50E,1,-0.15,-0.46,-1.35,0.68,41,"hawkish (contenuto, focus su guidance)",medium,1,2026-07-22,-1.6910,0,1,1.5410,2026-07-27
2026-07-22,ecb_hold_september_hike,2026-07-22/news_04.md,^STOXX50E,3,-0.42,-0.62,-2.1,0.84,41,"hawkish (contenuto, focus su guidance)",medium,1,2026-07-22,-0.5506,1,1,0.1306,2026-08-03
2026-07-22,ecb_hold_september_hike,2026-07-22/news_04.md,^STOXX50E,5,-0.28,-0.42,-1.65,1.24,41,"hawkish (contenuto, focus su guidance)",medium,1,2026-07-22,0.4339,1,0,0.7139,2026-08-03
2026-07-22,ecb_hold_september_hike,2026-07-22/news_04.md,^STOXX50E,10,0.8,0.32,-1.26,2.03,41,"hawkish (contenuto, focus su guidance)",medium,1,2026-07-22,2.9376,0,1,2.1376,2026-08-10
2026-07-22,iran_hormuz_ceasefire_oil,2026-07-22/news_01.md,BZ=F,1,-0.09,0.0,-2.35,2.9,31,"risk-off in raffreddamento (mediazione in corso, ma escalation parallela)",medium,0,2026-07-22,2.2111,1,,2.3011,2026-07-27
2026-07-22,iran_hormuz_ceasefire_oil,2026-07-22/news_01.md,BZ=F,3,-0.33,1.03,-4.22,3.75,31,"risk-off in raffreddamento (mediazione in corso, ma escalation parallela)",medium,1,2026-07-22,-2.4662,1,1,2.1362,2026-07-27
2026-07-22,iran_hormuz_ceasefire_oil,2026-07-22/news_01.md,BZ=F,5,-1.38,1.46,-4.64,4.78,31,"risk-off in raffreddamento (mediazione in corso, ma escalation parallela)",medium,1,2026-07-22,-6.4314,0,1,5.0514,2026-08-03
2026-07-22,iran_hormuz_ceasefire_oil,2026-07-22/news_01.md,BZ=F,10,-2.59,1.9,-6.0,8.03,31,"risk-off in raffreddamento (mediazione in corso, ma escalation parallela)",medium,1,2026-07-22,-15.7755,0,1,13.1855,2026-08-10
2026-07-22,iran_hormuz_ceasefire_oil,2026-07-22/news_01.md,GC=F,1,-0.0,-0.13,-1.06,1.08,31,"risk-off in raffreddamento (mediazione in corso, ma escalation parallela)",medium,0,2026-07-22,-0.4558,1,,0.4558,2026-07-27
2026-07-22,iran_hormuz_ceasefire_oil,2026-07-22/news_01.md,GC=F,3,-0.56,-0.38,-1.59,0.85,31,"risk-off in raffreddamento (mediazione in corso, ma escalation parallela)",medium,1,2026-07-22,-1.4155,1,1,0.8555,2026-07-27
2026-07-22,iran_hormuz_ceasefire_oil,2026-07-22/news_01.md,GC=F,5,-0.34,-1.1,-2.76,1.11,31,"risk-off in raffreddamento (mediazione in corso, ma escalation parallela)",medium,1,2026-07-22,-1.3480,1,1,1.0080,2026-08-03
2026-07-22,iran_hormuz_ceasefire_oil,2026-07-22/news_01.md,GC=F,10,-1.41,-1.94,-4.75,0.54,31,"risk-off in raffreddamento (mediazione in corso, ma escalation parallela)",medium,1,2026-07-22,2.3849,0,0,3.7949,2026-08-10
2026-07-22,iran_hormuz_ceasefire_oil,2026-07-22/news_01.md,JPY=X,1,0.01,0.03,-0.2,0.33,30,"risk-off in raffreddamento (mediazione in corso, ma escalation parallela)",medium,0,2026-07-22,-0.0527,1,,0.0627,2026-07-27
2026-07-22,iran_hormuz_ceasefire_oil,2026-07-22/news_01.md,JPY=X,3,0.06,0.07,-0.55,0.58,29,"risk-off in raffreddamento (mediazione in corso, ma escalation parallela)",medium,0,2026-07-22,0.2543,1,,0.1943,2026-07-27
2026-07-22,iran_hormuz_ceasefire_oil,2026-07-22/news_01.md,JPY=X,5,0.31,0.27,-0.08,0.65,30,"risk-off in raffreddamento (mediazione in corso, ma escalation parallela)",medium,1,2026-07-22,0.3015,1,1,0.0085,2026-08-03
2026-07-22,iran_hormuz_ceasefire_oil,2026-07-22/news_01.md,JPY=X,10,0.37,0.4,-0.23,0.9,30,"risk-off in raffreddamento (mediazione in corso, ma escalation parallela)",medium,1,2026-07-22,-4.1664,0,0,4.5364,2026-08-03
2026-07-22,iran_hormuz_ceasefire_oil,2026-07-22/news_01.md,^GSPC,1,0.13,0.18,-0.3,0.62,31,"risk-off in raffreddamento (mediazione in corso, ma escalation parallela)",medium,1,2026-07-22,-1.2090,0,0,1.3390,2026-07-27
2026-07-22,iran_hormuz_ceasefire_oil,2026-07-22/news_01.md,^GSPC,3,0.41,0.31,-0.28,0.94,31,"risk-off in raffreddamento (mediazione in corso, ma escalation parallela)",medium,1,2026-07-22,-1.1439,0,0,1.5539,2026-08-03
2026-07-22,iran_hormuz_ceasefire_oil,2026-07-22/news_01.md,^GSPC,5,0.55,0.25,-1.14,1.16,31,"risk-off in raffreddamento (mediazione in corso, ma escalation parallela)",medium,1,2026-07-22,-2.4378,0,0,2.9878,2026-08-03
2026-07-22,iran_hormuz_ceasefire_oil,2026-07-22/news_01.md,^GSPC,10,-0.34,0.27,-0.74,2.07,31,"risk-off in raffreddamento (mediazione in corso, ma escalation parallela)",medium,1,2026-07-22,2.9949,0,0,3.3349,2026-08-10
2026-07-22,trump_canada_tariffs,2026-07-22/news_02.md,HG=F,1,-0.25,-0.65,-1.48,1.15,47,risk-off / hawkish protezionista,medium,1,2026-07-22,0.8836,1,0,1.1336,2026-07-27
2026-07-22,trump_canada_tariffs,2026-07-22/news_02.md,HG=F,3,0.01,-0.17,-1.5,2.47,47,risk-off / hawkish protezionista,medium,0,2026-07-22,-1.5036,0,,1.5136,2026-07-27
2026-07-22,trump_canada_tariffs,2026-07-22/news_02.md,HG=F,5,-0.02,0.06,-1.99,1.8,47,risk-off / hawkish protezionista,medium,0,2026-07-22,-2.0152,0,,1.9952,2026-08-03
2026-07-22,trump_canada_tariffs,2026-07-22/news_02.md,HG=F,10,0.28,0.14,-2.6,2.67,46,risk-off / hawkish protezionista,medium,1,2026-07-22,3.9064,0,1,3.6264,2026-08-10
2026-07-22,trump_canada_tariffs,2026-07-22/news_02.md,^GSPC,1,0.22,-0.07,-0.72,0.76,47,risk-off / hawkish protezionista,medium,1,2026-07-22,-1.2090,0,0,1.4290,2026-07-27
2026-07-22,trump_canada_tariffs,2026-07-22/news_02.md,^GSPC,3,0.25,0.03,-1.12,1.1,47,risk-off / hawkish protezionista,medium,1,2026-07-22,-1.1439,0,0,1.3939,2026-08-03
2026-07-22,trump_canada_tariffs,2026-07-22/news_02.md,^GSPC,5,0.35,0.05,-0.85,1.46,46,risk-off / hawkish protezionista,medium,1,2026-07-22,-2.4378,0,0,2.7878,2026-08-03
2026-07-22,trump_canada_tariffs,2026-07-22/news_02.md,^GSPC,10,0.74,0.03,-1.75,1.81,46,risk-off / hawkish protezionista,medium,1,2026-07-22,2.9949,0,1,2.2549,2026-08-10
2026-07-22,trump_canada_tariffs,2026-07-22/news_02.md,^NDX,1,0.19,0.01,-1.14,1.03,47,risk-off / hawkish protezionista,medium,1,2026-07-22,-1.8735,0,0,2.0635,2026-07-27
2026-07-22,trump_canada_tariffs,2026-07-22/news_02.md,^NDX,3,0.15,-0.0,-1.94,1.55,47,risk-off / hawkish protezionista,medium,1,2026-07-22,-3.3067,0,0,3.4567,2026-08-03
2026-07-22,trump_canada_tariffs,2026-07-22/news_02.md,^NDX,5,0.52,0.07,-1.88,2.04,46,risk-off / hawkish protezionista,medium,1,2026-07-22,-6.2273,0,0,6.7473,2026-08-03
2026-07-22,trump_canada_tariffs,2026-07-22/news_02.md,^NDX,10,0.73,0.09,-2.88,2.62,46,risk-off / hawkish protezionista,medium,1,2026-07-22,1.6887,1,1,0.9587,2026-08-10
2026-07-22,trump_canada_tariffs,2026-07-22/news_02.md,^VIX,1,-0.92,1.96,-6.6,8.19,47,risk-off / hawkish protezionista,medium,1,2026-07-22,12.3798,0,0,13.2998,2026-07-27
2026-07-22,trump_canada_tariffs,2026-07-22/news_02.md,^VIX,3,-0.4,2.46,-8.08,11.43,47,risk-off / hawkish protezionista,medium,1,2026-07-22,12.1995,0,0,12.5995,2026-08-03
2026-07-22,trump_canada_tariffs,2026-07-22/news_02.md,^VIX,5,-1.16,3.55,-7.79,9.01,46,risk-off / hawkish protezionista,medium,1,2026-07-22,2.7043,1,0,3.8643,2026-08-03
2026-07-22,trump_canada_tariffs,2026-07-22/news_02.md,^VIX,10,-5.1,8.25,-15.33,18.04,46,risk-off / hawkish protezionista,medium,1,2026-07-22,-8.9543,1,1,3.8543,2026-08-10
2026-07-22,uk_burnham_cabinet_cpi,2026-07-22/news_05.md,EURUSD=X,1,-0.05,0.01,-0.42,0.34,59,"dovish-friendly per CPI (se in calo); bimodale per Burnham (stimolo VAT positivo, ma incertezza fiscale)",medium,0,2026-07-22,0.2630,1,,0.3130,2026-07-27
2026-07-22,uk_burnham_cabinet_cpi,2026-07-22/news_05.md,EURUSD=X,3,-0.1,0.1,-0.66,0.63,59,"dovish-friendly per CPI (se in calo); bimodale per Burnham (stimolo VAT positivo, ma incertezza fiscale)",medium,1,2026-07-22,0.0456,1,0,0.1456,2026-07-27
2026-07-22,uk_burnham_cabinet_cpi,2026-07-22/news_05.md,EURUSD=X,5,0.14,0.2,-0.66,0.89,59,"dovish-friendly per CPI (se in calo); bimodale per Burnham (stimolo VAT positivo, ma incertezza fiscale)",medium,1,2026-07-22,-0.1821,1,0,0.3221,2026-08-03
2026-07-22,uk_burnham_cabinet_cpi,2026-07-22/news_05.md,EURUSD=X,10,-0.05,0.2,-0.93,1.41,59,"dovish-friendly per CPI (se in calo); bimodale per Burnham (stimolo VAT positivo, ma incertezza fiscale)",medium,0,2026-07-22,1.1279,1,,1.1779,2026-08-10
2026-07-22,uk_burnham_cabinet_cpi,2026-07-22/news_05.md,GBPUSD=X,1,-0.08,-0.04,-0.57,0.37,59,"dovish-friendly per CPI (se in calo); bimodale per Burnham (stimolo VAT positivo, ma incertezza fiscale)",medium,0,2026-07-22,0.0576,1,,0.1376,2026-07-27
2026-07-22,uk_burnham_cabinet_cpi,2026-07-22/news_05.md,GBPUSD=X,3,-0.14,-0.13,-0.95,0.49,59,"dovish-friendly per CPI (se in calo); bimodale per Burnham (stimolo VAT positivo, ma incertezza fiscale)",medium,1,2026-07-22,-0.4383,1,1,0.2983,2026-07-27
2026-07-22,uk_burnham_cabinet_cpi,2026-07-22/news_05.md,GBPUSD=X,5,-0.07,0.03,-0.85,0.84,59,"dovish-friendly per CPI (se in calo); bimodale per Burnham (stimolo VAT positivo, ma incertezza fiscale)",medium,0,2026-07-22,-0.6738,1,,0.6038,2026-08-03
2026-07-22,uk_burnham_cabinet_cpi,2026-07-22/news_05.md,GBPUSD=X,10,0.15,0.15,-1.28,1.48,59,"dovish-friendly per CPI (se in calo); bimodale per Burnham (stimolo VAT positivo, ma incertezza fiscale)",medium,1,2026-07-22,0.7318,1,1,0.5818,2026-08-03
2026-07-22,uk_burnham_cabinet_cpi,2026-07-22/news_05.md,GC=F,1,-0.28,-0.17,-1.14,0.72,59,"dovish-friendly per CPI (se in calo); bimodale per Burnham (stimolo VAT positivo, ma incertezza fiscale)",medium,1,2026-07-22,-0.4558,1,1,0.1758,2026-07-27
2026-07-22,uk_burnham_cabinet_cpi,2026-07-22/news_05.md,GC=F,3,-0.24,-0.14,-1.47,1.34,59,"dovish-friendly per CPI (se in calo); bimodale per Burnham (stimolo VAT positivo, ma incertezza fiscale)",medium,1,2026-07-22,-1.4155,1,1,1.1755,2026-07-27
2026-07-22,uk_burnham_cabinet_cpi,2026-07-22/news_05.md,GC=F,5,0.11,0.14,-1.37,1.37,59,"dovish-friendly per CPI (se in calo); bimodale per Burnham (stimolo VAT positivo, ma incertezza fiscale)",medium,1,2026-07-22,-1.3480,1,0,1.4580,2026-08-03
2026-07-22,uk_burnham_cabinet_cpi,2026-07-22/news_05.md,GC=F,10,-0.3,0.51,-1.89,2.03,59,"dovish-friendly per CPI (se in calo); bimodale per Burnham (stimolo VAT positivo, ma incertezza fiscale)",medium,1,2026-07-22,2.3849,0,0,2.6849,2026-08-10
2026-07-22,uk_burnham_cabinet_cpi,2026-07-22/news_05.md,^GSPC,1,-0.12,-0.27,-0.73,0.33,59,"dovish-friendly per CPI (se in calo); bimodale per Burnham (stimolo VAT positivo, ma incertezza fiscale)",medium,1,2026-07-22,-1.2090,0,1,1.0890,2026-07-27
2026-07-22,uk_burnham_cabinet_cpi,2026-07-22/news_05.md,^GSPC,3,-0.1,-0.05,-1.71,1.44,59,"dovish-friendly per CPI (se in calo); bimodale per Burnham (stimolo VAT positivo, ma incertezza fiscale)",medium,1,2026-07-22,-1.1439,1,1,1.0439,2026-08-03
2026-07-22,uk_burnham_cabinet_cpi,2026-07-22/news_05.md,^GSPC,5,-0.11,-0.22,-1.75,1.32,59,"dovish-friendly per CPI (se in calo); bimodale per Burnham (stimolo VAT positivo, ma incertezza fiscale)",medium,1,2026-07-22,-2.4378,0,1,2.3278,2026-08-03
2026-07-22,uk_burnham_cabinet_cpi,2026-07-22/news_05.md,^GSPC,10,0.95,-0.26,-2.95,2.27,59,"dovish-friendly per CPI (se in calo); bimodale per Burnham (stimolo VAT positivo, ma incertezza fiscale)",medium,1,2026-07-22,2.9949,0,1,2.0449,2026-08-10
2026-07-23,alphabet_capex_ai_us_asia_divergence,2026-07-23/news_03.md,EEM,1,0.19,0.24,-0.48,1.11,30,"misto: bearish hyperscaler USA (^NDX), bullish semis Asia (SOXX proxy, ^N225)",medium,1,2026-07-23,-1.9659,0,0,2.1559,2026-07-27
2026-07-23,alphabet_capex_ai_us_asia_divergence,2026-07-23/news_03.md,EEM,3,0.14,0.21,-0.34,2.23,30,"misto: bearish hyperscaler USA (^NDX), bullish semis Asia (SOXX proxy, ^N225)",medium,1,2026-07-23,-3.4675,0,0,3.6075,2026-08-03
2026-07-23,alphabet_capex_ai_us_asia_divergence,2026-07-23/news_03.md,EEM,5,0.79,1.0,-0.51,2.8,30,"misto: bearish hyperscaler USA (^NDX), bullish semis Asia (SOXX proxy, ^N225)",medium,1,2026-07-23,-1.5635,0,0,2.3535,2026-08-03
2026-07-23,alphabet_capex_ai_us_asia_divergence,2026-07-23/news_03.md,EEM,10,1.48,1.73,-0.05,3.68,30,"misto: bearish hyperscaler USA (^NDX), bullish semis Asia (SOXX proxy, ^N225)",medium,1,2026-07-23,0.6502,1,1,0.8298,2026-08-10
2026-07-23,alphabet_capex_ai_us_asia_divergence,2026-07-23/news_03.md,SOXX,1,0.21,0.14,-1.03,1.71,30,"misto: bearish hyperscaler USA (^NDX), bullish semis Asia (SOXX proxy, ^N225)",medium,1,2026-07-23,-4.3955,0,0,4.6055,2026-07-27
2026-07-23,alphabet_capex_ai_us_asia_divergence,2026-07-23/news_03.md,SOXX,3,0.39,0.38,-1.32,2.91,30,"misto: bearish hyperscaler USA (^NDX), bullish semis Asia (SOXX proxy, ^N225)",medium,1,2026-07-23,-10.8446,0,0,11.2346,2026-08-03
2026-07-23,alphabet_capex_ai_us_asia_divergence,2026-07-23/news_03.md,SOXX,5,1.2,1.54,-1.33,4.53,30,"misto: bearish hyperscaler USA (^NDX), bullish semis Asia (SOXX proxy, ^N225)",medium,1,2026-07-23,-8.4736,0,0,9.6736,2026-08-03
2026-07-23,alphabet_capex_ai_us_asia_divergence,2026-07-23/news_03.md,SOXX,10,2.7,2.64,-0.31,5.25,30,"misto: bearish hyperscaler USA (^NDX), bullish semis Asia (SOXX proxy, ^N225)",medium,1,2026-07-23,-3.3960,0,0,6.0960,2026-08-10
2026-07-23,alphabet_capex_ai_us_asia_divergence,2026-07-23/news_03.md,^GSPC,1,0.28,0.1,-0.22,0.88,30,"misto: bearish hyperscaler USA (^NDX), bullish semis Asia (SOXX proxy, ^N225)",medium,1,2026-07-23,0.0497,1,1,0.2303,2026-07-27
2026-07-23,alphabet_capex_ai_us_asia_divergence,2026-07-23/news_03.md,^GSPC,3,-0.09,-0.03,-1.18,1.16,30,"misto: bearish hyperscaler USA (^NDX), bullish semis Asia (SOXX proxy, ^N225)",medium,0,2026-07-23,0.2764,1,,0.3664,2026-08-03
2026-07-23,alphabet_capex_ai_us_asia_divergence,2026-07-23/news_03.md,^GSPC,5,0.28,0.64,-0.31,2.05,30,"misto: bearish hyperscaler USA (^NDX), bullish semis Asia (SOXX proxy, ^N225)",medium,1,2026-07-23,0.3959,1,1,0.1159,2026-08-03
2026-07-23,alphabet_capex_ai_us_asia_divergence,2026-07-23/news_03.md,^GSPC,10,1.43,0.88,-0.07,2.65,30,"misto: bearish hyperscaler USA (^NDX), bullish semis Asia (SOXX proxy, ^N225)",medium,1,2026-07-23,4.0719,0,1,2.6419,2026-08-10
2026-07-23,alphabet_capex_ai_us_asia_divergence,2026-07-23/news_03.md,^N225,1,-0.26,-0.21,-1.33,0.61,30,"misto: bearish hyperscaler USA (^NDX), bullish semis Asia (SOXX proxy, ^N225)",medium,1,2026-07-23,-3.0295,0,1,2.7695,2026-07-27
2026-07-23,alphabet_capex_ai_us_asia_divergence,2026-07-23/news_03.md,^N225,3,-0.08,-0.6,-2.26,1.17,30,"misto: bearish hyperscaler USA (^NDX), bullish semis Asia (SOXX proxy, ^N225)",medium,0,2026-07-23,-6.7806,0,,6.7006,2026-08-03
2026-07-23,alphabet_capex_ai_us_asia_divergence,2026-07-23/news_03.md,^N225,5,-0.58,0.19,-2.17,1.95,30,"misto: bearish hyperscaler USA (^NDX), bullish semis Asia (SOXX proxy, ^N225)",medium,1,2026-07-23,-6.7646,0,1,6.1846,2026-08-03
2026-07-23,alphabet_capex_ai_us_asia_divergence,2026-07-23/news_03.md,^N225,10,1.4,1.67,-0.99,2.81,30,"misto: bearish hyperscaler USA (^NDX), bullish semis Asia (SOXX proxy, ^N225)",medium,1,2026-07-23,-1.3314,0,0,2.7314,2026-08-10
2026-07-23,alphabet_capex_ai_us_asia_divergence,2026-07-23/news_03.md,^NDX,1,0.3,0.14,-0.55,1.01,30,"misto: bearish hyperscaler USA (^NDX), bullish semis Asia (SOXX proxy, ^N225)",medium,1,2026-07-23,-1.1473,0,0,1.4473,2026-07-27
2026-07-23,alphabet_capex_ai_us_asia_divergence,2026-07-23/news_03.md,^NDX,3,-0.02,0.03,-1.21,1.76,30,"misto: bearish hyperscaler USA (^NDX), bullish semis Asia (SOXX proxy, ^N225)",medium,0,2026-07-23,-2.4308,0,,2.4108,2026-08-03
2026-07-23,alphabet_capex_ai_us_asia_divergence,2026-07-23/news_03.md,^NDX,5,0.79,0.9,-0.56,3.01,30,"misto: bearish hyperscaler USA (^NDX), bullish semis Asia (SOXX proxy, ^N225)",medium,1,2026-07-23,-1.2246,0,0,2.0146,2026-08-03
2026-07-23,alphabet_capex_ai_us_asia_divergence,2026-07-23/news_03.md,^NDX,10,2.19,1.26,-0.58,3.98,30,"misto: bearish hyperscaler USA (^NDX), bullish semis Asia (SOXX proxy, ^N225)",medium,1,2026-07-23,3.2280,1,1,1.0380,2026-08-10
2026-07-23,alphabet_capex_ai_us_asia_divergence,2026-07-23/news_03.md,^VIX,1,-4.32,-1.88,-7.07,2.83,30,"misto: bearish hyperscaler USA (^NDX), bullish semis Asia (SOXX proxy, ^N225)",medium,1,2026-07-23,-0.6417,1,1,3.6783,2026-07-27
2026-07-23,alphabet_capex_ai_us_asia_divergence,2026-07-23/news_03.md,^VIX,3,-1.92,0.73,-10.56,7.53,30,"misto: bearish hyperscaler USA (^NDX), bullish semis Asia (SOXX proxy, ^N225)",medium,1,2026-07-23,10.4813,0,0,12.4013,2026-08-03
2026-07-23,alphabet_capex_ai_us_asia_divergence,2026-07-23/news_03.md,^VIX,5,-8.69,-6.71,-17.63,2.91,30,"misto: bearish hyperscaler USA (^NDX), bullish semis Asia (SOXX proxy, ^N225)",medium,1,2026-07-23,-14.4920,1,1,5.8020,2026-08-03
2026-07-23,alphabet_capex_ai_us_asia_divergence,2026-07-23/news_03.md,^VIX,10,-8.5,-8.78,-21.37,0.42,30,"misto: bearish hyperscaler USA (^NDX), bullish semis Asia (SOXX proxy, ^N225)",medium,1,2026-07-23,-20.3209,1,1,11.8209,2026-08-10
2026-07-23,ecb_decides_july_lagarde_tone,2026-07-23/news_04.md,BTP_BUND_SPREAD,1,1.52,1.0,-0.88,2.84,22,neutrale-al-rialzo (il *war premium* introduce un bias hawkish naturale sul tono),medium,1,2026-07-23,-2.2175,0,0,3.7375,2026-08-03
2026-07-23,ecb_decides_july_lagarde_tone,2026-07-23/news_04.md,BTP_BUND_SPREAD,3,1.03,0.59,-2.25,3.98,22,neutrale-al-rialzo (il *war premium* introduce un bias hawkish naturale sul tono),medium,1,2026-07-23,-5.0872,0,0,6.1172,2026-08-03
2026-07-23,ecb_decides_july_lagarde_tone,2026-07-23/news_04.md,BTP_BUND_SPREAD,5,0.3,-1.02,-4.02,3.06,22,neutrale-al-rialzo (il *war premium* introduce un bias hawkish naturale sul tono),medium,1,2026-07-23,-4.0081,1,0,4.3081,2026-08-03
2026-07-23,ecb_decides_july_lagarde_tone,2026-07-23/news_04.md,BTP_BUND_SPREAD,10,-2.82,-2.39,-5.97,1.64,22,neutrale-al-rialzo (il *war premium* introduce un bias hawkish naturale sul tono),medium,1,2026-07-23,-5.7156,1,1,2.8956,2026-08-10
2026-07-23,ecb_decides_july_lagarde_tone,2026-07-23/news_04.md,EURUSD=X,1,-0.01,-0.19,-0.78,0.18,22,neutrale-al-rialzo (il *war premium* introduce un bias hawkish naturale sul tono),medium,0,2026-07-23,-0.5119,1,,0.5019,2026-07-27
2026-07-23,ecb_decides_july_lagarde_tone,2026-07-23/news_04.md,EURUSD=X,3,0.11,-0.16,-0.59,0.51,22,neutrale-al-rialzo (il *war premium* introduce un bias hawkish naturale sul tono),medium,1,2026-07-23,-0.5571,1,0,0.6671,2026-08-03
2026-07-23,ecb_decides_july_lagarde_tone,2026-07-23/news_04.md,EURUSD=X,5,-0.22,-0.19,-0.76,0.77,22,neutrale-al-rialzo (il *war premium* introduce un bias hawkish naturale sul tono),medium,1,2026-07-23,0.1718,1,0,0.3918,2026-08-03
2026-07-23,ecb_decides_july_lagarde_tone,2026-07-23/news_04.md,EURUSD=X,10,-0.58,-0.3,-1.42,0.64,22,neutrale-al-rialzo (il *war premium* introduce un bias hawkish naturale sul tono),medium,1,2026-07-23,1.0397,0,0,1.6197,2026-08-10
2026-07-23,ecb_decides_july_lagarde_tone,2026-07-23/news_04.md,FTSEMIB.MI,1,-0.22,-0.42,-1.5,0.41,22,neutrale-al-rialzo (il *war premium* introduce un bias hawkish naturale sul tono),medium,1,2026-07-23,0.9475,0,0,1.1675,2026-07-27
2026-07-23,ecb_decides_july_lagarde_tone,2026-07-23/news_04.md,FTSEMIB.MI,3,0.08,-0.09,-0.52,1.41,22,neutrale-al-rialzo (il *war premium* introduce un bias hawkish naturale sul tono),medium,0,2026-07-23,0.2477,1,,0.1677,2026-08-03
2026-07-23,ecb_decides_july_lagarde_tone,2026-07-23/news_04.md,FTSEMIB.MI,5,0.93,0.22,-0.61,1.6,22,neutrale-al-rialzo (il *war premium* introduce un bias hawkish naturale sul tono),medium,1,2026-07-23,1.6691,0,1,0.7391,2026-08-03
2026-07-23,ecb_decides_july_lagarde_tone,2026-07-23/news_04.md,FTSEMIB.MI,10,1.41,1.03,0.56,2.46,22,neutrale-al-rialzo (il *war premium* introduce un bias hawkish naturale sul tono),medium,1,2026-07-23,4.6792,0,1,3.2692,2026-08-10
2026-07-23,ecb_decides_july_lagarde_tone,2026-07-23/news_04.md,GC=F,1,0.42,0.32,-0.14,0.82,22,neutrale-al-rialzo (il *war premium* introduce un bias hawkish naturale sul tono),medium,1,2026-07-23,-1.3857,0,0,1.8057,2026-07-27
2026-07-23,ecb_decides_july_lagarde_tone,2026-07-23/news_04.md,GC=F,3,-0.15,0.14,-1.0,0.92,22,neutrale-al-rialzo (il *war premium* introduce un bias hawkish naturale sul tono),medium,1,2026-07-23,-2.0833,0,1,1.9333,2026-08-03
2026-07-23,ecb_decides_july_lagarde_tone,2026-07-23/news_04.md,GC=F,5,-0.04,0.23,-1.59,1.73,22,neutrale-al-rialzo (il *war premium* introduce un bias hawkish naturale sul tono),medium,0,2026-07-23,-0.9448,1,,0.9048,2026-08-03
2026-07-23,ecb_decides_july_lagarde_tone,2026-07-23/news_04.md,GC=F,10,0.06,0.75,-1.84,3.32,22,neutrale-al-rialzo (il *war premium* introduce un bias hawkish naturale sul tono),medium,0,2026-07-23,4.6923,0,,4.6323,2026-08-10
2026-07-23,ecb_decides_july_lagarde_tone,2026-07-23/news_04.md,^GDAXI,1,-0.01,-0.27,-1.21,0.47,22,neutrale-al-rialzo (il *war premium* introduce un bias hawkish naturale sul tono),medium,0,2026-07-23,1.3564,0,,1.3664,2026-07-27
2026-07-23,ecb_decides_july_lagarde_tone,2026-07-23/news_04.md,^GDAXI,3,-0.06,-0.33,-1.09,1.15,22,neutrale-al-rialzo (il *war premium* introduce un bias hawkish naturale sul tono),medium,0,2026-07-23,2.8161,0,,2.8761,2026-08-03
2026-07-23,ecb_decides_july_lagarde_tone,2026-07-23/news_04.md,^GDAXI,5,0.14,-0.43,-1.34,0.94,22,neutrale-al-rialzo (il *war premium* introduce un bias hawkish naturale sul tono),medium,1,2026-07-23,3.4976,0,1,3.3576,2026-08-03
2026-07-23,ecb_decides_july_lagarde_tone,2026-07-23/news_04.md,^GDAXI,10,0.71,0.32,-1.93,2.31,22,neutrale-al-rialzo (il *war premium* introduce un bias hawkish naturale sul tono),medium,1,2026-07-23,6.2849,0,1,5.5749,2026-08-10
2026-07-23,ecb_decides_july_lagarde_tone,2026-07-23/news_04.md,^STOXX50E,1,0.02,-0.39,-1.31,0.62,22,neutrale-al-rialzo (il *war premium* introduce un bias hawkish naturale sul tono),medium,0,2026-07-23,1.1396,0,,1.1196,2026-07-27
2026-07-23,ecb_decides_july_lagarde_tone,2026-07-23/news_04.md,^STOXX50E,3,-0.46,-0.41,-0.87,1.08,22,neutrale-al-rialzo (il *war premium* introduce un bias hawkish naturale sul tono),medium,1,2026-07-23,0.6227,1,0,1.0827,2026-08-03
2026-07-23,ecb_decides_july_lagarde_tone,2026-07-23/news_04.md,^STOXX50E,5,-0.04,-0.3,-1.28,1.05,22,neutrale-al-rialzo (il *war premium* introduce un bias hawkish naturale sul tono),medium,0,2026-07-23,2.3806,0,,2.4206,2026-08-03
2026-07-23,ecb_decides_july_lagarde_tone,2026-07-23/news_04.md,^STOXX50E,10,1.03,0.54,-0.96,2.23,22,neutrale-al-rialzo (il *war premium* introduce un bias hawkish naturale sul tono),medium,1,2026-07-23,5.0512,0,1,4.0212,2026-08-10
2026-07-23,iran_hormuz_12th_night_brent94,2026-07-23/news_01.md,BZ=F,1,-0.09,0.0,-2.35,2.9,31,"risk-off in accelerazione (12ª notte + spillover a Kuwait/Jordan/Bahrain, mediazione ancora ""richiesta"" ma non avviata)",medium,0,2026-07-23,0.6552,1,,0.7452,2026-07-27
2026-07-23,iran_hormuz_12th_night_brent94,2026-07-23/news_01.md,BZ=F,3,-0.33,1.03,-4.22,3.75,31,"risk-off in accelerazione (12ª notte + spillover a Kuwait/Jordan/Bahrain, mediazione ancora ""richiesta"" ma non avviata)",medium,1,2026-07-23,-8.8508,0,1,8.5208,2026-08-03
2026-07-23,iran_hormuz_12th_night_brent94,2026-07-23/news_01.md,BZ=F,5,-1.38,1.46,-4.64,4.78,31,"risk-off in accelerazione (12ª notte + spillover a Kuwait/Jordan/Bahrain, mediazione ancora ""richiesta"" ma non avviata)",medium,1,2026-07-23,-5.2210,0,1,3.8410,2026-08-03
2026-07-23,iran_hormuz_12th_night_brent94,2026-07-23/news_01.md,BZ=F,10,-2.59,1.9,-6.0,8.03,31,"risk-off in accelerazione (12ª notte + spillover a Kuwait/Jordan/Bahrain, mediazione ancora ""richiesta"" ma non avviata)",medium,1,2026-07-23,-13.1045,0,1,10.5145,2026-08-10
2026-07-23,iran_hormuz_12th_night_brent94,2026-07-23/news_01.md,CHF=X,1,0.07,0.01,-0.49,0.39,30,"risk-off in accelerazione (12ª notte + spillover a Kuwait/Jordan/Bahrain, mediazione ancora ""richiesta"" ma non avviata)",medium,0,2026-07-23,0.4783,0,,0.4083,2026-07-27
2026-07-23,iran_hormuz_12th_night_brent94,2026-07-23/news_01.md,CHF=X,3,0.01,-0.09,-0.63,0.7,29,"risk-off in accelerazione (12ª notte + spillover a Kuwait/Jordan/Bahrain, mediazione ancora ""richiesta"" ma non avviata)",medium,0,2026-07-23,0.5336,1,,0.5236,2026-07-27
2026-07-23,iran_hormuz_12th_night_brent94,2026-07-23/news_01.md,CHF=X,5,0.25,0.01,-0.4,0.84,30,"risk-off in accelerazione (12ª notte + spillover a Kuwait/Jordan/Bahrain, mediazione ancora ""richiesta"" ma non avviata)",medium,1,2026-07-23,0.7340,1,1,0.4840,2026-08-03
2026-07-23,iran_hormuz_12th_night_brent94,2026-07-23/news_01.md,CHF=X,10,0.27,-0.0,-0.65,1.21,30,"risk-off in accelerazione (12ª notte + spillover a Kuwait/Jordan/Bahrain, mediazione ancora ""richiesta"" ma non avviata)",medium,1,2026-07-23,-0.3676,1,0,0.6376,2026-08-10
2026-07-23,iran_hormuz_12th_night_brent94,2026-07-23/news_01.md,GC=F,1,-0.0,-0.13,-1.06,1.08,31,"risk-off in accelerazione (12ª notte + spillover a Kuwait/Jordan/Bahrain, mediazione ancora ""richiesta"" ma non avviata)",medium,0,2026-07-23,-1.3857,0,,1.3857,2026-07-27
2026-07-23,iran_hormuz_12th_night_brent94,2026-07-23/news_01.md,GC=F,3,-0.56,-0.38,-1.59,0.85,31,"risk-off in accelerazione (12ª notte + spillover a Kuwait/Jordan/Bahrain, mediazione ancora ""richiesta"" ma non avviata)",medium,1,2026-07-23,-2.0833,0,1,1.5233,2026-08-03
2026-07-23,iran_hormuz_12th_night_brent94,2026-07-23/news_01.md,GC=F,5,-0.34,-1.1,-2.76,1.11,31,"risk-off in accelerazione (12ª notte + spillover a Kuwait/Jordan/Bahrain, mediazione ancora ""richiesta"" ma non avviata)",medium,1,2026-07-23,-0.9448,1,1,0.6048,2026-08-03
2026-07-23,iran_hormuz_12th_night_brent94,2026-07-23/news_01.md,GC=F,10,-1.41,-1.94,-4.75,0.54,31,"risk-off in accelerazione (12ª notte + spillover a Kuwait/Jordan/Bahrain, mediazione ancora ""richiesta"" ma non avviata)",medium,1,2026-07-23,4.6923,0,0,6.1023,2026-08-10
2026-07-23,iran_hormuz_12th_night_brent94,2026-07-23/news_01.md,JPY=X,1,0.01,0.03,-0.2,0.33,30,"risk-off in accelerazione (12ª notte + spillover a Kuwait/Jordan/Bahrain, mediazione ancora ""richiesta"" ma non avviata)",medium,0,2026-07-23,0.4237,0,,0.4137,2026-07-27
2026-07-23,iran_hormuz_12th_night_brent94,2026-07-23/news_01.md,JPY=X,3,0.06,0.07,-0.55,0.58,29,"risk-off in accelerazione (12ª notte + spillover a Kuwait/Jordan/Bahrain, mediazione ancora ""richiesta"" ma non avviata)",medium,0,2026-07-23,0.3820,1,,0.3220,2026-08-03
2026-07-23,iran_hormuz_12th_night_brent94,2026-07-23/news_01.md,JPY=X,5,0.31,0.27,-0.08,0.65,30,"risk-off in accelerazione (12ª notte + spillover a Kuwait/Jordan/Bahrain, mediazione ancora ""richiesta"" ma non avviata)",medium,1,2026-07-23,0.2655,1,1,0.0445,2026-08-03
2026-07-23,iran_hormuz_12th_night_brent94,2026-07-23/news_01.md,JPY=X,10,0.37,0.4,-0.23,0.9,30,"risk-off in accelerazione (12ª notte + spillover a Kuwait/Jordan/Bahrain, mediazione ancora ""richiesta"" ma non avviata)",medium,1,2026-07-23,-3.3084,0,0,3.6784,2026-08-10
2026-07-23,iran_hormuz_12th_night_brent94,2026-07-23/news_01.md,^GSPC,1,0.13,0.18,-0.3,0.62,31,"risk-off in accelerazione (12ª notte + spillover a Kuwait/Jordan/Bahrain, mediazione ancora ""richiesta"" ma non avviata)",medium,1,2026-07-23,0.0497,1,1,0.0803,2026-07-27
2026-07-23,iran_hormuz_12th_night_brent94,2026-07-23/news_01.md,^GSPC,3,0.41,0.31,-0.28,0.94,31,"risk-off in accelerazione (12ª notte + spillover a Kuwait/Jordan/Bahrain, mediazione ancora ""richiesta"" ma non avviata)",medium,1,2026-07-23,0.2764,1,1,0.1336,2026-08-03
2026-07-23,iran_hormuz_12th_night_brent94,2026-07-23/news_01.md,^GSPC,5,0.55,0.25,-1.14,1.16,31,"risk-off in accelerazione (12ª notte + spillover a Kuwait/Jordan/Bahrain, mediazione ancora ""richiesta"" ma non avviata)",medium,1,2026-07-23,0.3959,1,1,0.1541,2026-08-03
2026-07-23,iran_hormuz_12th_night_brent94,2026-07-23/news_01.md,^GSPC,10,-0.34,0.27,-0.74,2.07,31,"risk-off in accelerazione (12ª notte + spillover a Kuwait/Jordan/Bahrain, mediazione ancora ""richiesta"" ma non avviata)",medium,1,2026-07-23,4.0719,0,0,4.4119,2026-08-10
2026-07-23,iran_hormuz_12th_night_brent94,2026-07-23/news_01.md,^VIX,1,-3.3,-1.39,-5.81,2.83,31,"risk-off in accelerazione (12ª notte + spillover a Kuwait/Jordan/Bahrain, mediazione ancora ""richiesta"" ma non avviata)",medium,1,2026-07-23,-0.6417,1,1,2.6583,2026-07-27
2026-07-23,iran_hormuz_12th_night_brent94,2026-07-23/news_01.md,^VIX,3,-4.23,-2.07,-6.52,3.58,31,"risk-off in accelerazione (12ª notte + spillover a Kuwait/Jordan/Bahrain, mediazione ancora ""richiesta"" ma non avviata)",medium,1,2026-07-23,10.4813,0,0,14.7113,2026-08-03
2026-07-23,iran_hormuz_12th_night_brent94,2026-07-23/news_01.md,^VIX,5,-3.65,0.7,-9.51,6.85,31,"risk-off in accelerazione (12ª notte + spillover a Kuwait/Jordan/Bahrain, mediazione ancora ""richiesta"" ma non avviata)",medium,1,2026-07-23,-14.4920,0,1,10.8420,2026-08-03
2026-07-23,iran_hormuz_12th_night_brent94,2026-07-23/news_01.md,^VIX,10,-0.79,2.01,-9.55,9.83,31,"risk-off in accelerazione (12ª notte + spillover a Kuwait/Jordan/Bahrain, mediazione ancora ""richiesta"" ma non avviata)",medium,1,2026-07-23,-20.3209,0,1,19.5309,2026-08-10
2026-07-23,trump_section122_expires_tariff_wave,2026-07-23/news_05.md,BRL=X,1,0.78,0.61,-0.26,1.11,17,risk-off contenuto (canale FX + auto/acciaio più che equity broad),medium,1,2026-07-23,0.4135,1,1,0.3665,2026-07-27
2026-07-23,trump_section122_expires_tariff_wave,2026-07-23/news_05.md,BRL=X,3,1.02,1.46,-0.25,2.79,17,risk-off contenuto (canale FX + auto/acciaio più che equity broad),medium,1,2026-07-23,0.6490,1,1,0.3710,2026-07-27
2026-07-23,trump_section122_expires_tariff_wave,2026-07-23/news_05.md,BRL=X,5,0.5,0.85,-0.59,1.63,17,risk-off contenuto (canale FX + auto/acciaio più che equity broad),medium,1,2026-07-23,1.2900,1,1,0.7900,2026-08-03
2026-07-23,trump_section122_expires_tariff_wave,2026-07-23/news_05.md,BRL=X,10,1.14,0.65,-0.6,2.41,17,risk-off contenuto (canale FX + auto/acciaio più che equity broad),medium,1,2026-07-23,0.6964,1,1,0.4436,2026-08-10
2026-07-23,trump_section122_expires_tariff_wave,2026-07-23/news_05.md,CNY=X,1,0.02,0.15,-0.0,0.22,17,risk-off contenuto (canale FX + auto/acciaio più che equity broad),medium,0,2026-07-23,0.0975,1,,0.0775,2026-07-27
2026-07-23,trump_section122_expires_tariff_wave,2026-07-23/news_05.md,CNY=X,3,0.02,0.09,-0.27,0.36,17,risk-off contenuto (canale FX + auto/acciaio più che equity broad),medium,0,2026-07-23,0.0414,1,,0.0214,2026-07-27
2026-07-23,trump_section122_expires_tariff_wave,2026-07-23/news_05.md,CNY=X,5,-0.13,0.03,-0.3,0.28,17,risk-off contenuto (canale FX + auto/acciaio più che equity broad),medium,1,2026-07-23,-0.0222,1,1,0.1078,2026-08-03
2026-07-23,trump_section122_expires_tariff_wave,2026-07-23/news_05.md,CNY=X,10,0.19,0.22,-0.29,0.47,17,risk-off contenuto (canale FX + auto/acciaio più che equity broad),medium,1,2026-07-23,-0.2733,1,0,0.4633,2026-08-03
2026-07-23,trump_section122_expires_tariff_wave,2026-07-23/news_05.md,DX-Y.NYB,1,-0.04,-0.09,-0.31,0.23,17,risk-off contenuto (canale FX + auto/acciaio più che equity broad),medium,0,2026-07-23,0.4713,0,,0.5113,2026-07-27
2026-07-23,trump_section122_expires_tariff_wave,2026-07-23/news_05.md,DX-Y.NYB,3,-0.31,-0.16,-0.55,0.28,17,risk-off contenuto (canale FX + auto/acciaio più che equity broad),medium,1,2026-07-23,0.5624,0,0,0.8724,2026-08-03
2026-07-23,trump_section122_expires_tariff_wave,2026-07-23/news_05.md,DX-Y.NYB,5,-0.28,-0.54,-0.88,0.14,17,risk-off contenuto (canale FX + auto/acciaio più che equity broad),medium,1,2026-07-23,-0.0624,1,1,0.2176,2026-08-03
2026-07-23,trump_section122_expires_tariff_wave,2026-07-23/news_05.md,DX-Y.NYB,10,0.28,-0.51,-1.56,0.84,17,risk-off contenuto (canale FX + auto/acciaio più che equity broad),medium,1,2026-07-23,-1.2576,1,0,1.5376,2026-08-10
2026-07-23,trump_section122_expires_tariff_wave,2026-07-23/news_05.md,EEM,1,-0.11,-0.26,-1.22,0.96,17,risk-off contenuto (canale FX + auto/acciaio più che equity broad),medium,1,2026-07-23,-1.9659,0,1,1.8559,2026-07-27
2026-07-23,trump_section122_expires_tariff_wave,2026-07-23/news_05.md,EEM,3,0.81,0.2,-0.99,1.5,17,risk-off contenuto (canale FX + auto/acciaio più che equity broad),medium,1,2026-07-23,-3.4675,0,0,4.2775,2026-08-03
2026-07-23,trump_section122_expires_tariff_wave,2026-07-23/news_05.md,EEM,5,0.89,0.92,-1.13,2.77,17,risk-off contenuto (canale FX + auto/acciaio più che equity broad),medium,1,2026-07-23,-1.5635,0,0,2.4535,2026-08-03
2026-07-23,trump_section122_expires_tariff_wave,2026-07-23/news_05.md,EEM,10,-0.07,0.51,-1.63,3.25,17,risk-off contenuto (canale FX + auto/acciaio più che equity broad),medium,0,2026-07-23,0.6502,1,,0.7202,2026-08-10
2026-07-23,trump_section122_expires_tariff_wave,2026-07-23/news_05.md,EWZ,1,0.33,0.47,-0.88,1.66,17,risk-off contenuto (canale FX + auto/acciaio più che equity broad),medium,1,2026-07-23,-1.2165,0,0,1.5465,2026-07-27
2026-07-23,trump_section122_expires_tariff_wave,2026-07-23/news_05.md,EWZ,3,0.0,-0.39,-2.89,2.41,17,risk-off contenuto (canale FX + auto/acciaio più che equity broad),medium,0,2026-07-23,-0.3318,1,,0.3318,2026-08-03
2026-07-23,trump_section122_expires_tariff_wave,2026-07-23/news_05.md,EWZ,5,-0.11,0.89,-2.37,4.64,17,risk-off contenuto (canale FX + auto/acciaio più che equity broad),medium,1,2026-07-23,0.9953,1,0,1.1053,2026-08-03
2026-07-23,trump_section122_expires_tariff_wave,2026-07-23/news_05.md,EWZ,10,0.36,1.28,-2.13,4.29,17,risk-off contenuto (canale FX + auto/acciaio più che equity broad),medium,1,2026-07-23,-0.9953,1,0,1.3553,2026-08-10
2026-07-23,trump_section122_expires_tariff_wave,2026-07-23/news_05.md,^GSPC,1,0.18,-0.07,-0.39,0.86,17,risk-off contenuto (canale FX + auto/acciaio più che equity broad),medium,1,2026-07-23,0.0497,1,1,0.1303,2026-07-27
2026-07-23,trump_section122_expires_tariff_wave,2026-07-23/news_05.md,^GSPC,3,0.46,0.04,-1.25,1.59,17,risk-off contenuto (canale FX + auto/acciaio più che equity broad),medium,1,2026-07-23,0.2764,1,1,0.1836,2026-08-03
2026-07-23,trump_section122_expires_tariff_wave,2026-07-23/news_05.md,^GSPC,5,0.84,0.7,-0.8,1.42,17,risk-off contenuto (canale FX + auto/acciaio più che equity broad),medium,1,2026-07-23,0.3959,1,1,0.4441,2026-08-03
2026-07-23,trump_section122_expires_tariff_wave,2026-07-23/news_05.md,^GSPC,10,0.11,-0.04,-2.2,3.04,17,risk-off contenuto (canale FX + auto/acciaio più che equity broad),medium,1,2026-07-23,4.0719,0,1,3.9619,2026-08-10
2026-07-23,trump_section122_expires_tariff_wave,2026-07-23/news_05.md,^VIX,1,-0.4,0.17,-6.51,3.69,17,risk-off contenuto (canale FX + auto/acciaio più che equity broad),medium,1,2026-07-23,-0.6417,1,1,0.2417,2026-07-27
2026-07-23,trump_section122_expires_tariff_wave,2026-07-23/news_05.md,^VIX,3,-7.23,3.3,-14.64,6.76,17,risk-off contenuto (canale FX + auto/acciaio più che equity broad),medium,1,2026-07-23,10.4813,0,0,17.7113,2026-08-03
2026-07-23,trump_section122_expires_tariff_wave,2026-07-23/news_05.md,^VIX,5,-14.44,-4.47,-19.19,4.52,17,risk-off contenuto (canale FX + auto/acciaio più che equity broad),medium,1,2026-07-23,-14.4920,1,1,0.0520,2026-08-03
2026-07-23,trump_section122_expires_tariff_wave,2026-07-23/news_05.md,^VIX,10,-8.39,-3.14,-17.21,9.89,17,risk-off contenuto (canale FX + auto/acciaio più che equity broad),medium,1,2026-07-23,-20.3209,0,1,11.9309,2026-08-10
2026-07-23,ukraine_strikes_russian_refinery,2026-07-23/news_02.md,BZ=F,1,0.45,-0.15,-1.16,1.67,25,risk-off contenuto sul canale energia (non equity-driven),medium,1,2026-07-23,0.6552,1,1,0.2052,2026-07-27
2026-07-23,ukraine_strikes_russian_refinery,2026-07-23/news_02.md,BZ=F,3,1.09,-0.08,-1.0,2.96,25,risk-off contenuto sul canale energia (non equity-driven),medium,1,2026-07-23,-8.8508,0,0,9.9408,2026-08-03
2026-07-23,ukraine_strikes_russian_refinery,2026-07-23/news_02.md,BZ=F,5,0.16,-1.08,-5.67,2.92,25,risk-off contenuto sul canale energia (non equity-driven),medium,1,2026-07-23,-5.2210,1,0,5.3810,2026-08-03
2026-07-23,ukraine_strikes_russian_refinery,2026-07-23/news_02.md,BZ=F,10,-2.59,-2.57,-7.98,1.24,25,risk-off contenuto sul canale energia (non equity-driven),medium,1,2026-07-23,-13.1045,0,1,10.5145,2026-08-10
2026-07-23,ukraine_strikes_russian_refinery,2026-07-23/news_02.md,EURUSD=X,1,-0.11,-0.15,-0.46,0.24,25,risk-off contenuto sul canale energia (non equity-driven),medium,1,2026-07-23,-0.5119,0,1,0.4019,2026-07-27
2026-07-23,ukraine_strikes_russian_refinery,2026-07-23/news_02.md,EURUSD=X,3,-0.02,-0.16,-0.56,0.34,25,risk-off contenuto sul canale energia (non equity-driven),medium,0,2026-07-23,-0.5571,1,,0.5371,2026-08-03
2026-07-23,ukraine_strikes_russian_refinery,2026-07-23/news_02.md,EURUSD=X,5,-0.45,-0.35,-1.09,0.61,25,risk-off contenuto sul canale energia (non equity-driven),medium,1,2026-07-23,0.1718,1,0,0.6218,2026-08-03
2026-07-23,ukraine_strikes_russian_refinery,2026-07-23/news_02.md,EURUSD=X,10,-0.62,-0.27,-1.03,0.39,25,risk-off contenuto sul canale energia (non equity-driven),medium,1,2026-07-23,1.0397,0,0,1.6597,2026-08-10
2026-07-23,ukraine_strikes_russian_refinery,2026-07-23/news_02.md,GC=F,1,0.1,-0.04,-0.33,0.69,25,risk-off contenuto sul canale energia (non equity-driven),medium,1,2026-07-23,-1.3857,0,0,1.4857,2026-07-27
2026-07-23,ukraine_strikes_russian_refinery,2026-07-23/news_02.md,GC=F,3,0.15,0.08,-0.68,1.44,25,risk-off contenuto sul canale energia (non equity-driven),medium,1,2026-07-23,-2.0833,0,0,2.2333,2026-08-03
2026-07-23,ukraine_strikes_russian_refinery,2026-07-23/news_02.md,GC=F,5,0.42,0.05,-1.1,1.44,25,risk-off contenuto sul canale energia (non equity-driven),medium,1,2026-07-23,-0.9448,1,0,1.3648,2026-08-03
2026-07-23,ukraine_strikes_russian_refinery,2026-07-23/news_02.md,GC=F,10,0.7,0.62,-0.21,2.97,25,risk-off contenuto sul canale energia (non equity-driven),medium,1,2026-07-23,4.6923,0,1,3.9923,2026-08-10
2026-07-23,ukraine_strikes_russian_refinery,2026-07-23/news_02.md,TTF=F,1,0.13,-1.53,-4.1,2.74,25,risk-off contenuto sul canale energia (non equity-driven),medium,1,2026-07-23,2.4347,1,1,2.3047,2026-07-27
2026-07-23,ukraine_strikes_russian_refinery,2026-07-23/news_02.md,TTF=F,3,1.76,0.31,-2.92,4.44,25,risk-off contenuto sul canale energia (non equity-driven),medium,1,2026-07-23,-6.7223,0,0,8.4823,2026-08-03
2026-07-23,ukraine_strikes_russian_refinery,2026-07-23/news_02.md,TTF=F,5,1.4,1.91,-2.38,5.88,25,risk-off contenuto sul canale energia (non equity-driven),medium,1,2026-07-23,-6.0050,0,0,7.4050,2026-08-03
2026-07-23,ukraine_strikes_russian_refinery,2026-07-23/news_02.md,TTF=F,10,3.08,-0.49,-7.01,9.31,25,risk-off contenuto sul canale energia (non equity-driven),medium,1,2026-07-23,-9.9018,0,0,12.9818,2026-08-10
2026-07-23,ukraine_strikes_russian_refinery,2026-07-23/news_02.md,^GDAXI,1,0.11,0.57,-0.37,0.77,25,risk-off contenuto sul canale energia (non equity-driven),medium,1,2026-07-23,1.3564,0,1,1.2464,2026-07-27
2026-07-23,ukraine_strikes_russian_refinery,2026-07-23/news_02.md,^GDAXI,3,0.49,0.49,-0.59,1.12,25,risk-off contenuto sul canale energia (non equity-driven),medium,1,2026-07-23,2.8161,0,1,2.3261,2026-08-03
2026-07-23,ukraine_strikes_russian_refinery,2026-07-23/news_02.md,^GDAXI,5,0.3,0.87,-0.92,2.04,25,risk-off contenuto sul canale energia (non equity-driven),medium,1,2026-07-23,3.4976,0,1,3.1976,2026-08-03
2026-07-23,ukraine_strikes_russian_refinery,2026-07-23/news_02.md,^GDAXI,10,1.79,1.45,-0.77,2.87,25,risk-off contenuto sul canale energia (non equity-driven),medium,1,2026-07-23,6.2849,0,1,4.4949,2026-08-10
2026-07-23,ukraine_strikes_russian_refinery,2026-07-23/news_02.md,^STOXX50E,1,0.21,0.52,-0.44,0.71,25,risk-off contenuto sul canale energia (non equity-driven),medium,1,2026-07-23,1.1396,0,1,0.9296,2026-07-27
2026-07-23,ukraine_strikes_russian_refinery,2026-07-23/news_02.md,^STOXX50E,3,0.28,0.47,-0.89,1.42,25,risk-off contenuto sul canale energia (non equity-driven),medium,1,2026-07-23,0.6227,1,1,0.3427,2026-08-03
2026-07-23,ukraine_strikes_russian_refinery,2026-07-23/news_02.md,^STOXX50E,5,0.54,0.95,-0.88,2.69,25,risk-off contenuto sul canale energia (non equity-driven),medium,1,2026-07-23,2.3806,1,1,1.8406,2026-08-03
2026-07-23,ukraine_strikes_russian_refinery,2026-07-23/news_02.md,^STOXX50E,10,1.63,1.37,-1.43,3.54,25,risk-off contenuto sul canale energia (non equity-driven),medium,1,2026-07-23,5.0512,0,1,3.4212,2026-08-10
2026-07-24,ecb-hawkish-hold,2026-07-24/news_02.md,BTP_BUND_SPREAD,1,0.99,1.41,-0.77,3.25,16,"negative per bond e equity, positivo per euro",high,1,2026-07-24,-2.3648,0,0,3.3548,2026-08-03
2026-07-24,ecb-hawkish-hold,2026-07-24/news_02.md,BTP_BUND_SPREAD,3,1.42,2.05,-2.67,4.46,16,"negative per bond e equity, positivo per euro",high,1,2026-07-24,1.0429,1,1,0.3771,2026-08-03
2026-07-24,ecb-hawkish-hold,2026-07-24/news_02.md,BTP_BUND_SPREAD,5,1.27,1.36,-3.66,3.48,16,"negative per bond e equity, positivo per euro",high,1,2026-07-24,-1.2127,1,0,2.4827,2026-08-03
2026-07-24,ecb-hawkish-hold,2026-07-24/news_02.md,BTP_BUND_SPREAD,10,-0.8,0.16,-5.45,6.29,16,"negative per bond e equity, positivo per euro",high,1,2026-07-24,-6.8154,0,1,6.0154,2026-08-10
2026-07-24,ecb-hawkish-hold,2026-07-24/news_02.md,EURUSD=X,1,-0.14,-0.21,-0.9,0.25,16,"negative per bond e equity, positivo per euro",high,1,2026-07-24,0.2966,0,0,0.4366,2026-07-27
2026-07-24,ecb-hawkish-hold,2026-07-24/news_02.md,EURUSD=X,3,-0.48,-0.49,-1.48,0.58,16,"negative per bond e equity, positivo per euro",high,1,2026-07-24,0.0683,1,0,0.5483,2026-08-03
2026-07-24,ecb-hawkish-hold,2026-07-24/news_02.md,EURUSD=X,5,-0.65,-0.4,-1.25,0.77,16,"negative per bond e equity, positivo per euro",high,1,2026-07-24,1.3372,0,0,1.9872,2026-08-03
2026-07-24,ecb-hawkish-hold,2026-07-24/news_02.md,EURUSD=X,10,-0.58,-0.33,-1.49,0.82,16,"negative per bond e equity, positivo per euro",high,1,2026-07-24,1.6418,0,0,2.2218,2026-08-10
2026-07-24,ecb-hawkish-hold,2026-07-24/news_02.md,FTSEMIB.MI,1,-0.22,-0.41,-0.83,0.51,16,"negative per bond e equity, positivo per euro",high,1,2026-07-24,0.4880,1,0,0.7080,2026-08-03
2026-07-24,ecb-hawkish-hold,2026-07-24/news_02.md,FTSEMIB.MI,3,-0.29,-0.57,-0.87,0.97,16,"negative per bond e equity, positivo per euro",high,1,2026-07-24,0.5825,1,0,0.8725,2026-08-03
2026-07-24,ecb-hawkish-hold,2026-07-24/news_02.md,FTSEMIB.MI,5,0.06,-0.48,-1.33,1.52,16,"negative per bond e equity, positivo per euro",high,0,2026-07-24,2.0646,0,,2.0046,2026-08-10
2026-07-24,ecb-hawkish-hold,2026-07-24/news_02.md,FTSEMIB.MI,10,0.63,0.43,-2.07,2.29,16,"negative per bond e equity, positivo per euro",high,1,2026-07-24,3.5938,0,1,2.9638,2026-08-17
2026-07-24,ecb-hawkish-hold,2026-07-24/news_02.md,IEAG.AS,1,-0.21,-0.07,-0.45,0.32,16,"negative per bond e equity, positivo per euro",high,1,2026-07-24,0.2744,1,0,0.4844,2026-08-03
2026-07-24,ecb-hawkish-hold,2026-07-24/news_02.md,IEAG.AS,3,-0.22,-0.35,-0.87,0.26,16,"negative per bond e equity, positivo per euro",high,1,2026-07-24,0.0946,1,0,0.3146,2026-08-03
2026-07-24,ecb-hawkish-hold,2026-07-24/news_02.md,IEAG.AS,5,-0.17,-0.24,-1.02,0.25,16,"negative per bond e equity, positivo per euro",high,1,2026-07-24,0.0000,1,1,0.1700,2026-08-03
2026-07-24,ecb-hawkish-hold,2026-07-24/news_02.md,IEAG.AS,10,-0.26,-0.37,-1.53,0.37,16,"negative per bond e equity, positivo per euro",high,1,2026-07-24,0.4257,0,0,0.6857,2026-08-10
2026-07-24,ecb-hawkish-hold,2026-07-24/news_02.md,^GDAXI,1,0.15,-0.08,-0.75,0.54,16,"negative per bond e equity, positivo per euro",high,1,2026-07-24,1.0440,0,1,0.8940,2026-08-03
2026-07-24,ecb-hawkish-hold,2026-07-24/news_02.md,^GDAXI,3,-0.81,-0.69,-1.11,0.9,16,"negative per bond e equity, positivo per euro",high,1,2026-07-24,2.0440,0,0,2.8540,2026-08-03
2026-07-24,ecb-hawkish-hold,2026-07-24/news_02.md,^GDAXI,5,-0.48,-1.02,-1.6,0.46,16,"negative per bond e equity, positivo per euro",high,1,2026-07-24,3.5950,0,0,4.0750,2026-08-10
2026-07-24,ecb-hawkish-hold,2026-07-24/news_02.md,^GDAXI,10,-0.15,-0.29,-2.59,2.2,16,"negative per bond e equity, positivo per euro",high,1,2026-07-24,4.8802,0,0,5.0302,2026-08-17
2026-07-24,ecb-hawkish-hold,2026-07-24/news_02.md,^STOXX50E,1,0.3,-0.13,-0.94,0.69,16,"negative per bond e equity, positivo per euro",high,1,2026-07-24,0.0202,1,1,0.2798,2026-08-03
2026-07-24,ecb-hawkish-hold,2026-07-24/news_02.md,^STOXX50E,3,-0.67,-0.84,-0.91,0.92,16,"negative per bond e equity, positivo per euro",high,1,2026-07-24,1.0104,0,0,1.6804,2026-08-03
2026-07-24,ecb-hawkish-hold,2026-07-24/news_02.md,^STOXX50E,5,-0.32,-1.15,-1.56,0.6,16,"negative per bond e equity, positivo per euro",high,1,2026-07-24,2.3175,0,0,2.6375,2026-08-10
2026-07-24,ecb-hawkish-hold,2026-07-24/news_02.md,^STOXX50E,10,-0.58,-0.47,-2.51,1.62,16,"negative per bond e equity, positivo per euro",high,1,2026-07-24,4.0548,0,0,4.6348,2026-08-17
2026-07-24,fed-hike-odds-repricing,2026-07-24/news_03.md,DX-Y.NYB,1,0.04,0.13,-0.18,0.44,15,"hawkish (negative per bond e growth equity, positivo per USD)",medium,0,2026-07-24,-0.2592,0,,0.2992,2026-07-27
2026-07-24,fed-hike-odds-repricing,2026-07-24/news_03.md,DX-Y.NYB,3,0.26,0.36,-0.28,0.78,15,"hawkish (negative per bond e growth equity, positivo per USD)",medium,1,2026-07-24,-0.0414,1,0,0.3014,2026-08-03
2026-07-24,fed-hike-odds-repricing,2026-07-24/news_03.md,DX-Y.NYB,5,0.65,0.25,-0.55,0.83,15,"hawkish (negative per bond e growth equity, positivo per USD)",medium,1,2026-07-24,-1.6380,0,0,2.2880,2026-08-03
2026-07-24,fed-hike-odds-repricing,2026-07-24/news_03.md,DX-Y.NYB,10,0.39,0.3,-0.63,1.03,15,"hawkish (negative per bond e growth equity, positivo per USD)",medium,1,2026-07-24,-1.8341,0,0,2.2241,2026-08-10
2026-07-24,fed-hike-odds-repricing,2026-07-24/news_03.md,IEF,1,-0.13,-0.09,-0.5,0.26,15,"hawkish (negative per bond e growth equity, positivo per USD)",medium,1,2026-07-24,0.2687,0,0,0.3987,2026-08-03
2026-07-24,fed-hike-odds-repricing,2026-07-24/news_03.md,IEF,3,-0.14,-0.29,-0.98,0.59,15,"hawkish (negative per bond e growth equity, positivo per USD)",medium,1,2026-07-24,0.1505,1,0,0.2905,2026-08-03
2026-07-24,fed-hike-odds-repricing,2026-07-24/news_03.md,IEF,5,-0.2,-0.08,-1.27,0.89,15,"hawkish (negative per bond e growth equity, positivo per USD)",medium,1,2026-07-24,-0.0860,1,1,0.1140,2026-08-03
2026-07-24,fed-hike-odds-repricing,2026-07-24/news_03.md,IEF,10,-0.46,-0.34,-2.01,0.83,15,"hawkish (negative per bond e growth equity, positivo per USD)",medium,1,2026-07-24,0.1505,1,0,0.6105,2026-08-10
2026-07-24,fed-hike-odds-repricing,2026-07-24/news_03.md,^GSPC,1,-0.22,-0.17,-0.98,0.7,15,"hawkish (negative per bond e growth equity, positivo per USD)",medium,1,2026-07-24,0.0162,1,0,0.2362,2026-08-03
2026-07-24,fed-hike-odds-repricing,2026-07-24/news_03.md,^GSPC,3,-1.36,-1.02,-2.26,1.19,15,"hawkish (negative per bond e growth equity, positivo per USD)",medium,1,2026-07-24,-1.2929,1,1,0.0671,2026-08-03
2026-07-24,fed-hike-odds-repricing,2026-07-24/news_03.md,^GSPC,5,0.25,-0.14,-1.81,1.34,15,"hawkish (negative per bond e growth equity, positivo per USD)",medium,1,2026-07-24,1.0488,1,1,0.7988,2026-08-03
2026-07-24,fed-hike-odds-repricing,2026-07-24/news_03.md,^GSPC,10,1.0,0.62,-1.23,2.39,15,"hawkish (negative per bond e growth equity, positivo per USD)",medium,1,2026-07-24,4.6635,0,1,3.6635,2026-08-10
2026-07-24,fed-hike-odds-repricing,2026-07-24/news_03.md,^TNX,1,-0.5,0.38,-1.2,2.26,15,"hawkish (negative per bond e growth equity, positivo per USD)",medium,1,2026-07-24,-0.8121,1,1,0.3121,2026-08-03
2026-07-24,fed-hike-odds-repricing,2026-07-24/news_03.md,^TNX,3,0.97,1.08,-1.7,3.39,15,"hawkish (negative per bond e growth equity, positivo per USD)",medium,1,2026-07-24,-1.2182,1,0,2.1882,2026-08-03
2026-07-24,fed-hike-odds-repricing,2026-07-24/news_03.md,^TNX,5,1.37,0.5,-2.27,4.79,15,"hawkish (negative per bond e growth equity, positivo per USD)",medium,1,2026-07-24,1.4106,1,1,0.0406,2026-08-03
2026-07-24,fed-hike-odds-repricing,2026-07-24/news_03.md,^TNX,10,2.27,1.57,-2.7,7.98,15,"hawkish (negative per bond e growth equity, positivo per USD)",medium,1,2026-07-24,-0.4061,1,0,2.6761,2026-08-10
2026-07-24,intel-ai-beat-capex-fears,2026-07-24/news_05.md,SOXX,1,0.91,1.12,-0.77,2.32,15,"mixed (positivo Intel/chip, negativo mega-cap hyperscaler)",medium,1,2026-07-24,-2.0455,0,0,2.9555,2026-08-03
2026-07-24,intel-ai-beat-capex-fears,2026-07-24/news_05.md,SOXX,3,0.32,0.19,-0.83,2.5,15,"mixed (positivo Intel/chip, negativo mega-cap hyperscaler)",medium,1,2026-07-24,-11.7664,0,0,12.0864,2026-08-03
2026-07-24,intel-ai-beat-capex-fears,2026-07-24/news_05.md,SOXX,5,1.34,0.51,-2.71,3.78,15,"mixed (positivo Intel/chip, negativo mega-cap hyperscaler)",medium,1,2026-07-24,-4.1973,0,0,5.5373,2026-08-03
2026-07-24,intel-ai-beat-capex-fears,2026-07-24/news_05.md,SOXX,10,2.69,3.82,-0.77,6.09,15,"mixed (positivo Intel/chip, negativo mega-cap hyperscaler)",medium,1,2026-07-24,3.0853,1,1,0.3953,2026-08-10
2026-07-24,intel-ai-beat-capex-fears,2026-07-24/news_05.md,^GSPC,1,0.7,0.4,0.12,0.97,15,"mixed (positivo Intel/chip, negativo mega-cap hyperscaler)",medium,1,2026-07-24,0.0162,0,1,0.6838,2026-08-03
2026-07-24,intel-ai-beat-capex-fears,2026-07-24/news_05.md,^GSPC,3,-0.74,-0.22,-1.27,0.79,15,"mixed (positivo Intel/chip, negativo mega-cap hyperscaler)",medium,1,2026-07-24,-1.2929,0,1,0.5529,2026-08-03
2026-07-24,intel-ai-beat-capex-fears,2026-07-24/news_05.md,^GSPC,5,0.01,-0.01,-0.56,0.51,15,"mixed (positivo Intel/chip, negativo mega-cap hyperscaler)",medium,0,2026-07-24,1.0488,0,,1.0388,2026-08-03
2026-07-24,intel-ai-beat-capex-fears,2026-07-24/news_05.md,^GSPC,10,1.27,0.95,0.41,2.44,15,"mixed (positivo Intel/chip, negativo mega-cap hyperscaler)",medium,1,2026-07-24,4.6635,0,1,3.3935,2026-08-10
2026-07-24,intel-ai-beat-capex-fears,2026-07-24/news_05.md,^NDX,1,0.99,0.64,-0.21,1.58,15,"mixed (positivo Intel/chip, negativo mega-cap hyperscaler)",medium,1,2026-07-24,-0.3169,0,0,1.3069,2026-08-03
2026-07-24,intel-ai-beat-capex-fears,2026-07-24/news_05.md,^NDX,3,-0.19,0.08,-1.2,1.44,15,"mixed (positivo Intel/chip, negativo mega-cap hyperscaler)",medium,1,2026-07-24,-3.3277,0,1,3.1377,2026-08-03
2026-07-24,intel-ai-beat-capex-fears,2026-07-24/news_05.md,^NDX,5,0.61,0.28,-1.16,1.75,15,"mixed (positivo Intel/chip, negativo mega-cap hyperscaler)",medium,1,2026-07-24,0.5185,1,1,0.0915,2026-08-03
2026-07-24,intel-ai-beat-capex-fears,2026-07-24/news_05.md,^NDX,10,1.64,1.63,1.14,3.61,15,"mixed (positivo Intel/chip, negativo mega-cap hyperscaler)",medium,1,2026-07-24,5.6667,0,1,4.0267,2026-08-10
2026-07-24,jobless-claims-187k-1969-low,2026-07-24/news_04.md,DX-Y.NYB,1,0.17,0.17,-0.02,0.29,15,"hawkish (positivo per USD/tassi, negativo per bond e possibile pressione su equity)",medium,1,2026-07-24,-0.2592,0,0,0.4292,2026-07-27
2026-07-24,jobless-claims-187k-1969-low,2026-07-24/news_04.md,DX-Y.NYB,3,0.08,0.11,-0.12,0.47,15,"hawkish (positivo per USD/tassi, negativo per bond e possibile pressione su equity)",medium,0,2026-07-24,-0.0414,1,,0.1214,2026-08-03
2026-07-24,jobless-claims-187k-1969-low,2026-07-24/news_04.md,DX-Y.NYB,5,0.15,0.01,-0.35,0.63,15,"hawkish (positivo per USD/tassi, negativo per bond e possibile pressione su equity)",medium,1,2026-07-24,-1.6380,0,0,1.7880,2026-08-03
2026-07-24,jobless-claims-187k-1969-low,2026-07-24/news_04.md,DX-Y.NYB,10,0.35,-0.14,-0.47,0.91,15,"hawkish (positivo per USD/tassi, negativo per bond e possibile pressione su equity)",medium,1,2026-07-24,-1.8341,0,0,2.1841,2026-08-10
2026-07-24,jobless-claims-187k-1969-low,2026-07-24/news_04.md,^GSPC,1,-0.32,-0.5,-0.68,-0.08,15,"hawkish (positivo per USD/tassi, negativo per bond e possibile pressione su equity)",medium,1,2026-07-24,0.0162,0,0,0.3362,2026-08-03
2026-07-24,jobless-claims-187k-1969-low,2026-07-24/news_04.md,^GSPC,3,0.71,0.32,-1.09,1.7,15,"hawkish (positivo per USD/tassi, negativo per bond e possibile pressione su equity)",medium,1,2026-07-24,-1.2929,0,0,2.0029,2026-08-03
2026-07-24,jobless-claims-187k-1969-low,2026-07-24/news_04.md,^GSPC,5,0.39,0.16,-1.47,1.71,15,"hawkish (positivo per USD/tassi, negativo per bond e possibile pressione su equity)",medium,1,2026-07-24,1.0488,1,1,0.6588,2026-08-03
2026-07-24,jobless-claims-187k-1969-low,2026-07-24/news_04.md,^GSPC,10,1.66,0.44,-1.6,2.49,15,"hawkish (positivo per USD/tassi, negativo per bond e possibile pressione su equity)",medium,1,2026-07-24,4.6635,0,1,3.0035,2026-08-10
2026-07-24,jobless-claims-187k-1969-low,2026-07-24/news_04.md,^TNX,1,0.57,0.65,-0.34,1.37,15,"hawkish (positivo per USD/tassi, negativo per bond e possibile pressione su equity)",medium,1,2026-07-24,-0.8121,0,0,1.3821,2026-08-03
2026-07-24,jobless-claims-187k-1969-low,2026-07-24/news_04.md,^TNX,3,0.49,1.54,-0.32,2.71,15,"hawkish (positivo per USD/tassi, negativo per bond e possibile pressione su equity)",medium,1,2026-07-24,-1.2182,0,0,1.7082,2026-08-03
2026-07-24,jobless-claims-187k-1969-low,2026-07-24/news_04.md,^TNX,5,1.46,1.78,-1.58,3.75,15,"hawkish (positivo per USD/tassi, negativo per bond e possibile pressione su equity)",medium,1,2026-07-24,1.4106,1,1,0.0494,2026-08-03
2026-07-24,jobless-claims-187k-1969-low,2026-07-24/news_04.md,^TNX,10,2.31,3.21,0.45,7.44,15,"hawkish (positivo per USD/tassi, negativo per bond e possibile pressione su equity)",medium,1,2026-07-24,-0.4061,0,0,2.7161,2026-08-10
2026-07-24,oil-war-shock,2026-07-24/news_01.md,BZ=F,1,-0.11,-1.07,-1.46,0.8,19,"negative (bullish oil, bearish equity, ambiguo per gold)",high,1,2026-07-24,-5.1974,0,1,5.0874,2026-07-27
2026-07-24,oil-war-shock,2026-07-24/news_01.md,BZ=F,3,0.03,-0.38,-2.88,2.82,19,"negative (bullish oil, bearish equity, ambiguo per gold)",high,0,2026-07-24,-9.0515,0,,9.0815,2026-08-03
2026-07-24,oil-war-shock,2026-07-24/news_01.md,BZ=F,5,-1.28,-0.58,-4.59,2.37,19,"negative (bullish oil, bearish equity, ambiguo per gold)",high,1,2026-07-24,-6.8816,0,1,5.6016,2026-08-03
2026-07-24,oil-war-shock,2026-07-24/news_01.md,BZ=F,10,-1.89,-0.45,-4.71,4.88,19,"negative (bullish oil, bearish equity, ambiguo per gold)",high,1,2026-07-24,-13.4222,0,1,11.5322,2026-08-10
2026-07-24,oil-war-shock,2026-07-24/news_01.md,GC=F,1,0.08,-0.11,-0.71,0.54,19,"negative (bullish oil, bearish equity, ambiguo per gold)",high,0,2026-07-24,0.4274,1,,0.3474,2026-07-27
2026-07-24,oil-war-shock,2026-07-24/news_01.md,GC=F,3,-0.15,-0.14,-0.87,0.63,19,"negative (bullish oil, bearish equity, ambiguo per gold)",high,1,2026-07-24,0.4962,1,0,0.6462,2026-08-03
2026-07-24,oil-war-shock,2026-07-24/news_01.md,GC=F,5,0.57,0.42,-1.35,1.36,19,"negative (bullish oil, bearish equity, ambiguo per gold)",high,1,2026-07-24,0.8893,1,1,0.3193,2026-08-03
2026-07-24,oil-war-shock,2026-07-24/news_01.md,GC=F,10,-0.45,0.53,-1.38,2.72,19,"negative (bullish oil, bearish equity, ambiguo per gold)",high,1,2026-07-24,8.0795,0,0,8.5295,2026-08-10
2026-07-24,oil-war-shock,2026-07-24/news_01.md,^GSPC,1,0.52,0.53,0.05,1.03,19,"negative (bullish oil, bearish equity, ambiguo per gold)",high,1,2026-07-24,0.0162,0,1,0.5038,2026-08-03
2026-07-24,oil-war-shock,2026-07-24/news_01.md,^GSPC,3,0.41,0.71,0.17,1.3,19,"negative (bullish oil, bearish equity, ambiguo per gold)",high,1,2026-07-24,-1.2929,0,0,1.7029,2026-08-03
2026-07-24,oil-war-shock,2026-07-24/news_01.md,^GSPC,5,1.11,1.35,0.84,2.13,19,"negative (bullish oil, bearish equity, ambiguo per gold)",high,1,2026-07-24,1.0488,1,1,0.0612,2026-08-03
2026-07-24,oil-war-shock,2026-07-24/news_01.md,^GSPC,10,2.23,1.92,-0.19,3.36,19,"negative (bullish oil, bearish equity, ambiguo per gold)",high,1,2026-07-24,4.6635,0,1,2.4335,2026-08-10
2026-07-24,oil-war-shock,2026-07-24/news_01.md,^N225,1,0.5,0.52,-0.19,1.2,19,"negative (bullish oil, bearish equity, ambiguo per gold)",high,1,2026-07-24,0.3287,1,1,0.1713,2026-07-27
2026-07-24,oil-war-shock,2026-07-24/news_01.md,^N225,3,0.51,1.11,-0.05,2.54,19,"negative (bullish oil, bearish equity, ambiguo per gold)",high,1,2026-07-24,-4.9170,0,0,5.4270,2026-08-03
2026-07-24,oil-war-shock,2026-07-24/news_01.md,^N225,5,1.5,1.47,0.3,3.19,19,"negative (bullish oil, bearish equity, ambiguo per gold)",high,1,2026-07-24,-0.3856,0,0,1.8856,2026-08-03
2026-07-24,oil-war-shock,2026-07-24/news_01.md,^N225,10,1.46,1.78,-0.53,3.03,19,"negative (bullish oil, bearish equity, ambiguo per gold)",high,1,2026-07-24,1.5409,1,1,0.0809,2026-08-10
2026-07-24,oil-war-shock,2026-07-24/news_01.md,^STOXX50E,1,0.08,0.44,-0.56,1.39,19,"negative (bullish oil, bearish equity, ambiguo per gold)",high,0,2026-07-24,0.0202,1,,0.0598,2026-08-03
2026-07-24,oil-war-shock,2026-07-24/news_01.md,^STOXX50E,3,0.19,0.25,-0.69,1.06,19,"negative (bullish oil, bearish equity, ambiguo per gold)",high,1,2026-07-24,1.0104,1,1,0.8204,2026-08-03
2026-07-24,oil-war-shock,2026-07-24/news_01.md,^STOXX50E,5,0.53,0.44,-0.57,1.39,19,"negative (bullish oil, bearish equity, ambiguo per gold)",high,1,2026-07-24,2.3175,0,1,1.7875,2026-08-10
2026-07-24,oil-war-shock,2026-07-24/news_01.md,^STOXX50E,10,1.3,0.83,-0.1,1.67,19,"negative (bullish oil, bearish equity, ambiguo per gold)",high,1,2026-07-24,4.0548,0,1,2.7548,2026-08-17
2026-07-24,section-122-expiry-301-232-wave,2026-07-24/news_06.md,CNY=X,1,0.21,0.23,0.07,0.4,15,"negative su risk assets ed emerging markets, positivo per yuan onshore (svalutazione)",medium,1,2026-07-24,-0.0561,0,0,0.2661,2026-07-27
2026-07-24,section-122-expiry-301-232-wave,2026-07-24/news_06.md,CNY=X,3,0.28,0.45,0.08,0.94,15,"negative su risk assets ed emerging markets, positivo per yuan onshore (svalutazione)",medium,1,2026-07-24,-0.2848,0,0,0.5648,2026-07-27
2026-07-24,section-122-expiry-301-232-wave,2026-07-24/news_06.md,CNY=X,5,0.16,0.6,-0.1,1.35,15,"negative su risk assets ed emerging markets, positivo per yuan onshore (svalutazione)",medium,1,2026-07-24,-0.3011,0,0,0.4611,2026-08-03
2026-07-24,section-122-expiry-301-232-wave,2026-07-24/news_06.md,CNY=X,10,0.51,0.64,-0.25,1.01,15,"negative su risk assets ed emerging markets, positivo per yuan onshore (svalutazione)",medium,1,2026-07-24,-0.3690,0,0,0.8790,2026-08-03
2026-07-24,section-122-expiry-301-232-wave,2026-07-24/news_06.md,DX-Y.NYB,1,-0.14,-0.29,-0.44,0.16,15,"negative su risk assets ed emerging markets, positivo per yuan onshore (svalutazione)",medium,1,2026-07-24,-0.2592,1,1,0.1192,2026-07-27
2026-07-24,section-122-expiry-301-232-wave,2026-07-24/news_06.md,DX-Y.NYB,3,-0.15,-0.35,-0.77,0.42,15,"negative su risk assets ed emerging markets, positivo per yuan onshore (svalutazione)",medium,1,2026-07-24,-0.0414,1,1,0.1086,2026-08-03
2026-07-24,section-122-expiry-301-232-wave,2026-07-24/news_06.md,DX-Y.NYB,5,-0.23,-0.45,-0.83,0.4,15,"negative su risk assets ed emerging markets, positivo per yuan onshore (svalutazione)",medium,1,2026-07-24,-1.6380,0,1,1.4080,2026-08-03
2026-07-24,section-122-expiry-301-232-wave,2026-07-24/news_06.md,DX-Y.NYB,10,-0.17,-0.64,-1.47,0.62,15,"negative su risk assets ed emerging markets, positivo per yuan onshore (svalutazione)",medium,1,2026-07-24,-1.8341,0,1,1.6641,2026-08-10
2026-07-24,section-122-expiry-301-232-wave,2026-07-24/news_06.md,EEM,1,0.4,-0.28,-1.55,0.68,15,"negative su risk assets ed emerging markets, positivo per yuan onshore (svalutazione)",medium,1,2026-07-24,0.4579,1,1,0.0579,2026-08-03
2026-07-24,section-122-expiry-301-232-wave,2026-07-24/news_06.md,EEM,3,1.0,-0.7,-1.65,1.64,15,"negative su risk assets ed emerging markets, positivo per yuan onshore (svalutazione)",medium,1,2026-07-24,-3.5686,0,0,4.5686,2026-08-03
2026-07-24,section-122-expiry-301-232-wave,2026-07-24/news_06.md,EEM,5,0.88,-0.19,-1.61,1.92,15,"negative su risk assets ed emerging markets, positivo per yuan onshore (svalutazione)",medium,1,2026-07-24,1.2001,1,1,0.3201,2026-08-03
2026-07-24,section-122-expiry-301-232-wave,2026-07-24/news_06.md,EEM,10,-1.21,-0.63,-4.53,2.93,15,"negative su risk assets ed emerging markets, positivo per yuan onshore (svalutazione)",medium,1,2026-07-24,3.6476,0,0,4.8576,2026-08-10
2026-07-24,section-122-expiry-301-232-wave,2026-07-24/news_06.md,^GSPC,1,-0.13,-0.41,-1.19,0.82,15,"negative su risk assets ed emerging markets, positivo per yuan onshore (svalutazione)",medium,1,2026-07-24,0.0162,1,0,0.1462,2026-08-03
2026-07-24,section-122-expiry-301-232-wave,2026-07-24/news_06.md,^GSPC,3,-0.18,-0.55,-1.3,1.46,15,"negative su risk assets ed emerging markets, positivo per yuan onshore (svalutazione)",medium,1,2026-07-24,-1.2929,1,1,1.1129,2026-08-03
2026-07-24,section-122-expiry-301-232-wave,2026-07-24/news_06.md,^GSPC,5,0.18,-0.1,-1.5,1.15,15,"negative su risk assets ed emerging markets, positivo per yuan onshore (svalutazione)",medium,1,2026-07-24,1.0488,1,1,0.8688,2026-08-03
2026-07-24,section-122-expiry-301-232-wave,2026-07-24/news_06.md,^GSPC,10,-0.34,-0.64,-2.68,2.09,15,"negative su risk assets ed emerging markets, positivo per yuan onshore (svalutazione)",medium,1,2026-07-24,4.6635,0,0,5.0035,2026-08-10
2026-07-26,em-fx-squeeze-oil-tariffs,2026-07-26/news_05.md,CNY=X,1,0.01,-0.01,-0.1,0.15,30,"negative (per EM); positive (per USD, teoricamente)",medium,0,2026-07-26,-0.2289,0,,0.2389,2026-07-27
2026-07-26,em-fx-squeeze-oil-tariffs,2026-07-26/news_05.md,CNY=X,3,-0.01,0.01,-0.3,0.25,30,"negative (per EM); positive (per USD, teoricamente)",medium,0,2026-07-26,-0.2451,1,,0.2351,2026-08-03
2026-07-26,em-fx-squeeze-oil-tariffs,2026-07-26/news_05.md,CNY=X,5,-0.12,-0.01,-0.33,0.13,30,"negative (per EM); positive (per USD, teoricamente)",medium,1,2026-07-26,-0.5228,0,1,0.4028,2026-08-03
2026-07-26,em-fx-squeeze-oil-tariffs,2026-07-26/news_05.md,CNY=X,10,-0.3,-0.22,-0.64,0.24,30,"negative (per EM); positive (per USD, teoricamente)",medium,1,2026-07-26,-0.2747,1,1,0.0253,2026-08-10
2026-07-26,em-fx-squeeze-oil-tariffs,2026-07-26/news_05.md,DX-Y.NYB,1,-0.08,-0.22,-0.44,0.12,30,"negative (per EM); positive (per USD, teoricamente)",medium,0,2026-07-27,0.3508,0,,0.4308,2026-08-03
2026-07-26,em-fx-squeeze-oil-tariffs,2026-07-26/news_05.md,DX-Y.NYB,3,-0.47,-0.61,-0.92,0.03,30,"negative (per EM); positive (per USD, teoricamente)",medium,1,2026-07-27,-0.2727,1,1,0.1973,2026-08-03
2026-07-26,em-fx-squeeze-oil-tariffs,2026-07-26/news_05.md,DX-Y.NYB,5,-0.67,-0.83,-1.3,0.12,30,"negative (per EM); positive (per USD, teoricamente)",medium,1,2026-07-27,-1.4990,0,1,0.8290,2026-08-03
2026-07-26,em-fx-squeeze-oil-tariffs,2026-07-26/news_05.md,DX-Y.NYB,10,-0.77,-1.21,-2.1,-0.35,29,"negative (per EM); positive (per USD, teoricamente)",medium,1,2026-07-27,-1.4852,1,1,0.7152,2026-08-10
2026-07-26,em-fx-squeeze-oil-tariffs,2026-07-26/news_05.md,EEM,1,0.34,0.24,-0.64,1.14,30,"negative (per EM); positive (per USD, teoricamente)",medium,1,2026-07-27,-1.9805,0,0,2.3205,2026-08-03
2026-07-26,em-fx-squeeze-oil-tariffs,2026-07-26/news_05.md,EEM,3,0.28,0.24,-1.28,1.91,30,"negative (per EM); positive (per USD, teoricamente)",medium,1,2026-07-27,-0.0472,1,0,0.3272,2026-08-03
2026-07-26,em-fx-squeeze-oil-tariffs,2026-07-26/news_05.md,EEM,5,0.54,0.68,-1.06,2.23,30,"negative (per EM); positive (per USD, teoricamente)",medium,1,2026-07-27,1.1003,1,1,0.5603,2026-08-10
2026-07-26,em-fx-squeeze-oil-tariffs,2026-07-26/news_05.md,EEM,10,1.76,1.39,0.3,3.97,29,"negative (per EM); positive (per USD, teoricamente)",medium,1,2026-07-27,2.4363,1,1,0.6763,2026-08-17
2026-07-26,fed-hawkish-oil,2026-07-26/news_02.md,DX-Y.NYB,1,-0.02,-0.05,-0.29,0.26,30,hawkish,medium,0,2026-07-27,0.3508,0,,0.3708,2026-08-03
2026-07-26,fed-hawkish-oil,2026-07-26/news_02.md,DX-Y.NYB,3,-0.03,-0.1,-0.29,0.39,30,hawkish,medium,0,2026-07-27,-0.2727,1,,0.2427,2026-08-03
2026-07-26,fed-hawkish-oil,2026-07-26/news_02.md,DX-Y.NYB,5,-0.07,-0.23,-0.57,0.44,29,hawkish,medium,0,2026-07-27,-1.4990,0,,1.4290,2026-08-03
2026-07-26,fed-hawkish-oil,2026-07-26/news_02.md,DX-Y.NYB,10,-0.02,-0.22,-1.15,0.82,29,hawkish,medium,0,2026-07-27,-1.4852,0,,1.4652,2026-08-10
2026-07-26,fed-hawkish-oil,2026-07-26/news_02.md,^GSPC,1,0.21,0.07,-0.27,0.55,30,hawkish,medium,1,2026-07-27,0.2104,1,1,0.0004,2026-08-03
2026-07-26,fed-hawkish-oil,2026-07-26/news_02.md,^GSPC,3,1.03,0.73,-0.48,1.77,30,hawkish,medium,1,2026-07-27,0.3298,1,1,0.7002,2026-08-03
2026-07-26,fed-hawkish-oil,2026-07-26/news_02.md,^GSPC,5,0.65,0.82,-0.37,2.33,29,hawkish,medium,1,2026-07-27,2.5268,0,1,1.8768,2026-08-10
2026-07-26,fed-hawkish-oil,2026-07-26/news_02.md,^GSPC,10,1.2,1.58,-0.54,2.47,29,hawkish,medium,1,2026-07-27,4.5855,0,1,3.3855,2026-08-17
2026-07-26,fed-hawkish-oil,2026-07-26/news_02.md,^NDX,1,0.32,0.09,-0.47,0.75,30,hawkish,medium,1,2026-07-27,-0.9846,0,0,1.3046,2026-08-03
2026-07-26,fed-hawkish-oil,2026-07-26/news_02.md,^NDX,3,1.2,0.81,-0.78,2.23,30,hawkish,medium,1,2026-07-27,0.2394,1,1,0.9606,2026-08-03
2026-07-26,fed-hawkish-oil,2026-07-26/news_02.md,^NDX,5,1.35,1.16,-0.83,3.35,29,hawkish,medium,1,2026-07-27,2.6306,1,1,1.2806,2026-08-10
2026-07-26,fed-hawkish-oil,2026-07-26/news_02.md,^NDX,10,1.77,1.87,-0.78,3.56,29,hawkish,medium,1,2026-07-27,5.6442,0,1,3.8742,2026-08-17
2026-07-26,fed-hawkish-oil,2026-07-26/news_02.md,^TNX,1,-0.09,0.12,-0.49,0.98,30,hawkish,medium,0,2026-07-27,-0.7972,0,,0.7072,2026-08-03
2026-07-26,fed-hawkish-oil,2026-07-26/news_02.md,^TNX,3,0.51,0.56,-1.37,2.32,30,hawkish,medium,1,2026-07-27,0.4740,1,1,0.0360,2026-08-03
2026-07-26,fed-hawkish-oil,2026-07-26/news_02.md,^TNX,5,0.05,0.58,-0.93,2.03,29,hawkish,medium,0,2026-07-27,0.9696,1,,0.9196,2026-08-10
2026-07-26,fed-hawkish-oil,2026-07-26/news_02.md,^TNX,10,-0.58,0.17,-1.8,2.27,29,hawkish,medium,1,2026-07-27,1.2497,1,0,1.8297,2026-08-17
2026-07-26,gold-war-fed,2026-07-26/news_03.md,CHF=X,1,0.06,0.05,-0.21,0.35,29,neutral (equilibrio di forze contrapposte),medium,0,2026-07-26,-0.3070,0,,0.3670,2026-07-27
2026-07-26,gold-war-fed,2026-07-26/news_03.md,CHF=X,3,0.11,0.17,-0.37,1.01,28,neutral (equilibrio di forze contrapposte),medium,1,2026-07-26,0.2690,1,1,0.1590,2026-08-03
2026-07-26,gold-war-fed,2026-07-26/news_03.md,CHF=X,5,0.34,0.21,-0.42,0.91,29,neutral (equilibrio di forze contrapposte),medium,1,2026-07-26,-1.2596,0,0,1.5996,2026-08-03
2026-07-26,gold-war-fed,2026-07-26/news_03.md,CHF=X,10,0.72,0.45,-0.36,1.57,29,neutral (equilibrio di forze contrapposte),medium,1,2026-07-26,-1.2266,0,0,1.9466,2026-08-10
2026-07-26,gold-war-fed,2026-07-26/news_03.md,GC=F,1,-0.38,-0.31,-1.16,1.03,30,neutral (equilibrio di forze contrapposte),medium,1,2026-07-27,-1.1301,1,1,0.7501,2026-08-03
2026-07-26,gold-war-fed,2026-07-26/news_03.md,GC=F,3,-1.27,-1.0,-2.18,0.04,30,neutral (equilibrio di forze contrapposte),medium,1,2026-07-27,0.0196,1,0,1.2896,2026-08-03
2026-07-26,gold-war-fed,2026-07-26/news_03.md,GC=F,5,-1.59,-1.7,-2.97,0.84,30,neutral (equilibrio di forze contrapposte),medium,1,2026-07-27,0.6751,1,0,2.2651,2026-08-03
2026-07-26,gold-war-fed,2026-07-26/news_03.md,GC=F,10,-1.76,-2.39,-4.78,-0.13,30,neutral (equilibrio di forze contrapposte),medium,1,2026-07-27,7.7736,0,0,9.5336,2026-08-10
2026-07-26,gold-war-fed,2026-07-26/news_03.md,JPY=X,1,0.0,-0.02,-0.29,0.32,29,neutral (equilibrio di forze contrapposte),medium,0,2026-07-27,0.0746,1,,0.0746,2026-08-03
2026-07-26,gold-war-fed,2026-07-26/news_03.md,JPY=X,3,0.09,0.19,-0.41,0.69,28,neutral (equilibrio di forze contrapposte),medium,0,2026-07-27,-0.0416,1,,0.1316,2026-08-03
2026-07-26,gold-war-fed,2026-07-26/news_03.md,JPY=X,5,0.27,0.3,-0.13,0.93,29,neutral (equilibrio di forze contrapposte),medium,1,2026-07-27,-3.7903,0,0,4.0603,2026-08-03
2026-07-26,gold-war-fed,2026-07-26/news_03.md,JPY=X,10,0.63,0.46,-0.69,1.1,29,neutral (equilibrio di forze contrapposte),medium,1,2026-07-27,-3.5813,0,0,4.2113,2026-08-10
2026-07-26,oil-shock-aramco,2026-07-26/news_01.md,BZ=F,1,0.65,0.38,-1.01,3.17,28,"negative (per rischio, positive per Brent)",high,1,2026-07-27,-4.4796,0,0,5.1296,2026-08-03
2026-07-26,oil-shock-aramco,2026-07-26/news_01.md,BZ=F,3,2.27,2.84,-1.58,6.6,28,"negative (per rischio, positive per Brent)",high,1,2026-07-27,-0.6758,1,0,2.9458,2026-08-03
2026-07-26,oil-shock-aramco,2026-07-26/news_01.md,BZ=F,5,2.1,3.68,-3.51,5.01,28,"negative (per rischio, positive per Brent)",high,1,2026-07-27,-7.2807,0,0,9.3807,2026-08-10
2026-07-26,oil-shock-aramco,2026-07-26/news_01.md,BZ=F,10,0.76,5.03,-4.17,10.21,28,"negative (per rischio, positive per Brent)",high,1,2026-07-27,-4.1635,1,0,4.9235,2026-08-17
2026-07-26,oil-shock-aramco,2026-07-26/news_01.md,GC=F,1,0.28,0.17,-1.02,1.18,28,"negative (per rischio, positive per Brent)",high,1,2026-07-27,-1.1301,0,0,1.4101,2026-08-03
2026-07-26,oil-shock-aramco,2026-07-26/news_01.md,GC=F,3,-0.36,-0.29,-2.11,0.75,28,"negative (per rischio, positive per Brent)",high,1,2026-07-27,0.0196,1,0,0.3796,2026-08-03
2026-07-26,oil-shock-aramco,2026-07-26/news_01.md,GC=F,5,-1.49,-0.69,-2.67,1.13,28,"negative (per rischio, positive per Brent)",high,1,2026-07-27,0.6751,1,0,2.1651,2026-08-03
2026-07-26,oil-shock-aramco,2026-07-26/news_01.md,GC=F,10,-1.41,-2.27,-4.8,-0.26,28,"negative (per rischio, positive per Brent)",high,1,2026-07-27,7.7736,0,0,9.1836,2026-08-10
2026-07-26,thailand-cambodia-asean,2026-07-26/news_04.md,EEM,1,0.15,-0.45,-1.56,1.01,30,negative,low (per l'event study; medium per la narrativa),1,2026-07-27,-1.9805,0,0,2.1305,2026-08-03
2026-07-26,thailand-cambodia-asean,2026-07-26/news_04.md,EEM,3,-0.62,-0.66,-1.83,2.05,30,negative,low (per l'event study; medium per la narrativa),1,2026-07-27,-0.0472,1,1,0.5728,2026-08-03
2026-07-26,thailand-cambodia-asean,2026-07-26/news_04.md,EEM,5,0.3,-0.56,-3.84,2.72,30,negative,low (per l'event study; medium per la narrativa),1,2026-07-27,1.1003,1,1,0.8003,2026-08-10
2026-07-26,thailand-cambodia-asean,2026-07-26/news_04.md,EEM,10,-1.79,-0.6,-3.77,1.46,29,negative,low (per l'event study; medium per la narrativa),1,2026-07-27,2.4363,0,0,4.2263,2026-08-17
2026-07-26,thailand-cambodia-asean,2026-07-26/news_04.md,^N225,1,-0.13,-0.22,-1.25,0.99,30,negative,low (per l'event study; medium per la narrativa),1,2026-07-27,-4.1832,0,1,4.0532,2026-08-03
2026-07-26,thailand-cambodia-asean,2026-07-26/news_04.md,^N225,3,0.5,0.25,-1.33,2.69,30,negative,low (per l'event study; medium per la narrativa),1,2026-07-27,-4.1668,0,0,4.6668,2026-08-03
2026-07-26,thailand-cambodia-asean,2026-07-26/news_04.md,^N225,5,0.91,0.3,-1.47,3.16,30,negative,low (per l'event study; medium per la narrativa),1,2026-07-27,-1.8447,0,0,2.7547,2026-08-03
2026-07-26,thailand-cambodia-asean,2026-07-26/news_04.md,^N225,10,-0.47,0.41,-2.81,6.61,29,negative,low (per l'event study; medium per la narrativa),1,2026-07-27,3.2508,1,0,3.7208,2026-08-10
2026-07-28,ai-chip-rout-kospi-halt,2026-07-28/news_01.md,SOXX,1,0.59,0.35,-1.02,2.0,20,risk-off (bearish su semis e mega-cap tech),high,1,2026-07-28,-5.3840,0,0,5.9740,2026-08-03
2026-07-28,ai-chip-rout-kospi-halt,2026-07-28/news_01.md,SOXX,3,0.9,0.61,-1.94,3.4,20,risk-off (bearish su semis e mega-cap tech),high,1,2026-07-28,2.7327,1,1,1.8327,2026-08-03
2026-07-28,ai-chip-rout-kospi-halt,2026-07-28/news_01.md,SOXX,5,1.2,2.2,-1.2,5.26,20,risk-off (bearish su semis e mega-cap tech),high,1,2026-07-28,10.3264,0,1,9.1264,2026-08-10
2026-07-28,ai-chip-rout-kospi-halt,2026-07-28/news_01.md,SOXX,10,3.59,4.07,1.63,6.09,20,risk-off (bearish su semis e mega-cap tech),high,1,2026-07-28,8.6965,0,1,5.1065,2026-08-17
2026-07-28,ai-chip-rout-kospi-halt,2026-07-28/news_01.md,^GSPC,1,0.32,0.16,-0.02,0.76,20,risk-off (bearish su semis e mega-cap tech),high,1,2026-07-28,-1.5161,0,0,1.8361,2026-08-03
2026-07-28,ai-chip-rout-kospi-halt,2026-07-28/news_01.md,^GSPC,3,-0.09,-0.04,-1.24,1.26,20,risk-off (bearish su semis e mega-cap tech),high,0,2026-07-28,0.8203,1,,0.9103,2026-08-03
2026-07-28,ai-chip-rout-kospi-halt,2026-07-28/news_01.md,^GSPC,5,0.67,0.82,-0.3,2.03,20,risk-off (bearish su semis e mega-cap tech),high,1,2026-07-28,4.1425,0,1,3.4725,2026-08-10
2026-07-28,ai-chip-rout-kospi-halt,2026-07-28/news_01.md,^GSPC,10,1.44,1.34,0.83,2.66,20,risk-off (bearish su semis e mega-cap tech),high,1,2026-07-28,4.0305,0,1,2.5905,2026-08-17
2026-07-28,ai-chip-rout-kospi-halt,2026-07-28/news_01.md,^NDX,1,0.5,0.28,0.01,1.09,20,risk-off (bearish su semis e mega-cap tech),high,1,2026-07-28,-2.0561,0,0,2.5561,2026-08-03
2026-07-28,ai-chip-rout-kospi-halt,2026-07-28/news_01.md,^NDX,3,0.13,0.35,-1.15,2.36,20,risk-off (bearish su semis e mega-cap tech),high,1,2026-07-28,1.8408,1,1,1.7108,2026-08-03
2026-07-28,ai-chip-rout-kospi-halt,2026-07-28/news_01.md,^NDX,5,0.86,1.43,-0.28,3.67,20,risk-off (bearish su semis e mega-cap tech),high,1,2026-07-28,7.0958,0,1,6.2358,2026-08-10
2026-07-28,ai-chip-rout-kospi-halt,2026-07-28/news_01.md,^NDX,10,2.66,2.21,1.36,4.18,20,risk-off (bearish su semis e mega-cap tech),high,1,2026-07-28,6.3478,0,1,3.6878,2026-08-17
2026-07-28,ai-chip-rout-kospi-halt,2026-07-28/news_01.md,^VIX,1,-4.25,-2.42,-7.41,1.57,20,risk-off (bearish su semis e mega-cap tech),high,1,2026-07-29,-17.2798,0,1,13.0298,2026-08-03
2026-07-28,ai-chip-rout-kospi-halt,2026-07-28/news_01.md,^VIX,3,2.44,4.5,-8.6,11.4,20,risk-off (bearish su semis e mega-cap tech),high,1,2026-07-29,-23.2333,0,0,25.6733,2026-08-10
2026-07-28,ai-chip-rout-kospi-halt,2026-07-28/news_01.md,^VIX,5,-5.25,-3.19,-17.28,4.32,20,risk-off (bearish su semis e mega-cap tech),high,1,2026-07-29,-23.4753,0,1,18.2253,2026-08-10
2026-07-28,ai-chip-rout-kospi-halt,2026-07-28/news_01.md,^VIX,10,-6.32,-7.89,-22.57,1.16,20,risk-off (bearish su semis e mega-cap tech),high,1,2026-07-29,-29.5741,0,1,23.2541,2026-08-17
2026-07-28,oil-gold-premium-drain-day3,2026-07-28/news_03.md,BZ=F,1,0.46,0.65,-0.9,3.14,29,"risk-on (negativo per Brent e oro, positivo per equity e bond)",high,1,2026-07-28,0.4336,1,1,0.0264,2026-08-03
2026-07-28,oil-gold-premium-drain-day3,2026-07-28/news_03.md,BZ=F,3,1.89,2.57,-3.32,6.44,29,"risk-on (negativo per Brent e oro, positivo per equity e bond)",high,1,2026-07-28,2.8298,1,1,0.9398,2026-08-03
2026-07-28,oil-gold-premium-drain-day3,2026-07-28/news_03.md,BZ=F,5,2.26,3.22,-3.7,4.97,29,"risk-on (negativo per Brent e oro, positivo per equity e bond)",high,1,2026-07-28,-9.3451,0,0,11.6051,2026-08-10
2026-07-28,oil-gold-premium-drain-day3,2026-07-28/news_03.md,BZ=F,10,0.38,4.72,-4.16,8.93,29,"risk-on (negativo per Brent e oro, positivo per equity e bond)",high,1,2026-07-28,2.1337,1,1,1.7537,2026-08-17
2026-07-28,oil-gold-premium-drain-day3,2026-07-28/news_03.md,DX-Y.NYB,1,-0.05,0.04,-0.25,0.42,29,"risk-on (negativo per Brent e oro, positivo per equity e bond)",high,0,2026-07-28,-0.1319,1,,0.0819,2026-08-03
2026-07-28,oil-gold-premium-drain-day3,2026-07-28/news_03.md,DX-Y.NYB,3,0.07,0.1,-0.27,0.63,29,"risk-on (negativo per Brent e oro, positivo per equity e bond)",high,0,2026-07-28,-1.7271,0,,1.7971,2026-08-03
2026-07-28,oil-gold-premium-drain-day3,2026-07-28/news_03.md,DX-Y.NYB,5,0.1,0.04,-0.47,0.74,29,"risk-on (negativo per Brent e oro, positivo per equity e bond)",high,1,2026-07-28,-1.4878,0,0,1.5878,2026-08-10
2026-07-28,oil-gold-premium-drain-day3,2026-07-28/news_03.md,DX-Y.NYB,10,0.11,0.22,-0.59,0.91,29,"risk-on (negativo per Brent e oro, positivo per equity e bond)",high,1,2026-07-28,-1.7350,0,0,1.8450,2026-08-17
2026-07-28,oil-gold-premium-drain-day3,2026-07-28/news_03.md,GC=F,1,-0.0,0.09,-1.01,1.16,29,"risk-on (negativo per Brent e oro, positivo per equity e bond)",high,0,2026-07-28,1.2123,0,,1.2123,2026-08-03
2026-07-28,oil-gold-premium-drain-day3,2026-07-28/news_03.md,GC=F,3,-0.56,-0.41,-2.11,0.7,29,"risk-on (negativo per Brent e oro, positivo per equity e bond)",high,1,2026-07-28,1.6081,0,0,2.1681,2026-08-03
2026-07-28,oil-gold-premium-drain-day3,2026-07-28/news_03.md,GC=F,5,-1.31,-0.51,-2.65,1.35,29,"risk-on (negativo per Brent e oro, positivo per equity e bond)",high,1,2026-07-28,1.8530,0,0,3.1630,2026-08-10
2026-07-28,oil-gold-premium-drain-day3,2026-07-28/news_03.md,GC=F,10,-1.35,-1.86,-4.69,-0.27,29,"risk-on (negativo per Brent e oro, positivo per equity e bond)",high,1,2026-07-28,9.6512,0,0,11.0012,2026-08-17
2026-07-28,oil-gold-premium-drain-day3,2026-07-28/news_03.md,^GSPC,1,0.13,0.11,-0.37,0.87,29,"risk-on (negativo per Brent e oro, positivo per equity e bond)",high,1,2026-07-28,-1.5161,0,0,1.6461,2026-08-03
2026-07-28,oil-gold-premium-drain-day3,2026-07-28/news_03.md,^GSPC,3,0.13,0.27,-0.74,1.52,29,"risk-on (negativo per Brent e oro, positivo per equity e bond)",high,1,2026-07-28,0.8203,1,1,0.6903,2026-08-03
2026-07-28,oil-gold-premium-drain-day3,2026-07-28/news_03.md,^GSPC,5,0.72,0.46,-1.36,2.27,29,"risk-on (negativo per Brent e oro, positivo per equity e bond)",high,1,2026-07-28,4.1425,0,1,3.4225,2026-08-10
2026-07-28,oil-gold-premium-drain-day3,2026-07-28/news_03.md,^GSPC,10,1.46,0.96,-0.75,3.23,29,"risk-on (negativo per Brent e oro, positivo per equity e bond)",high,1,2026-07-28,4.0305,0,1,2.5705,2026-08-17
2026-07-28,oil-gold-premium-drain-day3,2026-07-28/news_03.md,^TNX,1,0.09,0.18,-0.62,0.99,29,"risk-on (negativo per Brent e oro, positivo per equity e bond)",high,0,2026-07-28,0.3910,1,,0.3010,2026-08-03
2026-07-28,oil-gold-premium-drain-day3,2026-07-28/news_03.md,^TNX,3,0.29,0.51,-0.61,1.72,29,"risk-on (negativo per Brent e oro, positivo per equity e bond)",high,1,2026-07-28,3.0625,0,1,2.7725,2026-08-03
2026-07-28,oil-gold-premium-drain-day3,2026-07-28/news_03.md,^TNX,5,0.22,0.4,-1.09,2.02,29,"risk-on (negativo per Brent e oro, positivo per equity e bond)",high,1,2026-07-28,0.4996,1,1,0.2796,2026-08-10
2026-07-28,oil-gold-premium-drain-day3,2026-07-28/news_03.md,^TNX,10,0.76,0.71,-1.19,3.11,29,"risk-on (negativo per Brent e oro, positivo per equity e bond)",high,1,2026-07-28,1.7376,1,1,0.9776,2026-08-17
2026-07-28,soft-confidence-jolts-beat-pre-fomc,2026-07-28/news_02.md,DX-Y.NYB,1,0.08,0.03,-0.19,0.28,30,"dovish (repricing verso tagli, positivo per duration)",medium,0,2026-07-28,-0.1319,1,,0.2119,2026-08-03
2026-07-28,soft-confidence-jolts-beat-pre-fomc,2026-07-28/news_02.md,DX-Y.NYB,3,-0.05,-0.06,-0.28,0.49,30,"dovish (repricing verso tagli, positivo per duration)",medium,0,2026-07-28,-1.7271,0,,1.6771,2026-08-03
2026-07-28,soft-confidence-jolts-beat-pre-fomc,2026-07-28/news_02.md,DX-Y.NYB,5,-0.04,-0.17,-0.4,0.38,30,"dovish (repricing verso tagli, positivo per duration)",medium,0,2026-07-28,-1.4878,0,,1.4478,2026-08-10
2026-07-28,soft-confidence-jolts-beat-pre-fomc,2026-07-28/news_02.md,DX-Y.NYB,10,0.41,-0.1,-1.15,0.9,30,"dovish (repricing verso tagli, positivo per duration)",medium,1,2026-07-28,-1.7350,0,0,2.1450,2026-08-17
2026-07-28,soft-confidence-jolts-beat-pre-fomc,2026-07-28/news_02.md,EURUSD=X,1,-0.14,-0.05,-0.53,0.3,30,"dovish (repricing verso tagli, positivo per duration)",medium,1,2026-07-28,0.1138,1,0,0.2538,2026-08-03
2026-07-28,soft-confidence-jolts-beat-pre-fomc,2026-07-28/news_02.md,EURUSD=X,3,-0.04,0.11,-0.57,0.63,30,"dovish (repricing verso tagli, positivo per duration)",medium,0,2026-07-28,1.3833,0,,1.4233,2026-08-03
2026-07-28,soft-confidence-jolts-beat-pre-fomc,2026-07-28/news_02.md,EURUSD=X,5,0.16,0.29,-0.8,0.91,30,"dovish (repricing verso tagli, positivo per duration)",medium,1,2026-07-28,1.2316,0,1,1.0716,2026-08-10
2026-07-28,soft-confidence-jolts-beat-pre-fomc,2026-07-28/news_02.md,EURUSD=X,10,0.01,0.21,-1.23,1.5,30,"dovish (repricing verso tagli, positivo per duration)",medium,0,2026-07-28,1.5354,0,,1.5254,2026-08-17
2026-07-28,soft-confidence-jolts-beat-pre-fomc,2026-07-28/news_02.md,IEF,1,-0.17,-0.1,-0.34,0.21,30,"dovish (repricing verso tagli, positivo per duration)",medium,1,2026-07-28,-0.4168,0,1,0.2468,2026-08-03
2026-07-28,soft-confidence-jolts-beat-pre-fomc,2026-07-28/news_02.md,IEF,3,-0.07,-0.17,-0.72,0.28,30,"dovish (repricing verso tagli, positivo per duration)",medium,0,2026-07-28,-0.6520,1,,0.5820,2026-08-03
2026-07-28,soft-confidence-jolts-beat-pre-fomc,2026-07-28/news_02.md,IEF,5,0.05,-0.17,-0.78,0.46,30,"dovish (repricing verso tagli, positivo per duration)",medium,0,2026-07-28,-0.3313,1,,0.3813,2026-08-10
2026-07-28,soft-confidence-jolts-beat-pre-fomc,2026-07-28/news_02.md,IEF,10,-0.46,-0.4,-1.43,0.54,30,"dovish (repricing verso tagli, positivo per duration)",medium,1,2026-07-28,-0.7375,1,1,0.2775,2026-08-17
2026-07-28,soft-confidence-jolts-beat-pre-fomc,2026-07-28/news_02.md,^GSPC,1,-0.08,-0.21,-0.61,0.37,30,"dovish (repricing verso tagli, positivo per duration)",medium,0,2026-07-28,-1.5161,0,,1.4361,2026-08-03
2026-07-28,soft-confidence-jolts-beat-pre-fomc,2026-07-28/news_02.md,^GSPC,3,0.15,-0.05,-1.78,1.41,30,"dovish (repricing verso tagli, positivo per duration)",medium,1,2026-07-28,0.8203,1,1,0.6703,2026-08-03
2026-07-28,soft-confidence-jolts-beat-pre-fomc,2026-07-28/news_02.md,^GSPC,5,0.52,0.02,-1.8,1.53,30,"dovish (repricing verso tagli, positivo per duration)",medium,1,2026-07-28,4.1425,0,1,3.6225,2026-08-10
2026-07-28,soft-confidence-jolts-beat-pre-fomc,2026-07-28/news_02.md,^GSPC,10,1.21,0.28,-2.41,2.37,30,"dovish (repricing verso tagli, positivo per duration)",medium,1,2026-07-28,4.0305,0,1,2.8205,2026-08-17
2026-07-28,soft-confidence-jolts-beat-pre-fomc,2026-07-28/news_02.md,^TNX,1,0.62,0.39,-0.3,1.13,30,"dovish (repricing verso tagli, positivo per duration)",medium,1,2026-07-28,0.3910,1,1,0.2290,2026-08-03
2026-07-28,soft-confidence-jolts-beat-pre-fomc,2026-07-28/news_02.md,^TNX,3,0.18,0.83,-0.6,2.43,30,"dovish (repricing verso tagli, positivo per duration)",medium,1,2026-07-28,3.0625,0,1,2.8825,2026-08-03
2026-07-28,soft-confidence-jolts-beat-pre-fomc,2026-07-28/news_02.md,^TNX,5,0.43,0.99,-1.08,2.65,30,"dovish (repricing verso tagli, positivo per duration)",medium,1,2026-07-28,0.4996,1,1,0.0696,2026-08-10
2026-07-28,soft-confidence-jolts-beat-pre-fomc,2026-07-28/news_02.md,^TNX,10,1.91,2.03,-1.09,5.11,30,"dovish (repricing verso tagli, positivo per duration)",medium,1,2026-07-28,1.7376,1,1,0.1724,2026-08-17
2026-07-28,zelensky-white-house-peace-push,2026-07-28/news_04.md,BZ=F,1,1.11,1.0,-0.33,2.12,23,"risk-on (positivo per equity EU, negativo per gas e oro)",**low**,1,2026-07-28,0.4336,1,1,0.6764,2026-08-03
2026-07-28,zelensky-white-house-peace-push,2026-07-28/news_04.md,BZ=F,3,1.88,1.35,-1.0,2.99,23,"risk-on (positivo per equity EU, negativo per gas e oro)",**low**,1,2026-07-28,2.8298,1,1,0.9498,2026-08-03
2026-07-28,zelensky-white-house-peace-push,2026-07-28/news_04.md,BZ=F,5,1.29,1.49,-1.36,3.62,23,"risk-on (positivo per equity EU, negativo per gas e oro)",**low**,1,2026-07-28,-9.3451,0,0,10.6351,2026-08-10
2026-07-28,zelensky-white-house-peace-push,2026-07-28/news_04.md,BZ=F,10,-0.51,-0.76,-4.07,1.36,23,"risk-on (positivo per equity EU, negativo per gas e oro)",**low**,1,2026-07-28,2.1337,0,0,2.6437,2026-08-17
2026-07-28,zelensky-white-house-peace-push,2026-07-28/news_04.md,EXH9.DE,1,0.09,-0.08,-0.4,0.55,23,"risk-on (positivo per equity EU, negativo per gas e oro)",**low**,0,2026-07-28,-1.1781,0,,1.2681,2026-08-03
2026-07-28,zelensky-white-house-peace-push,2026-07-28/news_04.md,EXH9.DE,3,0.78,0.37,-0.29,1.27,23,"risk-on (positivo per equity EU, negativo per gas e oro)",**low**,1,2026-07-28,-0.7277,0,0,1.5077,2026-08-03
2026-07-28,zelensky-white-house-peace-push,2026-07-28/news_04.md,EXH9.DE,5,0.29,0.39,-0.79,1.91,23,"risk-on (positivo per equity EU, negativo per gas e oro)",**low**,1,2026-07-28,-0.6237,1,0,0.9137,2026-08-10
2026-07-28,zelensky-white-house-peace-push,2026-07-28/news_04.md,EXH9.DE,10,1.48,1.23,-0.66,2.7,23,"risk-on (positivo per equity EU, negativo per gas e oro)",**low**,1,2026-07-28,-0.7103,0,0,2.1903,2026-08-17
2026-07-28,zelensky-white-house-peace-push,2026-07-28/news_04.md,GC=F,1,0.19,0.06,-0.41,1.18,23,"risk-on (positivo per equity EU, negativo per gas e oro)",**low**,1,2026-07-28,1.2123,0,1,1.0223,2026-08-03
2026-07-28,zelensky-white-house-peace-push,2026-07-28/news_04.md,GC=F,3,-0.14,-0.29,-0.86,1.14,23,"risk-on (positivo per equity EU, negativo per gas e oro)",**low**,1,2026-07-28,1.6081,0,0,1.7481,2026-08-03
2026-07-28,zelensky-white-house-peace-push,2026-07-28/news_04.md,GC=F,5,0.1,-0.01,-1.29,1.67,23,"risk-on (positivo per equity EU, negativo per gas e oro)",**low**,1,2026-07-28,1.8530,0,1,1.7530,2026-08-10
2026-07-28,zelensky-white-house-peace-push,2026-07-28/news_04.md,GC=F,10,0.59,0.79,-0.53,2.7,23,"risk-on (positivo per equity EU, negativo per gas e oro)",**low**,1,2026-07-28,9.6512,0,1,9.0612,2026-08-17
2026-07-28,zelensky-white-house-peace-push,2026-07-28/news_04.md,TTF=F,1,0.21,1.18,-1.54,3.05,23,"risk-on (positivo per equity EU, negativo per gas e oro)",**low**,1,2026-07-28,4.5257,0,1,4.3157,2026-08-03
2026-07-28,zelensky-white-house-peace-push,2026-07-28/news_04.md,TTF=F,3,1.76,2.86,-1.21,5.36,23,"risk-on (positivo per equity EU, negativo per gas e oro)",**low**,1,2026-07-28,2.1009,1,1,0.3409,2026-08-03
2026-07-28,zelensky-white-house-peace-push,2026-07-28/news_04.md,TTF=F,5,3.34,4.15,-1.7,8.64,23,"risk-on (positivo per equity EU, negativo per gas e oro)",**low**,1,2026-07-28,-3.1453,0,0,6.4853,2026-08-10
2026-07-28,zelensky-white-house-peace-push,2026-07-28/news_04.md,TTF=F,10,3.95,4.51,-2.74,9.54,23,"risk-on (positivo per equity EU, negativo per gas e oro)",**low**,1,2026-07-28,3.9715,1,1,0.0215,2026-08-17
2026-07-28,zelensky-white-house-peace-push,2026-07-28/news_04.md,^STOXX50E,1,0.11,0.11,-0.23,0.53,23,"risk-on (positivo per equity EU, negativo per gas e oro)",**low**,1,2026-07-29,1.5292,0,1,1.4192,2026-08-03
2026-07-28,zelensky-white-house-peace-push,2026-07-28/news_04.md,^STOXX50E,3,0.64,0.55,-0.11,1.35,23,"risk-on (positivo per equity EU, negativo per gas e oro)",**low**,1,2026-07-29,2.8431,0,1,2.2031,2026-08-10
2026-07-28,zelensky-white-house-peace-push,2026-07-28/news_04.md,^STOXX50E,5,0.76,0.89,-0.07,2.19,23,"risk-on (positivo per equity EU, negativo per gas e oro)",**low**,1,2026-07-29,3.6509,0,1,2.8909,2026-08-10
2026-07-28,zelensky-white-house-peace-push,2026-07-28/news_04.md,^STOXX50E,10,1.31,0.83,-1.33,3.09,23,"risk-on (positivo per equity EU, negativo per gas e oro)",**low**,1,2026-07-29,4.5633,0,1,3.2533,2026-08-17
2026-08-09,china-cpi-ppi-undershoot,2026-08-09/news_03.md,BZ=F,1,-0.04,-0.03,-1.68,1.69,26,risk-off,medium,0,2026-08-10,4.9409,0,,4.9809,2026-08-17
2026-08-09,china-cpi-ppi-undershoot,2026-08-09/news_03.md,BZ=F,3,-0.39,-0.27,-2.27,1.76,26,risk-off,medium,1,2026-08-10,3.9145,0,0,4.3045,2026-08-17
2026-08-09,china-cpi-ppi-undershoot,2026-08-09/news_03.md,BZ=F,5,-0.46,-0.54,-3.59,2.35,26,risk-off,medium,1,2026-08-10,5.6809,0,0,6.1409,2026-08-17
2026-08-09,china-cpi-ppi-undershoot,2026-08-09/news_03.md,BZ=F,10,0.68,-0.44,-3.06,2.56,25,risk-off,medium,1,,,,,,
2026-08-09,china-cpi-ppi-undershoot,2026-08-09/news_03.md,CNY=X,1,0.0,-0.01,-0.11,0.14,26,risk-off,medium,0,2026-08-09,-0.0519,1,,0.0519,2026-08-10
2026-08-09,china-cpi-ppi-undershoot,2026-08-09/news_03.md,CNY=X,3,-0.01,0.06,-0.13,0.29,26,risk-off,medium,0,2026-08-09,-0.0370,1,,0.0270,2026-08-17
2026-08-09,china-cpi-ppi-undershoot,2026-08-09/news_03.md,CNY=X,5,-0.01,-0.03,-0.24,0.11,26,risk-off,medium,0,2026-08-09,-0.0800,1,,0.0700,2026-08-17
2026-08-09,china-cpi-ppi-undershoot,2026-08-09/news_03.md,CNY=X,10,-0.07,-0.06,-0.36,0.23,26,risk-off,medium,0,,,,,,
2026-08-09,china-cpi-ppi-undershoot,2026-08-09/news_03.md,EEM,1,-0.18,-0.1,-0.55,0.56,26,risk-off,medium,1,2026-08-10,0.3990,1,0,0.5790,2026-08-17
2026-08-09,china-cpi-ppi-undershoot,2026-08-09/news_03.md,EEM,3,-0.03,0.21,-0.96,1.13,26,risk-off,medium,0,2026-08-10,2.3170,0,,2.3470,2026-08-17
2026-08-09,china-cpi-ppi-undershoot,2026-08-09/news_03.md,EEM,5,0.76,0.84,-0.48,2.08,26,risk-off,medium,1,,,,,,
2026-08-09,china-cpi-ppi-undershoot,2026-08-09/news_03.md,EEM,10,1.19,1.82,-0.64,3.6,26,risk-off,medium,1,,,,,,
2026-08-09,china-cpi-ppi-undershoot,2026-08-09/news_03.md,HG=F,1,-0.15,-0.94,-1.17,0.52,26,risk-off,medium,1,2026-08-10,-0.3461,1,1,0.1961,2026-08-17
2026-08-09,china-cpi-ppi-undershoot,2026-08-09/news_03.md,HG=F,3,1.39,0.23,-0.79,3.32,26,risk-off,medium,1,2026-08-10,-0.8125,0,0,2.2025,2026-08-17
2026-08-09,china-cpi-ppi-undershoot,2026-08-09/news_03.md,HG=F,5,0.87,0.25,-2.32,2.57,26,risk-off,medium,1,2026-08-10,1.3090,1,1,0.4390,2026-08-17
2026-08-09,china-cpi-ppi-undershoot,2026-08-09/news_03.md,HG=F,10,2.36,1.99,-1.84,6.2,26,risk-off,medium,1,,,,,,
2026-08-09,china-cpi-ppi-undershoot,2026-08-09/news_03.md,^GSPC,1,-0.01,0.07,-0.5,0.29,26,risk-off,medium,0,2026-08-10,-0.3213,1,,0.3113,2026-08-17
2026-08-09,china-cpi-ppi-undershoot,2026-08-09/news_03.md,^GSPC,3,-0.06,0.09,-1.16,0.73,26,risk-off,medium,0,2026-08-10,0.5918,1,,0.6518,2026-08-17
2026-08-09,china-cpi-ppi-undershoot,2026-08-09/news_03.md,^GSPC,5,0.34,0.31,-0.82,1.05,26,risk-off,medium,1,,,,,,
2026-08-09,china-cpi-ppi-undershoot,2026-08-09/news_03.md,^GSPC,10,0.5,0.5,-1.21,1.29,26,risk-off,medium,1,,,,,,
2026-08-09,china-cpi-ppi-undershoot,2026-08-09/news_03.md,^STOXX50E,1,0.01,-0.1,-0.67,0.61,26,risk-off,medium,0,2026-08-10,0.2387,1,,0.2287,2026-08-17
2026-08-09,china-cpi-ppi-undershoot,2026-08-09/news_03.md,^STOXX50E,3,-0.17,0.18,-0.82,1.08,26,risk-off,medium,1,2026-08-10,0.1507,1,0,0.3207,2026-08-17
2026-08-09,china-cpi-ppi-undershoot,2026-08-09/news_03.md,^STOXX50E,5,0.61,0.8,-0.75,2.28,26,risk-off,medium,1,,,,,,
2026-08-09,china-cpi-ppi-undershoot,2026-08-09/news_03.md,^STOXX50E,10,0.77,1.18,-1.2,3.81,25,risk-off,medium,1,,,,,,
2026-08-09,hormuz-iran-conditions,2026-08-09/news_01.md,BZ=F,1,0.19,0.06,-2.74,3.21,11,risk-off,medium,1,2026-08-10,4.9409,0,1,4.7509,2026-08-17
2026-08-09,hormuz-iran-conditions,2026-08-09/news_01.md,BZ=F,3,1.52,1.97,-1.79,7.59,11,risk-off,medium,1,2026-08-10,3.9145,1,1,2.3945,2026-08-17
2026-08-09,hormuz-iran-conditions,2026-08-09/news_01.md,BZ=F,5,1.26,4.23,-2.79,10.81,11,risk-off,medium,1,2026-08-10,5.6809,1,1,4.4209,2026-08-17
2026-08-09,hormuz-iran-conditions,2026-08-09/news_01.md,BZ=F,10,1.69,6.19,-0.87,13.19,11,risk-off,medium,1,,,,,,
2026-08-09,hormuz-iran-conditions,2026-08-09/news_01.md,CHF=X,1,0.41,0.25,-0.01,0.6,11,risk-off,medium,1,2026-08-10,0.1743,1,1,0.2357,2026-08-17
2026-08-09,hormuz-iran-conditions,2026-08-09/news_01.md,CHF=X,3,0.25,0.04,-0.57,0.43,11,risk-off,medium,1,2026-08-10,0.4995,0,1,0.2495,2026-08-17
2026-08-09,hormuz-iran-conditions,2026-08-09/news_01.md,CHF=X,5,-0.11,-0.02,-0.7,0.65,11,risk-off,medium,1,2026-08-10,0.5118,1,0,0.6218,2026-08-17
2026-08-09,hormuz-iran-conditions,2026-08-09/news_01.md,CHF=X,10,0.2,0.31,-0.65,1.08,11,risk-off,medium,1,,,,,,
2026-08-09,hormuz-iran-conditions,2026-08-09/news_01.md,DX-Y.NYB,1,-0.16,0.03,-0.22,0.25,11,risk-off,medium,1,2026-08-10,0.0963,1,0,0.2563,2026-08-17
2026-08-09,hormuz-iran-conditions,2026-08-09/news_01.md,DX-Y.NYB,3,-0.06,-0.02,-0.47,0.35,11,risk-off,medium,0,2026-08-10,0.2618,1,,0.3218,2026-08-17
2026-08-09,hormuz-iran-conditions,2026-08-09/news_01.md,DX-Y.NYB,5,-0.17,-0.07,-0.34,0.25,11,risk-off,medium,1,2026-08-10,-0.2267,1,1,0.0567,2026-08-17
2026-08-09,hormuz-iran-conditions,2026-08-09/news_01.md,DX-Y.NYB,10,0.11,-0.0,-0.35,0.45,11,risk-off,medium,1,,,,,,
2026-08-09,hormuz-iran-conditions,2026-08-09/news_01.md,GC=F,1,0.47,0.64,-0.47,1.25,11,risk-off,medium,1,2026-08-10,0.5924,1,1,0.1224,2026-08-17
2026-08-09,hormuz-iran-conditions,2026-08-09/news_01.md,GC=F,3,0.76,0.88,-0.3,2.09,11,risk-off,medium,1,2026-08-10,-0.9623,0,0,1.7223,2026-08-17
2026-08-09,hormuz-iran-conditions,2026-08-09/news_01.md,GC=F,5,-1.06,0.41,-1.71,2.62,11,risk-off,medium,1,2026-08-10,1.0894,1,0,2.1494,2026-08-17
2026-08-09,hormuz-iran-conditions,2026-08-09/news_01.md,GC=F,10,-0.48,-1.6,-3.88,3.0,11,risk-off,medium,1,,,,,,
2026-08-09,hormuz-iran-conditions,2026-08-09/news_01.md,JPY=X,1,0.21,0.17,0.06,0.33,11,risk-off,medium,1,2026-08-10,0.5312,0,1,0.3212,2026-08-17
2026-08-09,hormuz-iran-conditions,2026-08-09/news_01.md,JPY=X,3,0.22,0.23,0.01,0.5,11,risk-off,medium,1,2026-08-10,0.6265,0,1,0.4065,2026-08-17
2026-08-09,hormuz-iran-conditions,2026-08-09/news_01.md,JPY=X,5,0.38,0.41,0.06,0.61,11,risk-off,medium,1,2026-08-10,0.6120,0,1,0.2320,2026-08-17
2026-08-09,hormuz-iran-conditions,2026-08-09/news_01.md,JPY=X,10,0.51,0.58,0.09,1.34,11,risk-off,medium,1,,,,,,
2026-08-09,hormuz-iran-conditions,2026-08-09/news_01.md,TTF=F,1,0.1,-0.93,-5.59,2.03,11,risk-off,medium,1,2026-08-10,-2.6119,1,0,2.7119,2026-08-17
2026-08-09,hormuz-iran-conditions,2026-08-09/news_01.md,TTF=F,3,-1.67,-1.72,-7.32,0.78,11,risk-off,medium,1,2026-08-10,-2.0117,1,1,0.3417,2026-08-17
2026-08-09,hormuz-iran-conditions,2026-08-09/news_01.md,TTF=F,5,-1.32,-0.13,-10.14,5.7,11,risk-off,medium,1,2026-08-10,0.3407,1,0,1.6607,2026-08-17
2026-08-09,hormuz-iran-conditions,2026-08-09/news_01.md,TTF=F,10,-3.81,-0.77,-5.36,4.35,11,risk-off,medium,1,,,,,,
2026-08-09,hormuz-iran-conditions,2026-08-09/news_01.md,^GSPC,1,-0.09,-0.04,-0.62,0.58,11,risk-off,medium,0,2026-08-10,-0.3213,1,,0.2313,2026-08-17
2026-08-09,hormuz-iran-conditions,2026-08-09/news_01.md,^GSPC,3,-0.74,-0.05,-1.26,1.21,11,risk-off,medium,1,2026-08-10,0.5918,1,0,1.3318,2026-08-17
2026-08-09,hormuz-iran-conditions,2026-08-09/news_01.md,^GSPC,5,-0.52,0.0,-1.33,1.05,11,risk-off,medium,1,,,,,,
2026-08-09,hormuz-iran-conditions,2026-08-09/news_01.md,^GSPC,10,-1.47,0.03,-2.28,1.59,11,risk-off,medium,1,,,,,,
2026-08-09,hormuz-iran-conditions,2026-08-09/news_01.md,^VIX,1,-1.82,0.67,-3.64,5.78,11,risk-off,medium,1,2026-08-10,-1.1643,1,1,0.6557,2026-08-17
2026-08-09,hormuz-iran-conditions,2026-08-09/news_01.md,^VIX,3,-2.51,3.52,-6.85,12.21,11,risk-off,medium,1,2026-08-10,-5.3687,1,1,2.8587,2026-08-17
2026-08-09,hormuz-iran-conditions,2026-08-09/news_01.md,^VIX,5,3.55,2.94,-3.56,7.46,11,risk-off,medium,1,,,,,,
2026-08-09,hormuz-iran-conditions,2026-08-09/news_01.md,^VIX,10,2.55,-1.01,-9.22,9.23,11,risk-off,medium,1,,,,,,
2026-08-09,neocloud-ai-earnings-week,2026-08-09/news_06.md,SOXX,1,0.45,0.3,-1.04,2.01,19,neutral,low,1,2026-08-10,0.9086,1,1,0.4586,2026-08-17
2026-08-09,neocloud-ai-earnings-week,2026-08-09/news_06.md,SOXX,3,0.32,0.47,-2.43,3.31,19,neutral,low,1,2026-08-10,4.0329,0,1,3.7129,2026-08-17
2026-08-09,neocloud-ai-earnings-week,2026-08-09/news_06.md,SOXX,5,1.05,2.05,-1.26,5.27,19,neutral,low,1,,,,,,
2026-08-09,neocloud-ai-earnings-week,2026-08-09/news_06.md,SOXX,10,3.36,3.96,1.53,5.83,19,neutral,low,1,,,,,,
2026-08-09,neocloud-ai-earnings-week,2026-08-09/news_06.md,^GSPC,1,0.3,0.14,-0.08,0.81,19,neutral,low,1,2026-08-10,-0.3213,0,0,0.6213,2026-08-17
2026-08-09,neocloud-ai-earnings-week,2026-08-09/news_06.md,^GSPC,3,-0.15,-0.13,-1.25,1.1,19,neutral,low,1,2026-08-10,0.5918,1,0,0.7418,2026-08-17
2026-08-09,neocloud-ai-earnings-week,2026-08-09/news_06.md,^GSPC,5,0.65,0.76,-0.3,2.05,19,neutral,low,1,,,,,,
2026-08-09,neocloud-ai-earnings-week,2026-08-09/news_06.md,^GSPC,10,1.38,1.22,0.75,2.31,19,neutral,low,1,,,,,,
2026-08-09,neocloud-ai-earnings-week,2026-08-09/news_06.md,^NDX,1,0.45,0.24,-0.0,1.16,19,neutral,low,1,2026-08-10,-0.3252,0,0,0.7752,2026-08-17
2026-08-09,neocloud-ai-earnings-week,2026-08-09/news_06.md,^NDX,3,0.11,0.22,-1.17,2.03,19,neutral,low,1,2026-08-10,1.5620,1,1,1.4520,2026-08-17
2026-08-09,neocloud-ai-earnings-week,2026-08-09/news_06.md,^NDX,5,0.81,1.33,-0.34,3.73,19,neutral,low,1,,,,,,
2026-08-09,neocloud-ai-earnings-week,2026-08-09/news_06.md,^NDX,10,2.36,2.17,1.27,4.2,19,neutral,low,1,,,,,,
2026-08-09,neocloud-ai-earnings-week,2026-08-09/news_06.md,^VIX,1,-4.35,-2.47,-7.71,2.27,19,neutral,low,1,2026-08-10,-1.1643,1,1,3.1857,2026-08-17
2026-08-09,neocloud-ai-earnings-week,2026-08-09/news_06.md,^VIX,3,2.75,4.63,-9.57,11.54,19,neutral,low,1,2026-08-10,-5.3687,1,0,8.1187,2026-08-17
2026-08-09,neocloud-ai-earnings-week,2026-08-09/news_06.md,^VIX,5,-5.72,-3.49,-17.46,4.61,19,neutral,low,1,,,,,,
2026-08-09,neocloud-ai-earnings-week,2026-08-09/news_06.md,^VIX,10,-8.33,-8.72,-23.15,0.05,19,neutral,low,1,,,,,,
2026-08-09,russia-sanctions-refineries,2026-08-09/news_02.md,BZ=F,1,0.2,0.69,-0.47,1.65,19,risk-off,medium,1,2026-08-10,4.9409,0,1,4.7409,2026-08-17
2026-08-09,russia-sanctions-refineries,2026-08-09/news_02.md,BZ=F,3,1.47,1.35,-0.95,2.56,19,risk-off,medium,1,2026-08-10,3.9145,0,1,2.4445,2026-08-17
2026-08-09,russia-sanctions-refineries,2026-08-09/news_02.md,BZ=F,5,1.29,1.58,-1.36,3.08,19,risk-off,medium,1,2026-08-10,5.6809,0,1,4.3909,2026-08-17
2026-08-09,russia-sanctions-refineries,2026-08-09/news_02.md,BZ=F,10,-0.8,0.83,-3.66,3.63,19,risk-off,medium,1,,,,,,
2026-08-09,russia-sanctions-refineries,2026-08-09/news_02.md,CNY=X,1,0.0,0.04,-0.0,0.05,19,risk-off,medium,0,2026-08-09,-0.0519,0,,0.0519,2026-08-10
2026-08-09,russia-sanctions-refineries,2026-08-09/news_02.md,CNY=X,3,-0.01,0.0,-0.1,0.14,19,risk-off,medium,0,2026-08-09,-0.0370,1,,0.0270,2026-08-17
2026-08-09,russia-sanctions-refineries,2026-08-09/news_02.md,CNY=X,5,-0.07,0.0,-0.26,0.29,19,risk-off,medium,0,2026-08-09,-0.0800,1,,0.0100,2026-08-17
2026-08-09,russia-sanctions-refineries,2026-08-09/news_02.md,CNY=X,10,-0.04,-0.04,-0.29,0.28,19,risk-off,medium,0,,,,,,
2026-08-09,russia-sanctions-refineries,2026-08-09/news_02.md,EXH9.DE,1,0.14,0.06,-0.01,0.57,19,risk-off,medium,1,2026-08-10,0.1923,1,1,0.0523,2026-08-17
2026-08-09,russia-sanctions-refineries,2026-08-09/news_02.md,EXH9.DE,3,1.14,0.66,0.2,1.36,19,risk-off,medium,1,2026-08-10,-0.3497,0,0,1.4897,2026-08-17
2026-08-09,russia-sanctions-refineries,2026-08-09/news_02.md,EXH9.DE,5,0.84,0.86,-0.01,2.26,19,risk-off,medium,1,,,,,,
2026-08-09,russia-sanctions-refineries,2026-08-09/news_02.md,EXH9.DE,10,1.23,1.33,-0.52,3.24,19,risk-off,medium,1,,,,,,
2026-08-09,russia-sanctions-refineries,2026-08-09/news_02.md,GC=F,1,-0.13,-0.1,-0.78,1.01,19,risk-off,medium,1,2026-08-10,0.5924,1,0,0.7224,2026-08-17
2026-08-09,russia-sanctions-refineries,2026-08-09/news_02.md,GC=F,3,0.2,-0.12,-1.13,1.14,19,risk-off,medium,1,2026-08-10,-0.9623,1,0,1.1623,2026-08-17
2026-08-09,russia-sanctions-refineries,2026-08-09/news_02.md,GC=F,5,0.41,-0.05,-1.53,1.29,19,risk-off,medium,1,2026-08-10,1.0894,1,1,0.6794,2026-08-17
2026-08-09,russia-sanctions-refineries,2026-08-09/news_02.md,GC=F,10,1.07,0.74,-1.76,3.49,19,risk-off,medium,1,,,,,,
2026-08-09,russia-sanctions-refineries,2026-08-09/news_02.md,TTF=F,1,-0.14,1.08,-1.39,2.5,19,risk-off,medium,1,2026-08-10,-2.6119,0,1,2.4719,2026-08-17
2026-08-09,russia-sanctions-refineries,2026-08-09/news_02.md,TTF=F,3,-1.16,0.11,-2.94,3.49,19,risk-off,medium,1,2026-08-10,-2.0117,1,1,0.8517,2026-08-17
2026-08-09,russia-sanctions-refineries,2026-08-09/news_02.md,TTF=F,5,0.32,0.59,-4.21,3.93,19,risk-off,medium,1,2026-08-10,0.3407,1,1,0.0207,2026-08-17
2026-08-09,russia-sanctions-refineries,2026-08-09/news_02.md,TTF=F,10,-2.69,-1.99,-3.77,1.75,19,risk-off,medium,1,,,,,,
2026-08-09,russia-sanctions-refineries,2026-08-09/news_02.md,^STOXX50E,1,-0.0,0.08,-0.3,0.71,19,risk-off,medium,0,2026-08-10,0.2387,1,,0.2387,2026-08-17
2026-08-09,russia-sanctions-refineries,2026-08-09/news_02.md,^STOXX50E,3,0.44,0.14,-0.76,1.19,19,risk-off,medium,1,2026-08-10,0.1507,1,1,0.2893,2026-08-17
2026-08-09,russia-sanctions-refineries,2026-08-09/news_02.md,^STOXX50E,5,0.17,0.19,-0.8,1.1,19,risk-off,medium,1,,,,,,
2026-08-09,russia-sanctions-refineries,2026-08-09/news_02.md,^STOXX50E,10,-0.91,0.2,-1.55,2.09,19,risk-off,medium,1,,,,,,
2026-08-09,trump-warsh-fed-board,2026-08-09/news_04.md,DX-Y.NYB,1,-0.04,0.01,-0.15,0.19,11,hawkish,low,0,2026-08-10,0.0963,1,,0.1363,2026-08-17
2026-08-09,trump-warsh-fed-board,2026-08-09/news_04.md,DX-Y.NYB,3,0.07,-0.04,-0.18,0.41,11,hawkish,low,0,2026-08-10,0.2618,1,,0.1918,2026-08-17
2026-08-09,trump-warsh-fed-board,2026-08-09/news_04.md,DX-Y.NYB,5,0.17,-0.3,-0.69,0.65,11,hawkish,low,1,2026-08-10,-0.2267,1,0,0.3967,2026-08-17
2026-08-09,trump-warsh-fed-board,2026-08-09/news_04.md,DX-Y.NYB,10,0.82,0.09,-0.9,1.35,11,hawkish,low,1,,,,,,
2026-08-09,trump-warsh-fed-board,2026-08-09/news_04.md,GC=F,1,0.34,0.24,-0.57,1.3,11,hawkish,low,1,2026-08-10,0.5924,1,1,0.2524,2026-08-17
2026-08-09,trump-warsh-fed-board,2026-08-09/news_04.md,GC=F,3,1.48,1.45,0.5,2.29,11,hawkish,low,1,2026-08-10,-0.9623,0,0,2.4423,2026-08-17
2026-08-09,trump-warsh-fed-board,2026-08-09/news_04.md,GC=F,5,3.37,3.2,1.5,5.06,11,hawkish,low,1,2026-08-10,1.0894,0,1,2.2806,2026-08-17
2026-08-09,trump-warsh-fed-board,2026-08-09/news_04.md,GC=F,10,1.73,2.59,-0.9,5.7,11,hawkish,low,1,,,,,,
2026-08-09,trump-warsh-fed-board,2026-08-09/news_04.md,IEF,1,-0.06,-0.06,-0.2,0.09,11,hawkish,low,0,2026-08-10,0.1186,0,,0.1786,2026-08-17
2026-08-09,trump-warsh-fed-board,2026-08-09/news_04.md,IEF,3,-0.15,-0.2,-0.81,0.29,11,hawkish,low,1,2026-08-10,0.5821,0,0,0.7321,2026-08-17
2026-08-09,trump-warsh-fed-board,2026-08-09/news_04.md,IEF,5,0.02,-0.31,-0.56,0.17,11,hawkish,low,0,,,,,,
2026-08-09,trump-warsh-fed-board,2026-08-09/news_04.md,IEF,10,0.02,-0.16,-1.24,0.68,11,hawkish,low,0,,,,,,
2026-08-09,trump-warsh-fed-board,2026-08-09/news_04.md,^GSPC,1,0.41,0.38,-0.03,0.53,11,hawkish,low,1,2026-08-10,-0.3213,0,0,0.7313,2026-08-17
2026-08-09,trump-warsh-fed-board,2026-08-09/news_04.md,^GSPC,3,1.09,1.63,0.61,1.73,11,hawkish,low,1,2026-08-10,0.5918,0,1,0.4982,2026-08-17
2026-08-09,trump-warsh-fed-board,2026-08-09/news_04.md,^GSPC,5,1.44,1.67,0.48,2.06,11,hawkish,low,1,,,,,,
2026-08-09,trump-warsh-fed-board,2026-08-09/news_04.md,^GSPC,10,1.14,1.36,0.36,2.06,11,hawkish,low,1,,,,,,
2026-08-09,trump-warsh-fed-board,2026-08-09/news_04.md,^TNX,1,-0.09,0.31,-0.42,0.76,11,hawkish,low,0,2026-08-10,-0.3192,1,,0.2292,2026-08-17
2026-08-09,trump-warsh-fed-board,2026-08-09/news_04.md,^TNX,3,0.59,1.29,-0.86,2.98,11,hawkish,low,1,2026-08-10,-1.2343,0,0,1.8243,2026-08-17
2026-08-09,trump-warsh-fed-board,2026-08-09/news_04.md,^TNX,5,0.05,1.58,-0.16,2.09,11,hawkish,low,0,,,,,,
2026-08-09,trump-warsh-fed-board,2026-08-09/news_04.md,^TNX,10,0.52,1.35,-1.75,4.88,11,hawkish,low,1,,,,,,
2026-08-09,trump-warsh-fed-board,2026-08-09/news_04.md,^VIX,1,-1.13,-1.95,-5.43,1.34,11,hawkish,low,1,2026-08-10,-1.1643,1,1,0.0343,2026-08-17
2026-08-09,trump-warsh-fed-board,2026-08-09/news_04.md,^VIX,3,-2.09,-4.89,-9.54,1.42,11,hawkish,low,1,2026-08-10,-5.3687,1,1,3.2787,2026-08-17
2026-08-09,trump-warsh-fed-board,2026-08-09/news_04.md,^VIX,5,-2.41,-4.0,-10.46,0.8,11,hawkish,low,1,,,,,,
2026-08-09,trump-warsh-fed-board,2026-08-09/news_04.md,^VIX,10,1.96,0.61,-5.84,6.18,11,hawkish,low,1,,,,,,
2026-08-09,us-cpi-july-preview,2026-08-09/news_05.md,DX-Y.NYB,1,0.13,0.06,-0.2,0.45,24,dovish,medium,1,2026-08-10,0.0963,1,1,0.0337,2026-08-17
2026-08-09,us-cpi-july-preview,2026-08-09/news_05.md,DX-Y.NYB,3,-0.14,-0.15,-0.55,0.5,24,dovish,medium,1,2026-08-10,0.2618,1,0,0.4018,2026-08-17
2026-08-09,us-cpi-july-preview,2026-08-09/news_05.md,DX-Y.NYB,5,-0.11,-0.25,-0.58,0.3,24,dovish,medium,1,2026-08-10,-0.2267,1,1,0.1167,2026-08-17
2026-08-09,us-cpi-july-preview,2026-08-09/news_05.md,DX-Y.NYB,10,0.41,-0.19,-1.31,0.89,24,dovish,medium,1,,,,,,
2026-08-09,us-cpi-july-preview,2026-08-09/news_05.md,GC=F,1,-0.34,-0.36,-1.03,0.16,24,dovish,medium,1,2026-08-10,0.5924,0,0,0.9324,2026-08-17
2026-08-09,us-cpi-july-preview,2026-08-09/news_05.md,GC=F,3,-0.13,-0.02,-0.86,0.94,24,dovish,medium,1,2026-08-10,-0.9623,0,1,0.8323,2026-08-17
2026-08-09,us-cpi-july-preview,2026-08-09/news_05.md,GC=F,5,0.07,0.19,-0.7,1.33,24,dovish,medium,0,2026-08-10,1.0894,1,,1.0194,2026-08-17
2026-08-09,us-cpi-july-preview,2026-08-09/news_05.md,GC=F,10,-0.28,0.89,-1.21,3.0,24,dovish,medium,1,,,,,,
2026-08-09,us-cpi-july-preview,2026-08-09/news_05.md,IEF,1,-0.19,-0.14,-0.39,0.21,24,dovish,medium,1,2026-08-10,0.1186,1,0,0.3086,2026-08-17
2026-08-09,us-cpi-july-preview,2026-08-09/news_05.md,IEF,3,-0.09,-0.15,-0.65,0.26,24,dovish,medium,0,2026-08-10,0.5821,0,,0.6721,2026-08-17
2026-08-09,us-cpi-july-preview,2026-08-09/news_05.md,IEF,5,-0.15,-0.31,-1.16,0.32,24,dovish,medium,1,,,,,,
2026-08-09,us-cpi-july-preview,2026-08-09/news_05.md,IEF,10,-0.49,-0.52,-1.91,0.45,24,dovish,medium,1,,,,,,
2026-08-09,us-cpi-july-preview,2026-08-09/news_05.md,^GSPC,1,-0.05,-0.17,-0.61,0.32,24,dovish,medium,0,2026-08-10,-0.3213,1,,0.2713,2026-08-17
2026-08-09,us-cpi-july-preview,2026-08-09/news_05.md,^GSPC,3,0.5,0.0,-1.86,1.48,24,dovish,medium,1,2026-08-10,0.5918,1,1,0.0918,2026-08-17
2026-08-09,us-cpi-july-preview,2026-08-09/news_05.md,^GSPC,5,0.63,-0.07,-1.85,1.46,24,dovish,medium,1,,,,,,
2026-08-09,us-cpi-july-preview,2026-08-09/news_05.md,^GSPC,10,1.08,-0.04,-3.0,2.2,24,dovish,medium,1,,,,,,
2026-08-09,us-cpi-july-preview,2026-08-09/news_05.md,^NDX,1,-0.07,-0.18,-0.8,0.74,24,dovish,medium,0,2026-08-10,-0.3252,1,,0.2552,2026-08-17
2026-08-09,us-cpi-july-preview,2026-08-09/news_05.md,^NDX,3,0.65,0.04,-1.95,1.46,24,dovish,medium,1,2026-08-10,1.5620,0,1,0.9120,2026-08-17
2026-08-09,us-cpi-july-preview,2026-08-09/news_05.md,^NDX,5,0.59,-0.13,-2.6,1.94,24,dovish,medium,1,,,,,,
2026-08-09,us-cpi-july-preview,2026-08-09/news_05.md,^NDX,10,0.74,-0.14,-3.05,2.56,24,dovish,medium,1,,,,,,
2026-08-09,us-cpi-july-preview,2026-08-09/news_05.md,^TNX,1,0.69,0.55,-0.11,1.29,24,dovish,medium,1,2026-08-10,-0.3192,0,0,1.0092,2026-08-17
2026-08-09,us-cpi-july-preview,2026-08-09/news_05.md,^TNX,3,0.18,0.85,-0.56,2.06,24,dovish,medium,1,2026-08-10,-1.2343,0,0,1.4143,2026-08-17
2026-08-09,us-cpi-july-preview,2026-08-09/news_05.md,^TNX,5,0.66,1.5,-0.73,3.94,24,dovish,medium,1,,,,,,
2026-08-09,us-cpi-july-preview,2026-08-09/news_05.md,^TNX,10,2.26,2.47,-0.76,6.6,24,dovish,medium,1,,,,,,
2026-08-10,hormuz-signalling-gap,2026-08-10/news_01.md,BZ=F,1,0.11,-0.32,-2.74,1.64,15,risk-off,medium,1,2026-08-10,4.9409,0,1,4.8309,2026-08-17
2026-08-10,hormuz-signalling-gap,2026-08-10/news_01.md,BZ=F,3,1.03,1.51,-1.79,6.17,15,risk-off,medium,1,2026-08-10,3.9145,1,1,2.8845,2026-08-17
2026-08-10,hormuz-signalling-gap,2026-08-10/news_01.md,BZ=F,5,1.26,3.05,-2.79,6.39,15,risk-off,medium,1,2026-08-10,5.6809,1,1,4.4209,2026-08-17
2026-08-10,hormuz-signalling-gap,2026-08-10/news_01.md,BZ=F,10,0.99,4.57,-1.87,10.03,15,risk-off,medium,1,,,,,,
2026-08-10,hormuz-signalling-gap,2026-08-10/news_01.md,CHF=X,1,0.27,0.18,-0.06,0.51,15,risk-off,medium,1,2026-08-10,0.1743,1,1,0.0957,2026-08-17
2026-08-10,hormuz-signalling-gap,2026-08-10/news_01.md,CHF=X,3,0.26,0.11,-0.57,0.91,15,risk-off,medium,1,2026-08-10,0.4995,1,1,0.2395,2026-08-17
2026-08-10,hormuz-signalling-gap,2026-08-10/news_01.md,CHF=X,5,0.29,0.12,-0.7,1.11,15,risk-off,medium,1,2026-08-10,0.5118,1,1,0.2218,2026-08-17
2026-08-10,hormuz-signalling-gap,2026-08-10/news_01.md,CHF=X,10,0.2,0.27,-0.65,1.2,15,risk-off,medium,1,,,,,,
2026-08-10,hormuz-signalling-gap,2026-08-10/news_01.md,DX-Y.NYB,1,0.08,0.1,-0.22,0.42,15,risk-off,medium,0,2026-08-10,0.0963,1,,0.0163,2026-08-17
2026-08-10,hormuz-signalling-gap,2026-08-10/news_01.md,DX-Y.NYB,3,0.02,0.11,-0.47,0.63,15,risk-off,medium,0,2026-08-10,0.2618,1,,0.2418,2026-08-17
2026-08-10,hormuz-signalling-gap,2026-08-10/news_01.md,DX-Y.NYB,5,-0.09,0.01,-0.34,0.67,15,risk-off,medium,0,2026-08-10,-0.2267,1,,0.1367,2026-08-17
2026-08-10,hormuz-signalling-gap,2026-08-10/news_01.md,DX-Y.NYB,10,0.11,0.13,-0.41,0.53,15,risk-off,medium,1,,,,,,
2026-08-10,hormuz-signalling-gap,2026-08-10/news_01.md,GC=F,1,-0.12,0.2,-0.91,0.66,15,risk-off,medium,1,2026-08-10,0.5924,1,0,0.7124,2026-08-17
2026-08-10,hormuz-signalling-gap,2026-08-10/news_01.md,GC=F,3,0.33,0.32,-1.32,1.37,15,risk-off,medium,1,2026-08-10,-0.9623,1,0,1.2923,2026-08-17
2026-08-10,hormuz-signalling-gap,2026-08-10/news_01.md,GC=F,5,-1.3,-0.11,-1.94,1.87,15,risk-off,medium,1,2026-08-10,1.0894,1,0,2.3894,2026-08-17
2026-08-10,hormuz-signalling-gap,2026-08-10/news_01.md,GC=F,10,-0.48,-1.04,-1.75,2.53,15,risk-off,medium,1,,,,,,
2026-08-10,hormuz-signalling-gap,2026-08-10/news_01.md,JPY=X,1,0.16,0.17,0.01,0.33,15,risk-off,medium,1,2026-08-10,0.5312,0,1,0.3712,2026-08-17
2026-08-10,hormuz-signalling-gap,2026-08-10/news_01.md,JPY=X,3,0.29,0.42,0.01,0.94,15,risk-off,medium,1,2026-08-10,0.6265,1,1,0.3365,2026-08-17
2026-08-10,hormuz-signalling-gap,2026-08-10/news_01.md,JPY=X,5,0.49,0.63,0.06,1.01,15,risk-off,medium,1,2026-08-10,0.6120,1,1,0.1220,2026-08-17
2026-08-10,hormuz-signalling-gap,2026-08-10/news_01.md,JPY=X,10,0.82,0.83,0.09,1.67,15,risk-off,medium,1,,,,,,
2026-08-10,hormuz-signalling-gap,2026-08-10/news_01.md,^GSPC,1,0.01,0.04,-0.38,0.58,15,risk-off,medium,0,2026-08-10,-0.3213,1,,0.3313,2026-08-17
2026-08-10,hormuz-signalling-gap,2026-08-10/news_01.md,^GSPC,3,-0.06,0.09,-1.13,1.21,15,risk-off,medium,0,2026-08-10,0.5918,1,,0.6518,2026-08-17
2026-08-10,hormuz-signalling-gap,2026-08-10/news_01.md,^GSPC,5,-0.44,0.24,-1.33,1.83,15,risk-off,medium,1,,,,,,
2026-08-10,hormuz-signalling-gap,2026-08-10/news_01.md,^GSPC,10,-1.24,0.49,-1.89,2.87,15,risk-off,medium,1,,,,,,
2026-08-10,hormuz-signalling-gap,2026-08-10/news_01.md,^STOXX50E,1,0.18,0.36,-0.38,1.39,15,risk-off,medium,1,2026-08-10,0.2387,1,1,0.0587,2026-08-17
2026-08-10,hormuz-signalling-gap,2026-08-10/news_01.md,^STOXX50E,3,0.2,0.14,-0.93,0.81,15,risk-off,medium,1,2026-08-10,0.1507,1,1,0.0493,2026-08-17
2026-08-10,hormuz-signalling-gap,2026-08-10/news_01.md,^STOXX50E,5,0.47,0.19,-0.7,1.22,15,risk-off,medium,1,,,,,,
2026-08-10,hormuz-signalling-gap,2026-08-10/news_01.md,^STOXX50E,10,-0.04,0.45,-1.35,1.53,15,risk-off,medium,0,,,,,,
2026-08-10,hormuz-signalling-gap,2026-08-10/news_01.md,^VIX,1,-1.82,0.38,-3.64,6.06,15,risk-off,medium,1,2026-08-10,-1.1643,1,1,0.6557,2026-08-17
2026-08-10,hormuz-signalling-gap,2026-08-10/news_01.md,^VIX,3,-0.26,3.05,-6.85,11.81,15,risk-off,medium,1,2026-08-10,-5.3687,1,1,5.1087,2026-08-17
2026-08-10,hormuz-signalling-gap,2026-08-10/news_01.md,^VIX,5,3.86,3.14,-3.56,9.95,15,risk-off,medium,1,,,,,,
2026-08-10,hormuz-signalling-gap,2026-08-10/news_01.md,^VIX,10,4.54,0.41,-9.22,9.23,15,risk-off,medium,1,,,,,,
2026-08-10,jazan-hormuz-oil-supply,2026-08-10/news_02.md,BZ=F,1,0.45,0.35,-0.24,1.5,15,bearish (per gli attivi rischiosi) / rialzista sul greggio,medium,1,2026-08-10,4.9409,0,1,4.4909,2026-08-17
2026-08-10,jazan-hormuz-oil-supply,2026-08-10/news_02.md,BZ=F,3,1.57,0.94,-4.05,4.75,15,bearish (per gli attivi rischiosi) / rialzista sul greggio,medium,1,2026-08-10,3.9145,1,1,2.3445,2026-08-17
2026-08-10,jazan-hormuz-oil-supply,2026-08-10/news_02.md,BZ=F,5,1.61,2.37,-3.47,5.02,15,bearish (per gli attivi rischiosi) / rialzista sul greggio,medium,1,2026-08-10,5.6809,0,1,4.0709,2026-08-17
2026-08-10,jazan-hormuz-oil-supply,2026-08-10/news_02.md,BZ=F,10,-0.17,2.67,-4.84,9.53,15,bearish (per gli attivi rischiosi) / rialzista sul greggio,medium,1,,,,,,
2026-08-10,jazan-hormuz-oil-supply,2026-08-10/news_02.md,EXH9.DE,1,0.75,0.27,-0.54,1.02,15,bearish (per gli attivi rischiosi) / rialzista sul greggio,medium,1,2026-08-10,0.1923,1,1,0.5577,2026-08-17
2026-08-10,jazan-hormuz-oil-supply,2026-08-10/news_02.md,EXH9.DE,3,0.37,0.44,-0.51,1.81,15,bearish (per gli attivi rischiosi) / rialzista sul greggio,medium,1,2026-08-10,-0.3497,1,0,0.7197,2026-08-17
2026-08-10,jazan-hormuz-oil-supply,2026-08-10/news_02.md,EXH9.DE,5,1.44,1.01,0.25,2.16,15,bearish (per gli attivi rischiosi) / rialzista sul greggio,medium,1,,,,,,
2026-08-10,jazan-hormuz-oil-supply,2026-08-10/news_02.md,EXH9.DE,10,1.85,1.99,-0.63,4.7,15,bearish (per gli attivi rischiosi) / rialzista sul greggio,medium,1,,,,,,
2026-08-10,jazan-hormuz-oil-supply,2026-08-10/news_02.md,GC=F,1,0.13,0.27,-0.44,0.66,15,bearish (per gli attivi rischiosi) / rialzista sul greggio,medium,1,2026-08-10,0.5924,1,1,0.4624,2026-08-17
2026-08-10,jazan-hormuz-oil-supply,2026-08-10/news_02.md,GC=F,3,0.33,0.24,-0.98,0.68,15,bearish (per gli attivi rischiosi) / rialzista sul greggio,medium,1,2026-08-10,-0.9623,1,0,1.2923,2026-08-17
2026-08-10,jazan-hormuz-oil-supply,2026-08-10/news_02.md,GC=F,5,0.54,0.35,-1.9,2.09,15,bearish (per gli attivi rischiosi) / rialzista sul greggio,medium,1,2026-08-10,1.0894,1,1,0.5494,2026-08-17
2026-08-10,jazan-hormuz-oil-supply,2026-08-10/news_02.md,GC=F,10,-0.86,-0.82,-2.29,0.2,15,bearish (per gli attivi rischiosi) / rialzista sul greggio,medium,1,,,,,,
2026-08-10,jazan-hormuz-oil-supply,2026-08-10/news_02.md,HG=F,1,0.16,0.47,-0.4,1.37,15,bearish (per gli attivi rischiosi) / rialzista sul greggio,medium,1,2026-08-10,-0.3461,1,0,0.5061,2026-08-17
2026-08-10,jazan-hormuz-oil-supply,2026-08-10/news_02.md,HG=F,3,0.73,0.64,-0.29,1.64,15,bearish (per gli attivi rischiosi) / rialzista sul greggio,medium,1,2026-08-10,-0.8125,0,0,1.5425,2026-08-17
2026-08-10,jazan-hormuz-oil-supply,2026-08-10/news_02.md,HG=F,5,2.05,1.0,-0.39,2.37,15,bearish (per gli attivi rischiosi) / rialzista sul greggio,medium,1,2026-08-10,1.3090,1,1,0.7410,2026-08-17
2026-08-10,jazan-hormuz-oil-supply,2026-08-10/news_02.md,HG=F,10,-0.07,1.04,-1.96,4.05,15,bearish (per gli attivi rischiosi) / rialzista sul greggio,medium,0,,,,,,
2026-08-10,jazan-hormuz-oil-supply,2026-08-10/news_02.md,TTF=F,1,-0.66,-0.38,-3.91,1.55,15,bearish (per gli attivi rischiosi) / rialzista sul greggio,medium,1,2026-08-10,-2.6119,1,1,1.9519,2026-08-17
2026-08-10,jazan-hormuz-oil-supply,2026-08-10/news_02.md,TTF=F,3,-0.62,-1.18,-4.6,2.78,15,bearish (per gli attivi rischiosi) / rialzista sul greggio,medium,1,2026-08-10,-2.0117,1,1,1.3917,2026-08-17
2026-08-10,jazan-hormuz-oil-supply,2026-08-10/news_02.md,TTF=F,5,-5.89,-1.78,-9.24,-0.41,15,bearish (per gli attivi rischiosi) / rialzista sul greggio,medium,1,2026-08-10,0.3407,0,0,6.2307,2026-08-17
2026-08-10,jazan-hormuz-oil-supply,2026-08-10/news_02.md,TTF=F,10,-5.7,-2.33,-11.13,6.27,15,bearish (per gli attivi rischiosi) / rialzista sul greggio,medium,1,,,,,,
2026-08-10,jazan-hormuz-oil-supply,2026-08-10/news_02.md,^GSPC,1,0.01,-0.04,-0.62,0.56,15,bearish (per gli attivi rischiosi) / rialzista sul greggio,medium,0,2026-08-10,-0.3213,1,,0.3313,2026-08-17
2026-08-10,jazan-hormuz-oil-supply,2026-08-10/news_02.md,^GSPC,3,0.29,0.11,-1.06,0.83,15,bearish (per gli attivi rischiosi) / rialzista sul greggio,medium,1,2026-08-10,0.5918,1,1,0.3018,2026-08-17
2026-08-10,jazan-hormuz-oil-supply,2026-08-10/news_02.md,^GSPC,5,-0.17,0.06,-1.13,1.56,15,bearish (per gli attivi rischiosi) / rialzista sul greggio,medium,1,,,,,,
2026-08-10,jazan-hormuz-oil-supply,2026-08-10/news_02.md,^GSPC,10,-0.34,0.32,-1.69,2.29,15,bearish (per gli attivi rischiosi) / rialzista sul greggio,medium,1,,,,,,
2026-08-10,jazan-hormuz-oil-supply,2026-08-10/news_02.md,^N225,1,-0.74,-0.74,-2.06,0.15,15,bearish (per gli attivi rischiosi) / rialzista sul greggio,medium,1,2026-08-10,0.8303,0,0,1.5703,2026-08-17
2026-08-10,jazan-hormuz-oil-supply,2026-08-10/news_02.md,^N225,3,-0.04,-0.35,-1.74,0.6,15,bearish (per gli attivi rischiosi) / rialzista sul greggio,medium,0,2026-08-10,2.6035,0,,2.6435,2026-08-17
2026-08-10,jazan-hormuz-oil-supply,2026-08-10/news_02.md,^N225,5,0.39,-0.0,-2.04,2.32,15,bearish (per gli attivi rischiosi) / rialzista sul greggio,medium,1,,,,,,
2026-08-10,jazan-hormuz-oil-supply,2026-08-10/news_02.md,^N225,10,-0.04,0.43,-3.01,2.27,15,bearish (per gli attivi rischiosi) / rialzista sul greggio,medium,0,,,,,,
2026-08-10,jazan-hormuz-oil-supply,2026-08-10/news_02.md,^TNX,1,0.58,0.25,-0.28,1.15,15,bearish (per gli attivi rischiosi) / rialzista sul greggio,medium,1,2026-08-10,-0.3192,0,0,0.8992,2026-08-17
2026-08-10,jazan-hormuz-oil-supply,2026-08-10/news_02.md,^TNX,3,0.41,0.76,-1.5,2.17,15,bearish (per gli attivi rischiosi) / rialzista sul greggio,medium,1,2026-08-10,-1.2343,1,0,1.6443,2026-08-17
2026-08-10,jazan-hormuz-oil-supply,2026-08-10/news_02.md,^TNX,5,0.46,0.47,-2.08,2.12,15,bearish (per gli attivi rischiosi) / rialzista sul greggio,medium,1,,,,,,
2026-08-10,jazan-hormuz-oil-supply,2026-08-10/news_02.md,^TNX,10,-0.3,0.15,-3.94,3.69,15,bearish (per gli attivi rischiosi) / rialzista sul greggio,medium,1,,,,,,
2026-08-10,payrolls-contraction-fed-repricing,2026-08-10/news_03.md,DX-Y.NYB,1,0.07,0.07,-0.06,0.26,30,dovish,high,0,2026-08-10,0.0963,1,,0.0263,2026-08-17
2026-08-10,payrolls-contraction-fed-repricing,2026-08-10/news_03.md,DX-Y.NYB,3,-0.01,-0.08,-0.51,0.46,30,dovish,high,0,2026-08-10,0.2618,1,,0.2718,2026-08-17
2026-08-10,payrolls-contraction-fed-repricing,2026-08-10/news_03.md,DX-Y.NYB,5,0.25,-0.13,-0.73,0.66,30,dovish,high,1,2026-08-10,-0.2267,1,0,0.4767,2026-08-17
2026-08-10,payrolls-contraction-fed-repricing,2026-08-10/news_03.md,DX-Y.NYB,10,0.4,-0.2,-1.85,1.31,30,dovish,high,1,,,,,,
2026-08-10,payrolls-contraction-fed-repricing,2026-08-10/news_03.md,EURUSD=X,1,-0.1,-0.11,-0.5,0.26,30,dovish,high,1,2026-08-10,-0.1154,1,1,0.0154,2026-08-17
2026-08-10,payrolls-contraction-fed-repricing,2026-08-10/news_03.md,EURUSD=X,3,-0.2,0.05,-0.57,0.3,30,dovish,high,1,2026-08-10,-0.2421,1,1,0.0421,2026-08-17
2026-08-10,payrolls-contraction-fed-repricing,2026-08-10/news_03.md,EURUSD=X,5,-0.29,0.19,-0.64,0.71,30,dovish,high,1,2026-08-10,0.2782,1,0,0.5682,2026-08-17
2026-08-10,payrolls-contraction-fed-repricing,2026-08-10/news_03.md,EURUSD=X,10,-0.43,0.24,-1.15,1.4,30,dovish,high,1,,,,,,
2026-08-10,payrolls-contraction-fed-repricing,2026-08-10/news_03.md,GC=F,1,-0.05,-0.19,-0.95,0.86,30,dovish,high,0,2026-08-10,0.5924,1,,0.6424,2026-08-17
2026-08-10,payrolls-contraction-fed-repricing,2026-08-10/news_03.md,GC=F,3,0.42,0.14,-1.46,1.4,30,dovish,high,1,2026-08-10,-0.9623,1,0,1.3823,2026-08-17
2026-08-10,payrolls-contraction-fed-repricing,2026-08-10/news_03.md,GC=F,5,0.52,0.1,-1.69,1.69,30,dovish,high,1,2026-08-10,1.0894,1,1,0.5694,2026-08-17
2026-08-10,payrolls-contraction-fed-repricing,2026-08-10/news_03.md,GC=F,10,1.82,2.33,-0.37,4.46,30,dovish,high,1,,,,,,
2026-08-10,payrolls-contraction-fed-repricing,2026-08-10/news_03.md,IEF,1,-0.18,-0.17,-0.33,0.05,30,dovish,high,1,2026-08-10,0.1186,0,0,0.2986,2026-08-17
2026-08-10,payrolls-contraction-fed-repricing,2026-08-10/news_03.md,IEF,3,-0.2,-0.4,-0.84,0.07,30,dovish,high,1,2026-08-10,0.5821,0,0,0.7821,2026-08-17
2026-08-10,payrolls-contraction-fed-repricing,2026-08-10/news_03.md,IEF,5,-0.34,-0.46,-0.76,0.1,30,dovish,high,1,,,,,,
2026-08-10,payrolls-contraction-fed-repricing,2026-08-10/news_03.md,IEF,10,-0.28,-0.39,-1.1,0.37,30,dovish,high,1,,,,,,
2026-08-10,payrolls-contraction-fed-repricing,2026-08-10/news_03.md,^GSPC,1,-0.01,0.03,-0.5,0.26,30,dovish,high,0,2026-08-10,-0.3213,1,,0.3113,2026-08-17
2026-08-10,payrolls-contraction-fed-repricing,2026-08-10/news_03.md,^GSPC,3,0.01,0.34,-0.95,0.79,30,dovish,high,0,2026-08-10,0.5918,1,,0.5818,2026-08-17
2026-08-10,payrolls-contraction-fed-repricing,2026-08-10/news_03.md,^GSPC,5,0.35,0.44,-0.82,1.05,30,dovish,high,1,,,,,,
2026-08-10,payrolls-contraction-fed-repricing,2026-08-10/news_03.md,^GSPC,10,0.62,0.64,-1.02,1.65,30,dovish,high,1,,,,,,
2026-08-10,payrolls-contraction-fed-repricing,2026-08-10/news_03.md,^NDX,1,-0.23,0.05,-0.65,0.29,30,dovish,high,1,2026-08-10,-0.3252,1,1,0.0952,2026-08-17
2026-08-10,payrolls-contraction-fed-repricing,2026-08-10/news_03.md,^NDX,3,0.14,0.52,-1.45,1.31,30,dovish,high,1,2026-08-10,1.5620,0,1,1.4220,2026-08-17
2026-08-10,payrolls-contraction-fed-repricing,2026-08-10/news_03.md,^NDX,5,0.69,0.87,-0.79,2.23,30,dovish,high,1,,,,,,
2026-08-10,payrolls-contraction-fed-repricing,2026-08-10/news_03.md,^NDX,10,0.67,1.04,-0.45,2.11,30,dovish,high,1,,,,,,
2026-08-10,payrolls-contraction-fed-repricing,2026-08-10/news_03.md,^TNX,1,0.55,0.65,0.01,1.13,30,dovish,high,1,2026-08-10,-0.3192,0,0,0.8692,2026-08-17
2026-08-10,payrolls-contraction-fed-repricing,2026-08-10/news_03.md,^TNX,3,0.92,1.62,0.05,2.94,30,dovish,high,1,2026-08-10,-1.2343,0,0,2.1543,2026-08-17
2026-08-10,payrolls-contraction-fed-repricing,2026-08-10/news_03.md,^TNX,5,1.32,1.93,-0.07,2.63,30,dovish,high,1,,,,,,
2026-08-10,payrolls-contraction-fed-repricing,2026-08-10/news_03.md,^TNX,10,1.47,2.03,-0.59,4.36,30,dovish,high,1,,,,,,
2026-08-10,payrolls-contraction-fed-repricing,2026-08-10/news_03.md,^VIX,1,0.54,2.03,-1.77,3.6,30,dovish,high,1,2026-08-10,-1.1643,1,0,1.7043,2026-08-17
2026-08-10,payrolls-contraction-fed-repricing,2026-08-10/news_03.md,^VIX,3,3.49,1.16,-4.17,7.73,30,dovish,high,1,2026-08-10,-5.3687,0,0,8.8587,2026-08-17
2026-08-10,payrolls-contraction-fed-repricing,2026-08-10/news_03.md,^VIX,5,2.77,2.71,-6.79,8.05,30,dovish,high,1,,,,,,
2026-08-10,payrolls-contraction-fed-repricing,2026-08-10/news_03.md,^VIX,10,1.96,1.3,-8.39,10.99,29,dovish,high,1,,,,,,
2026-08-10,typhoon-dolphin-china-ports,2026-08-10/news_04.md,CNY=X,1,0.0,0.01,-0.1,0.14,29,neutral,low,0,2026-08-10,-0.0059,1,,0.0059,2026-08-17
2026-08-10,typhoon-dolphin-china-ports,2026-08-10/news_04.md,CNY=X,3,-0.01,0.09,-0.11,0.3,29,neutral,low,0,2026-08-10,-0.0208,1,,0.0108,2026-08-17
2026-08-10,typhoon-dolphin-china-ports,2026-08-10/news_04.md,CNY=X,5,-0.01,-0.01,-0.19,0.12,29,neutral,low,0,2026-08-10,-0.0415,1,,0.0315,2026-08-17
2026-08-10,typhoon-dolphin-china-ports,2026-08-10/news_04.md,CNY=X,10,-0.07,-0.03,-0.34,0.29,29,neutral,low,0,,,,,,
2026-08-10,typhoon-dolphin-china-ports,2026-08-10/news_04.md,EEM,1,-0.07,0.01,-0.5,0.7,29,neutral,low,0,2026-08-10,0.3990,1,,0.4690,2026-08-17
2026-08-10,typhoon-dolphin-china-ports,2026-08-10/news_04.md,EEM,3,0.11,0.23,-0.96,1.2,29,neutral,low,1,2026-08-10,2.3170,0,1,2.2070,2026-08-17
2026-08-10,typhoon-dolphin-china-ports,2026-08-10/news_04.md,EEM,5,0.47,0.8,-0.61,2.22,29,neutral,low,1,,,,,,
2026-08-10,typhoon-dolphin-china-ports,2026-08-10/news_04.md,EEM,10,1.2,1.76,-0.81,3.65,29,neutral,low,1,,,,,,
2026-08-10,typhoon-dolphin-china-ports,2026-08-10/news_04.md,HG=F,1,-0.06,-0.74,-1.07,0.58,29,neutral,low,0,2026-08-10,-0.3461,1,,0.2861,2026-08-17
2026-08-10,typhoon-dolphin-china-ports,2026-08-10/news_04.md,HG=F,3,1.33,0.24,-0.67,2.95,29,neutral,low,1,2026-08-10,-0.8125,0,0,2.1425,2026-08-17
2026-08-10,typhoon-dolphin-china-ports,2026-08-10/news_04.md,HG=F,5,0.53,0.28,-2.46,2.57,29,neutral,low,1,2026-08-10,1.3090,1,1,0.7790,2026-08-17
2026-08-10,typhoon-dolphin-china-ports,2026-08-10/news_04.md,HG=F,10,2.77,1.99,-1.9,6.49,29,neutral,low,1,,,,,,
2026-08-10,typhoon-dolphin-china-ports,2026-08-10/news_04.md,SOXX,1,-0.03,0.32,-0.78,1.35,29,neutral,low,0,2026-08-10,0.9086,1,,0.9386,2026-08-17
2026-08-10,typhoon-dolphin-china-ports,2026-08-10/news_04.md,SOXX,3,0.32,0.49,-3.0,3.1,29,neutral,low,1,2026-08-10,4.0329,0,1,3.7129,2026-08-17
2026-08-10,typhoon-dolphin-china-ports,2026-08-10/news_04.md,SOXX,5,2.47,2.28,-1.56,3.98,29,neutral,low,1,,,,,,
2026-08-10,typhoon-dolphin-china-ports,2026-08-10/news_04.md,SOXX,10,2.92,3.24,0.68,6.09,29,neutral,low,1,,,,,,
2026-08-10,typhoon-dolphin-china-ports,2026-08-10/news_04.md,^N225,1,0.13,-0.24,-1.2,0.42,29,neutral,low,1,2026-08-10,0.8303,0,1,0.7003,2026-08-17
2026-08-10,typhoon-dolphin-china-ports,2026-08-10/news_04.md,^N225,3,-0.21,-0.62,-1.73,0.72,29,neutral,low,1,2026-08-10,2.6035,0,0,2.8135,2026-08-17
2026-08-10,typhoon-dolphin-china-ports,2026-08-10/news_04.md,^N225,5,-0.39,-0.03,-2.0,0.97,29,neutral,low,1,,,,,,
2026-08-10,typhoon-dolphin-china-ports,2026-08-10/news_04.md,^N225,10,0.0,1.13,-1.03,4.26,29,neutral,low,0,,,,,,
2026-08-10,typhoon-dolphin-china-ports,2026-08-10/news_04.md,^NDX,1,-0.17,0.14,-0.55,0.48,29,neutral,low,1,2026-08-10,-0.3252,1,1,0.1552,2026-08-17
2026-08-10,typhoon-dolphin-china-ports,2026-08-10/news_04.md,^NDX,3,-0.15,0.3,-1.55,1.32,29,neutral,low,1,2026-08-10,1.5620,0,0,1.7120,2026-08-17
2026-08-10,typhoon-dolphin-china-ports,2026-08-10/news_04.md,^NDX,5,0.65,0.93,-0.68,2.34,29,neutral,low,1,,,,,,
2026-08-10,typhoon-dolphin-china-ports,2026-08-10/news_04.md,^NDX,10,0.91,1.3,-0.41,2.5,29,neutral,low,1,,,,,,
2026-08-11,attacchi-raffinerie,2026-08-11/news_02.md,BZ=F,1,0.19,0.18,-0.87,1.5,27,bearish (per gli attivi di rischio; rialzista per i prezzi energetici),medium,1,2026-08-11,1.7969,0,1,1.6069,2026-08-17
2026-08-11,attacchi-raffinerie,2026-08-11/news_02.md,BZ=F,3,1.84,1.21,-3.33,3.37,27,bearish (per gli attivi di rischio; rialzista per i prezzi energetici),medium,1,2026-08-11,0.6710,1,1,1.1690,2026-08-17
2026-08-11,attacchi-raffinerie,2026-08-11/news_02.md,BZ=F,5,1.61,2.32,-3.6,4.85,27,bearish (per gli attivi di rischio; rialzista per i prezzi energetici),medium,1,,,,,,
2026-08-11,attacchi-raffinerie,2026-08-11/news_02.md,BZ=F,10,-1.05,2.42,-5.88,8.74,27,bearish (per gli attivi di rischio; rialzista per i prezzi energetici),medium,1,,,,,,
2026-08-11,attacchi-raffinerie,2026-08-11/news_02.md,EXH9.DE,1,0.16,0.04,-0.66,0.75,27,bearish (per gli attivi di rischio; rialzista per i prezzi energetici),medium,1,2026-08-11,-0.1570,1,0,0.3170,2026-08-17
2026-08-11,attacchi-raffinerie,2026-08-11/news_02.md,EXH9.DE,3,-0.07,-0.23,-1.55,0.83,27,bearish (per gli attivi di rischio; rialzista per i prezzi energetici),medium,0,2026-08-11,-1.5704,0,,1.5004,2026-08-17
2026-08-11,attacchi-raffinerie,2026-08-11/news_02.md,EXH9.DE,5,0.23,0.05,-1.24,1.47,27,bearish (per gli attivi di rischio; rialzista per i prezzi energetici),medium,1,,,,,,
2026-08-11,attacchi-raffinerie,2026-08-11/news_02.md,EXH9.DE,10,-0.15,0.8,-0.96,2.83,27,bearish (per gli attivi di rischio; rialzista per i prezzi energetici),medium,1,,,,,,
2026-08-11,attacchi-raffinerie,2026-08-11/news_02.md,TTF=F,1,-0.31,0.57,-3.16,1.3,26,bearish (per gli attivi di rischio; rialzista per i prezzi energetici),medium,1,2026-08-11,1.6508,0,0,1.9608,2026-08-17
2026-08-11,attacchi-raffinerie,2026-08-11/news_02.md,TTF=F,3,-0.65,0.69,-4.21,3.62,26,bearish (per gli attivi di rischio; rialzista per i prezzi energetici),medium,1,2026-08-11,2.3222,1,0,2.9722,2026-08-17
2026-08-11,attacchi-raffinerie,2026-08-11/news_02.md,TTF=F,5,-4.2,0.58,-7.94,4.55,26,bearish (per gli attivi di rischio; rialzista per i prezzi energetici),medium,1,,,,,,
2026-08-11,attacchi-raffinerie,2026-08-11/news_02.md,TTF=F,10,-3.83,1.2,-11.64,8.3,26,bearish (per gli attivi di rischio; rialzista per i prezzi energetici),medium,1,,,,,,
2026-08-11,attacchi-raffinerie,2026-08-11/news_02.md,^GSPC,1,0.16,0.16,-0.21,0.79,27,bearish (per gli attivi di rischio; rialzista per i prezzi energetici),medium,1,2026-08-11,0.2627,1,1,0.1027,2026-08-17
2026-08-11,attacchi-raffinerie,2026-08-11/news_02.md,^GSPC,3,0.29,0.36,-0.62,1.61,27,bearish (per gli attivi di rischio; rialzista per i prezzi energetici),medium,1,2026-08-11,0.7448,1,1,0.4548,2026-08-17
2026-08-11,attacchi-raffinerie,2026-08-11/news_02.md,^GSPC,5,0.62,0.27,-1.13,1.79,27,bearish (per gli attivi di rischio; rialzista per i prezzi energetici),medium,1,,,,,,
2026-08-11,attacchi-raffinerie,2026-08-11/news_02.md,^GSPC,10,1.07,0.57,-1.69,2.92,27,bearish (per gli attivi di rischio; rialzista per i prezzi energetici),medium,1,,,,,,
2026-08-11,attacchi-raffinerie,2026-08-11/news_02.md,^STOXX50E,1,0.41,0.26,-0.37,1.33,27,bearish (per gli attivi di rischio; rialzista per i prezzi energetici),medium,1,2026-08-11,-0.2630,1,0,0.6730,2026-08-17
2026-08-11,attacchi-raffinerie,2026-08-11/news_02.md,^STOXX50E,3,0.02,0.05,-0.93,1.05,27,bearish (per gli attivi di rischio; rialzista per i prezzi energetici),medium,0,2026-08-11,-0.1775,1,,0.1975,2026-08-17
2026-08-11,attacchi-raffinerie,2026-08-11/news_02.md,^STOXX50E,5,0.43,0.0,-0.85,1.39,27,bearish (per gli attivi di rischio; rialzista per i prezzi energetici),medium,1,,,,,,
2026-08-11,attacchi-raffinerie,2026-08-11/news_02.md,^STOXX50E,10,0.66,0.34,-1.01,1.67,27,bearish (per gli attivi di rischio; rialzista per i prezzi energetici),medium,1,,,,,,
2026-08-11,attacchi-raffinerie,2026-08-11/news_02.md,^TNX,1,0.04,0.12,-0.6,0.9,27,bearish (per gli attivi di rischio; rialzista per i prezzi energetici),medium,0,2026-08-11,-0.0427,1,,0.0827,2026-08-17
2026-08-11,attacchi-raffinerie,2026-08-11/news_02.md,^TNX,3,0.07,0.21,-1.54,1.85,27,bearish (per gli attivi di rischio; rialzista per i prezzi energetici),medium,0,2026-08-11,0.2562,1,,0.1862,2026-08-17
2026-08-11,attacchi-raffinerie,2026-08-11/news_02.md,^TNX,5,0.22,0.26,-2.22,2.12,27,bearish (per gli attivi di rischio; rialzista per i prezzi energetici),medium,1,,,,,,
2026-08-11,attacchi-raffinerie,2026-08-11/news_02.md,^TNX,10,0.7,0.01,-3.5,3.04,27,bearish (per gli attivi di rischio; rialzista per i prezzi energetici),medium,1,,,,,,
2026-08-11,cpi-usa-luglio,2026-08-11/news_03.md,DX-Y.NYB,1,0.05,0.05,-0.06,0.24,30,risk-off,medium,0,2026-08-11,0.0972,1,,0.0472,2026-08-17
2026-08-11,cpi-usa-luglio,2026-08-11/news_03.md,DX-Y.NYB,3,-0.01,-0.1,-0.51,0.46,30,risk-off,medium,0,2026-08-11,-0.1593,1,,0.1493,2026-08-17
2026-08-11,cpi-usa-luglio,2026-08-11/news_03.md,DX-Y.NYB,5,0.25,-0.16,-0.73,0.63,30,risk-off,medium,1,,,,,,
2026-08-11,cpi-usa-luglio,2026-08-11/news_03.md,DX-Y.NYB,10,0.1,-0.27,-1.85,1.27,30,risk-off,medium,1,,,,,,
2026-08-11,cpi-usa-luglio,2026-08-11/news_03.md,EURUSD=X,1,-0.1,-0.09,-0.43,0.26,30,risk-off,medium,1,2026-08-11,-0.0692,1,1,0.0308,2026-08-17
2026-08-11,cpi-usa-luglio,2026-08-11/news_03.md,EURUSD=X,3,-0.2,0.05,-0.57,0.3,30,risk-off,medium,1,2026-08-11,0.2430,1,0,0.4430,2026-08-17
2026-08-11,cpi-usa-luglio,2026-08-11/news_03.md,EURUSD=X,5,-0.29,0.22,-0.58,0.71,30,risk-off,medium,1,,,,,,
2026-08-11,cpi-usa-luglio,2026-08-11/news_03.md,EURUSD=X,10,-0.24,0.31,-1.11,1.4,30,risk-off,medium,1,,,,,,
2026-08-11,cpi-usa-luglio,2026-08-11/news_03.md,GC=F,1,-0.01,-0.16,-0.88,0.86,30,risk-off,medium,0,2026-08-11,0.2933,1,,0.3033,2026-08-17
2026-08-11,cpi-usa-luglio,2026-08-11/news_03.md,GC=F,3,0.42,0.03,-2.23,1.4,30,risk-off,medium,1,2026-08-11,0.1173,1,1,0.3027,2026-08-17
2026-08-11,cpi-usa-luglio,2026-08-11/news_03.md,GC=F,5,0.52,-0.03,-2.4,1.69,30,risk-off,medium,1,,,,,,
2026-08-11,cpi-usa-luglio,2026-08-11/news_03.md,GC=F,10,1.82,2.23,-0.82,4.46,30,risk-off,medium,1,,,,,,
2026-08-11,cpi-usa-luglio,2026-08-11/news_03.md,^GSPC,1,-0.01,0.04,-0.5,0.29,30,risk-off,medium,0,2026-08-11,0.2627,1,,0.2727,2026-08-17
2026-08-11,cpi-usa-luglio,2026-08-11/news_03.md,^GSPC,3,-0.06,0.25,-1.22,0.78,30,risk-off,medium,0,2026-08-11,0.7448,1,,0.8048,2026-08-17
2026-08-11,cpi-usa-luglio,2026-08-11/news_03.md,^GSPC,5,0.34,0.29,-1.01,1.05,30,risk-off,medium,1,,,,,,
2026-08-11,cpi-usa-luglio,2026-08-11/news_03.md,^GSPC,10,0.56,0.52,-1.21,1.55,30,risk-off,medium,1,,,,,,
2026-08-11,cpi-usa-luglio,2026-08-11/news_03.md,^NDX,1,-0.3,0.03,-0.65,0.29,30,risk-off,medium,1,2026-08-11,0.7354,0,0,1.0354,2026-08-17
2026-08-11,cpi-usa-luglio,2026-08-11/news_03.md,^NDX,3,-0.16,0.35,-1.76,1.24,30,risk-off,medium,1,2026-08-11,1.7634,0,0,1.9234,2026-08-17
2026-08-11,cpi-usa-luglio,2026-08-11/news_03.md,^NDX,5,0.58,0.58,-1.56,2.23,30,risk-off,medium,1,,,,,,
2026-08-11,cpi-usa-luglio,2026-08-11/news_03.md,^NDX,10,0.4,0.87,-1.27,2.1,30,risk-off,medium,1,,,,,,
2026-08-11,cpi-usa-luglio,2026-08-11/news_03.md,^TNX,1,0.53,0.6,-0.23,1.09,30,risk-off,medium,1,2026-08-11,-0.0427,1,0,0.5727,2026-08-17
2026-08-11,cpi-usa-luglio,2026-08-11/news_03.md,^TNX,3,0.92,1.45,0.05,2.87,30,risk-off,medium,1,2026-08-11,0.2562,1,1,0.6638,2026-08-17
2026-08-11,cpi-usa-luglio,2026-08-11/news_03.md,^TNX,5,1.18,1.71,-0.07,2.55,30,risk-off,medium,1,,,,,,
2026-08-11,cpi-usa-luglio,2026-08-11/news_03.md,^TNX,10,0.78,1.74,-0.62,3.03,30,risk-off,medium,1,,,,,,
2026-08-11,cpi-usa-luglio,2026-08-11/news_03.md,^VIX,1,0.54,1.95,-1.77,3.6,30,risk-off,medium,1,2026-08-11,-4.7775,0,0,5.3175,2026-08-17
2026-08-11,cpi-usa-luglio,2026-08-11/news_03.md,^VIX,3,3.77,1.76,-4.17,8.49,30,risk-off,medium,1,2026-08-11,-6.7408,0,0,10.5108,2026-08-17
2026-08-11,cpi-usa-luglio,2026-08-11/news_03.md,^VIX,5,2.77,3.61,-6.79,8.05,30,risk-off,medium,1,,,,,,
2026-08-11,cpi-usa-luglio,2026-08-11/news_03.md,^VIX,10,1.37,0.93,-9.57,13.86,30,risk-off,medium,1,,,,,,
2026-08-11,hormuz-brent-88,2026-08-11/news_01.md,BZ=F,1,1.55,1.23,-0.35,3.95,27,risk-off,medium,1,2026-08-11,1.7969,1,1,0.2469,2026-08-17
2026-08-11,hormuz-brent-88,2026-08-11/news_01.md,BZ=F,3,1.89,2.94,-1.79,8.01,27,risk-off,medium,1,2026-08-11,0.6710,1,1,1.2190,2026-08-17
2026-08-11,hormuz-brent-88,2026-08-11/news_01.md,BZ=F,5,2.16,4.39,-2.49,10.58,27,risk-off,medium,1,,,,,,
2026-08-11,hormuz-brent-88,2026-08-11/news_01.md,BZ=F,10,0.99,6.11,-4.06,17.47,27,risk-off,medium,1,,,,,,
2026-08-11,hormuz-brent-88,2026-08-11/news_01.md,CHF=X,1,0.22,0.14,-0.21,0.45,26,risk-off,medium,1,2026-08-11,0.2283,1,1,0.0083,2026-08-17
2026-08-11,hormuz-brent-88,2026-08-11/news_01.md,CHF=X,3,0.25,0.19,-0.34,0.81,25,risk-off,medium,1,2026-08-11,0.4751,1,1,0.2251,2026-08-17
2026-08-11,hormuz-brent-88,2026-08-11/news_01.md,CHF=X,5,0.35,0.25,-0.34,0.92,26,risk-off,medium,1,2026-08-11,0.3369,1,1,0.0131,2026-08-17
2026-08-11,hormuz-brent-88,2026-08-11/news_01.md,CHF=X,10,0.9,0.62,-0.3,1.49,26,risk-off,medium,1,,,,,,
2026-08-11,hormuz-brent-88,2026-08-11/news_01.md,GC=F,1,-0.12,0.01,-1.02,0.83,27,risk-off,medium,1,2026-08-11,0.2933,1,0,0.4133,2026-08-17
2026-08-11,hormuz-brent-88,2026-08-11/news_01.md,GC=F,3,-0.56,-0.36,-2.2,1.37,27,risk-off,medium,1,2026-08-11,0.1173,1,0,0.6773,2026-08-17
2026-08-11,hormuz-brent-88,2026-08-11/news_01.md,GC=F,5,-1.5,-1.18,-3.42,1.12,27,risk-off,medium,1,,,,,,
2026-08-11,hormuz-brent-88,2026-08-11/news_01.md,GC=F,10,-3.4,-2.84,-5.72,0.07,27,risk-off,medium,1,,,,,,
2026-08-11,hormuz-brent-88,2026-08-11/news_01.md,^GSPC,1,0.02,-0.06,-0.57,0.47,27,risk-off,medium,0,2026-08-11,0.2627,1,,0.2427,2026-08-17
2026-08-11,hormuz-brent-88,2026-08-11/news_01.md,^GSPC,3,-0.14,0.04,-0.91,0.89,27,risk-off,medium,1,2026-08-11,0.7448,1,0,0.8848,2026-08-17
2026-08-11,hormuz-brent-88,2026-08-11/news_01.md,^GSPC,5,-0.96,-0.33,-1.96,0.8,27,risk-off,medium,1,,,,,,
2026-08-11,hormuz-brent-88,2026-08-11/news_01.md,^GSPC,10,-1.24,-0.44,-2.3,0.48,27,risk-off,medium,1,,,,,,
2026-08-11,hormuz-brent-88,2026-08-11/news_01.md,^STOXX50E,1,-0.2,-0.09,-0.72,0.87,27,risk-off,medium,1,2026-08-11,-0.2630,1,1,0.0630,2026-08-17
2026-08-11,hormuz-brent-88,2026-08-11/news_01.md,^STOXX50E,3,-0.14,-0.21,-1.16,0.88,27,risk-off,medium,1,2026-08-11,-0.1775,1,1,0.0375,2026-08-17
2026-08-11,hormuz-brent-88,2026-08-11/news_01.md,^STOXX50E,5,0.19,-0.37,-1.15,0.9,27,risk-off,medium,1,,,,,,
2026-08-11,hormuz-brent-88,2026-08-11/news_01.md,^STOXX50E,10,-0.48,-0.63,-2.34,0.45,27,risk-off,medium,1,,,,,,
2026-08-11,hormuz-brent-88,2026-08-11/news_01.md,^VIX,1,-0.37,1.33,-3.4,6.36,27,risk-off,medium,1,2026-08-11,-4.7775,0,1,4.4075,2026-08-17
2026-08-11,hormuz-brent-88,2026-08-11/news_01.md,^VIX,3,1.23,2.67,-6.04,11.39,27,risk-off,medium,1,2026-08-11,-6.7408,0,0,7.9708,2026-08-17
2026-08-11,hormuz-brent-88,2026-08-11/news_01.md,^VIX,5,5.77,6.2,-4.08,14.87,27,risk-off,medium,1,,,,,,
2026-08-11,hormuz-brent-88,2026-08-11/news_01.md,^VIX,10,4.54,5.64,-2.94,16.38,27,risk-off,medium,1,,,,,,
2026-08-11,nvidia-500bn-ai-financing,2026-08-11/news_04.md,EWT,1,0.16,-0.22,-0.93,1.13,18,bullish,medium,1,2026-08-11,2.1551,0,1,1.9951,2026-08-17
2026-08-11,nvidia-500bn-ai-financing,2026-08-11/news_04.md,EWT,3,0.2,-0.45,-1.75,2.06,18,bullish,medium,1,2026-08-11,3.0113,0,1,2.8113,2026-08-17
2026-08-11,nvidia-500bn-ai-financing,2026-08-11/news_04.md,EWT,5,0.83,0.82,-1.32,3.87,18,bullish,medium,1,,,,,,
2026-08-11,nvidia-500bn-ai-financing,2026-08-11/news_04.md,EWT,10,3.35,2.58,0.92,4.41,18,bullish,medium,1,,,,,,
2026-08-11,nvidia-500bn-ai-financing,2026-08-11/news_04.md,EWY,1,-0.21,-0.28,-1.07,0.63,18,bullish,medium,1,2026-08-11,5.1602,0,0,5.3702,2026-08-17
2026-08-11,nvidia-500bn-ai-financing,2026-08-11/news_04.md,EWY,3,0.08,-0.01,-2.22,1.28,18,bullish,medium,0,2026-08-11,7.4743,0,,7.3943,2026-08-17
2026-08-11,nvidia-500bn-ai-financing,2026-08-11/news_04.md,EWY,5,0.49,1.07,-1.75,3.18,18,bullish,medium,1,,,,,,
2026-08-11,nvidia-500bn-ai-financing,2026-08-11/news_04.md,EWY,10,1.88,2.44,0.01,5.45,18,bullish,medium,1,,,,,,
2026-08-11,nvidia-500bn-ai-financing,2026-08-11/news_04.md,SOXX,1,0.26,-0.01,-1.06,1.89,18,bullish,medium,1,2026-08-11,2.3231,0,1,2.0631,2026-08-17
2026-08-11,nvidia-500bn-ai-financing,2026-08-11/news_04.md,SOXX,3,0.7,0.48,-2.91,3.51,18,bullish,medium,1,2026-08-11,3.0363,1,1,2.3363,2026-08-17
2026-08-11,nvidia-500bn-ai-financing,2026-08-11/news_04.md,SOXX,5,0.92,1.58,-1.33,5.15,18,bullish,medium,1,,,,,,
2026-08-11,nvidia-500bn-ai-financing,2026-08-11/news_04.md,SOXX,10,3.03,3.0,1.42,5.25,18,bullish,medium,1,,,,,,
2026-08-11,nvidia-500bn-ai-financing,2026-08-11/news_04.md,^GSPC,1,0.31,0.13,-0.14,0.87,18,bullish,medium,1,2026-08-11,0.2627,1,1,0.0473,2026-08-17
2026-08-11,nvidia-500bn-ai-financing,2026-08-11/news_04.md,^GSPC,3,-0.09,-0.05,-1.13,1.16,18,bullish,medium,0,2026-08-11,0.7448,1,,0.8348,2026-08-17
2026-08-11,nvidia-500bn-ai-financing,2026-08-11/news_04.md,^GSPC,5,0.53,0.77,-0.31,2.07,18,bullish,medium,1,,,,,,
2026-08-11,nvidia-500bn-ai-financing,2026-08-11/news_04.md,^GSPC,10,1.44,1.22,0.68,2.34,18,bullish,medium,1,,,,,,
2026-08-11,nvidia-500bn-ai-financing,2026-08-11/news_04.md,^NDX,1,0.32,0.17,-0.02,1.01,18,bullish,medium,1,2026-08-11,0.7354,1,1,0.4154,2026-08-17
2026-08-11,nvidia-500bn-ai-financing,2026-08-11/news_04.md,^NDX,3,0.13,0.32,-1.09,2.15,18,bullish,medium,1,2026-08-11,1.7634,1,1,1.6334,2026-08-17
2026-08-11,nvidia-500bn-ai-financing,2026-08-11/news_04.md,^NDX,5,0.79,1.28,-0.4,3.78,18,bullish,medium,1,,,,,,
2026-08-11,nvidia-500bn-ai-financing,2026-08-11/news_04.md,^NDX,10,2.19,2.02,1.19,3.98,18,bullish,medium,1,,,,,,
2026-08-11,yen-159-intervento,2026-08-11/news_05.md,DX-Y.NYB,1,0.03,-0.02,-0.33,0.27,30,bearish (sullo yen),medium,0,2026-08-11,0.0972,1,,0.0672,2026-08-17
2026-08-11,yen-159-intervento,2026-08-11/news_05.md,DX-Y.NYB,3,-0.03,-0.01,-0.25,0.48,30,bearish (sullo yen),medium,0,2026-08-11,-0.1593,1,,0.1293,2026-08-17
2026-08-11,yen-159-intervento,2026-08-11/news_05.md,DX-Y.NYB,5,0.01,0.01,-0.42,0.46,30,bearish (sullo yen),medium,0,,,,,,
2026-08-11,yen-159-intervento,2026-08-11/news_05.md,DX-Y.NYB,10,0.1,-0.09,-0.81,0.72,30,bearish (sullo yen),medium,1,,,,,,
2026-08-11,yen-159-intervento,2026-08-11/news_05.md,JPY=X,1,-0.15,-0.36,-1.17,0.57,30,bearish (sullo yen),medium,1,2026-08-11,0.1388,1,0,0.2888,2026-08-17
2026-08-11,yen-159-intervento,2026-08-11/news_05.md,JPY=X,3,0.16,-0.23,-1.44,1.07,30,bearish (sullo yen),medium,1,2026-08-11,0.1564,1,1,0.0036,2026-08-17
2026-08-11,yen-159-intervento,2026-08-11/news_05.md,JPY=X,5,-0.12,-0.36,-1.35,0.87,30,bearish (sullo yen),medium,1,2026-08-11,0.0804,1,0,0.2004,2026-08-17
2026-08-11,yen-159-intervento,2026-08-11/news_05.md,JPY=X,10,0.11,-0.47,-2.24,0.85,30,bearish (sullo yen),medium,1,,,,,,
2026-08-11,yen-159-intervento,2026-08-11/news_05.md,^GSPC,1,0.25,0.07,-0.38,0.83,30,bearish (sullo yen),medium,1,2026-08-11,0.2627,1,1,0.0127,2026-08-17
2026-08-11,yen-159-intervento,2026-08-11/news_05.md,^GSPC,3,0.65,0.34,-0.78,1.67,30,bearish (sullo yen),medium,1,2026-08-11,0.7448,1,1,0.0948,2026-08-17
2026-08-11,yen-159-intervento,2026-08-11/news_05.md,^GSPC,5,0.37,0.34,-0.94,1.83,30,bearish (sullo yen),medium,1,,,,,,
2026-08-11,yen-159-intervento,2026-08-11/news_05.md,^GSPC,10,1.14,1.37,-1.03,2.42,30,bearish (sullo yen),medium,1,,,,,,
2026-08-11,yen-159-intervento,2026-08-11/news_05.md,^N225,1,-0.14,0.05,-0.72,1.18,30,bearish (sullo yen),medium,1,2026-08-12,1.1585,1,0,1.2985,2026-08-17
2026-08-11,yen-159-intervento,2026-08-11/news_05.md,^N225,3,-0.04,0.13,-2.04,1.76,30,bearish (sullo yen),medium,0,2026-08-12,2.2564,0,,2.2964,2026-08-17
2026-08-11,yen-159-intervento,2026-08-11/news_05.md,^N225,5,-0.28,0.58,-2.21,3.03,30,bearish (sullo yen),medium,1,,,,,,
2026-08-11,yen-159-intervento,2026-08-11/news_05.md,^N225,10,-0.01,1.01,-2.75,4.14,30,bearish (sullo yen),medium,0,,,,,,
2026-08-11,yen-159-intervento,2026-08-11/news_05.md,^TNX,1,-0.07,0.04,-0.55,0.9,30,bearish (sullo yen),medium,0,2026-08-11,-0.0427,1,,0.0273,2026-08-17
2026-08-11,yen-159-intervento,2026-08-11/news_05.md,^TNX,3,0.02,0.0,-1.37,1.69,30,bearish (sullo yen),medium,0,2026-08-11,0.2562,1,,0.2362,2026-08-17
2026-08-11,yen-159-intervento,2026-08-11/news_05.md,^TNX,5,-0.19,0.1,-1.72,1.92,30,bearish (sullo yen),medium,1,,,,,,
2026-08-11,yen-159-intervento,2026-08-11/news_05.md,^TNX,10,0.47,-0.26,-1.98,1.86,30,bearish (sullo yen),medium,1,,,,,,
2026-08-13,hormuz-still-closed-vs-mediation-claim,2026-08-13/news_04.md,BZ=F,1,1.04,1.05,-0.82,3.23,30,risk-on / de-escalation (segnale contrastato),low,1,2026-08-13,1.6653,1,1,0.6253,2026-08-17
2026-08-13,hormuz-still-closed-vs-mediation-claim,2026-08-13/news_04.md,BZ=F,3,1.62,2.22,-1.32,4.86,30,risk-on / de-escalation (segnale contrastato),low,1,,,,,,
2026-08-13,hormuz-still-closed-vs-mediation-claim,2026-08-13/news_04.md,BZ=F,5,0.74,2.74,-3.85,4.46,30,risk-on / de-escalation (segnale contrastato),low,1,,,,,,
2026-08-13,hormuz-still-closed-vs-mediation-claim,2026-08-13/news_04.md,BZ=F,10,-0.08,3.57,-5.77,7.55,30,risk-on / de-escalation (segnale contrastato),low,0,,,,,,
2026-08-13,hormuz-still-closed-vs-mediation-claim,2026-08-13/news_04.md,CRACK_321,1,1.07,2.51,-1.1,4.95,30,risk-on / de-escalation (segnale contrastato),low,1,2026-08-13,-14.8501,0,0,15.9201,2026-08-17
2026-08-13,hormuz-still-closed-vs-mediation-claim,2026-08-13/news_04.md,CRACK_321,3,3.06,4.94,-1.29,9.72,30,risk-on / de-escalation (segnale contrastato),low,1,,,,,,
2026-08-13,hormuz-still-closed-vs-mediation-claim,2026-08-13/news_04.md,CRACK_321,5,6.35,6.46,-0.56,11.94,30,risk-on / de-escalation (segnale contrastato),low,1,,,,,,
2026-08-13,hormuz-still-closed-vs-mediation-claim,2026-08-13/news_04.md,CRACK_321,10,8.77,12.14,4.14,15.23,30,risk-on / de-escalation (segnale contrastato),low,1,,,,,,
2026-08-13,hormuz-still-closed-vs-mediation-claim,2026-08-13/news_04.md,DX-Y.NYB,1,0.03,0.07,-0.24,0.37,30,risk-on / de-escalation (segnale contrastato),low,0,2026-08-13,-0.3241,0,,0.3541,2026-08-17
2026-08-13,hormuz-still-closed-vs-mediation-claim,2026-08-13/news_04.md,DX-Y.NYB,3,0.1,0.09,-0.47,0.71,30,risk-on / de-escalation (segnale contrastato),low,1,,,,,,
2026-08-13,hormuz-still-closed-vs-mediation-claim,2026-08-13/news_04.md,DX-Y.NYB,5,0.28,0.13,-0.5,0.72,30,risk-on / de-escalation (segnale contrastato),low,1,,,,,,
2026-08-13,hormuz-still-closed-vs-mediation-claim,2026-08-13/news_04.md,DX-Y.NYB,10,0.25,0.26,-0.51,1.01,30,risk-on / de-escalation (segnale contrastato),low,1,,,,,,
2026-08-13,hormuz-still-closed-vs-mediation-claim,2026-08-13/news_04.md,GC=F,1,-0.18,-0.23,-1.15,1.12,30,risk-on / de-escalation (segnale contrastato),low,1,2026-08-13,1.6890,0,0,1.8690,2026-08-17
2026-08-13,hormuz-still-closed-vs-mediation-claim,2026-08-13/news_04.md,GC=F,3,-1.13,-0.96,-2.18,0.09,30,risk-on / de-escalation (segnale contrastato),low,1,,,,,,
2026-08-13,hormuz-still-closed-vs-mediation-claim,2026-08-13/news_04.md,GC=F,5,-1.49,-1.37,-2.85,1.01,30,risk-on / de-escalation (segnale contrastato),low,1,,,,,,
2026-08-13,hormuz-still-closed-vs-mediation-claim,2026-08-13/news_04.md,GC=F,10,-1.76,-2.33,-4.78,-0.32,30,risk-on / de-escalation (segnale contrastato),low,1,,,,,,
2026-08-13,hormuz-still-closed-vs-mediation-claim,2026-08-13/news_04.md,^GSPC,1,0.08,0.1,-0.38,0.58,30,risk-on / de-escalation (segnale contrastato),low,0,2026-08-13,-0.1696,1,,0.2496,2026-08-17
2026-08-13,hormuz-still-closed-vs-mediation-claim,2026-08-13/news_04.md,^GSPC,3,0.67,0.37,-0.62,1.48,30,risk-on / de-escalation (segnale contrastato),low,1,,,,,,
2026-08-13,hormuz-still-closed-vs-mediation-claim,2026-08-13/news_04.md,^GSPC,5,0.75,0.37,-1.63,2.11,30,risk-on / de-escalation (segnale contrastato),low,1,,,,,,
2026-08-13,hormuz-still-closed-vs-mediation-claim,2026-08-13/news_04.md,^GSPC,10,-0.1,0.2,-1.91,2.77,30,risk-on / de-escalation (segnale contrastato),low,1,,,,,,
2026-08-13,hormuz-still-closed-vs-mediation-claim,2026-08-13/news_04.md,^VIX,1,-1.38,-0.22,-4.2,3.25,30,risk-on / de-escalation (segnale contrastato),low,1,2026-08-13,-2.5974,1,1,1.2174,2026-08-17
2026-08-13,hormuz-still-closed-vs-mediation-claim,2026-08-13/news_04.md,^VIX,3,-2.37,1.46,-6.62,7.8,30,risk-on / de-escalation (segnale contrastato),low,1,,,,,,
2026-08-13,hormuz-still-closed-vs-mediation-claim,2026-08-13/news_04.md,^VIX,5,-1.83,3.41,-7.17,14.48,30,risk-on / de-escalation (segnale contrastato),low,1,,,,,,
2026-08-13,hormuz-still-closed-vs-mediation-claim,2026-08-13/news_04.md,^VIX,10,-0.51,4.83,-5.82,15.98,30,risk-on / de-escalation (segnale contrastato),low,1,,,,,,
2026-08-13,iea-demand-cut-eia-build-brent-88,2026-08-13/news_02.md,BZ=F,1,0.61,0.66,-0.88,2.57,16,bearish (greggio) / disinflazionistico,medium,1,2026-08-13,1.6653,1,1,1.0553,2026-08-17
2026-08-13,iea-demand-cut-eia-build-brent-88,2026-08-13/news_02.md,BZ=F,3,1.77,1.47,-2.07,4.72,16,bearish (greggio) / disinflazionistico,medium,1,,,,,,
2026-08-13,iea-demand-cut-eia-build-brent-88,2026-08-13/news_02.md,BZ=F,5,-0.69,2.29,-4.66,7.09,16,bearish (greggio) / disinflazionistico,medium,1,,,,,,
2026-08-13,iea-demand-cut-eia-build-brent-88,2026-08-13/news_02.md,BZ=F,10,4.65,4.58,-4.11,11.88,16,bearish (greggio) / disinflazionistico,medium,1,,,,,,
2026-08-13,iea-demand-cut-eia-build-brent-88,2026-08-13/news_02.md,CRACK_321,1,-0.81,-1.92,-5.16,0.29,16,bearish (greggio) / disinflazionistico,medium,1,2026-08-13,-14.8501,0,1,14.0401,2026-08-17
2026-08-13,iea-demand-cut-eia-build-brent-88,2026-08-13/news_02.md,CRACK_321,3,0.85,-0.32,-5.62,6.51,16,bearish (greggio) / disinflazionistico,medium,1,,,,,,
2026-08-13,iea-demand-cut-eia-build-brent-88,2026-08-13/news_02.md,CRACK_321,5,-0.65,-1.77,-11.46,6.62,16,bearish (greggio) / disinflazionistico,medium,1,,,,,,
2026-08-13,iea-demand-cut-eia-build-brent-88,2026-08-13/news_02.md,CRACK_321,10,-8.84,-8.78,-18.74,2.2,16,bearish (greggio) / disinflazionistico,medium,1,,,,,,
2026-08-13,iea-demand-cut-eia-build-brent-88,2026-08-13/news_02.md,HO=F,1,0.38,0.3,-0.52,1.73,16,bearish (greggio) / disinflazionistico,medium,1,2026-08-13,-2.0209,0,0,2.4009,2026-08-17
2026-08-13,iea-demand-cut-eia-build-brent-88,2026-08-13/news_02.md,HO=F,3,0.91,1.53,-1.94,6.19,16,bearish (greggio) / disinflazionistico,medium,1,,,,,,
2026-08-13,iea-demand-cut-eia-build-brent-88,2026-08-13/news_02.md,HO=F,5,1.54,2.61,-4.1,7.85,16,bearish (greggio) / disinflazionistico,medium,1,,,,,,
2026-08-13,iea-demand-cut-eia-build-brent-88,2026-08-13/news_02.md,HO=F,10,3.9,4.18,-3.0,13.28,16,bearish (greggio) / disinflazionistico,medium,1,,,,,,
2026-08-13,iea-demand-cut-eia-build-brent-88,2026-08-13/news_02.md,RB=F,1,0.2,-0.14,-1.85,1.36,16,bearish (greggio) / disinflazionistico,medium,1,2026-08-13,-7.1483,0,0,7.3483,2026-08-17
2026-08-13,iea-demand-cut-eia-build-brent-88,2026-08-13/news_02.md,RB=F,3,1.72,0.35,-3.96,3.3,16,bearish (greggio) / disinflazionistico,medium,1,,,,,,
2026-08-13,iea-demand-cut-eia-build-brent-88,2026-08-13/news_02.md,RB=F,5,-1.33,0.05,-6.03,6.38,16,bearish (greggio) / disinflazionistico,medium,1,,,,,,
2026-08-13,iea-demand-cut-eia-build-brent-88,2026-08-13/news_02.md,RB=F,10,-2.74,-0.08,-5.65,6.18,16,bearish (greggio) / disinflazionistico,medium,1,,,,,,
2026-08-13,iea-demand-cut-eia-build-brent-88,2026-08-13/news_02.md,^GSPC,1,0.04,-0.09,-0.72,0.56,16,bearish (greggio) / disinflazionistico,medium,0,2026-08-13,-0.1696,1,,0.2096,2026-08-17
2026-08-13,iea-demand-cut-eia-build-brent-88,2026-08-13/news_02.md,^GSPC,3,0.74,0.63,0.05,1.81,16,bearish (greggio) / disinflazionistico,medium,1,,,,,,
2026-08-13,iea-demand-cut-eia-build-brent-88,2026-08-13/news_02.md,^GSPC,5,0.46,0.44,-0.99,1.59,16,bearish (greggio) / disinflazionistico,medium,1,,,,,,
2026-08-13,iea-demand-cut-eia-build-brent-88,2026-08-13/news_02.md,^GSPC,10,1.91,1.29,-0.36,2.98,16,bearish (greggio) / disinflazionistico,medium,1,,,,,,
2026-08-13,iea-demand-cut-eia-build-brent-88,2026-08-13/news_02.md,^TNX,1,-0.03,0.47,-0.97,1.32,16,bearish (greggio) / disinflazionistico,medium,0,2026-08-13,1.1851,1,,1.2151,2026-08-17
2026-08-13,iea-demand-cut-eia-build-brent-88,2026-08-13/news_02.md,^TNX,3,0.62,0.59,-1.73,3.66,16,bearish (greggio) / disinflazionistico,medium,1,,,,,,
2026-08-13,iea-demand-cut-eia-build-brent-88,2026-08-13/news_02.md,^TNX,5,0.37,-0.4,-3.55,5.19,16,bearish (greggio) / disinflazionistico,medium,1,,,,,,
2026-08-13,iea-demand-cut-eia-build-brent-88,2026-08-13/news_02.md,^TNX,10,0.72,-0.54,-5.68,5.64,16,bearish (greggio) / disinflazionistico,medium,1,,,,,,
2026-08-13,sp500-record-narrow-ai-leadership,2026-08-13/news_05.md,SOXX,1,0.06,-0.1,-1.05,1.69,24,risk-on / bullish (con breadth in deterioramento),low,0,2026-08-13,-0.0581,1,,0.1181,2026-08-17
2026-08-13,sp500-record-narrow-ai-leadership,2026-08-13/news_05.md,SOXX,3,0.21,0.25,-3.17,3.11,24,risk-on / bullish (con breadth in deterioramento),low,1,,,,,,
2026-08-13,sp500-record-narrow-ai-leadership,2026-08-13/news_05.md,SOXX,5,0.92,0.88,-2.41,4.71,24,risk-on / bullish (con breadth in deterioramento),low,1,,,,,,
2026-08-13,sp500-record-narrow-ai-leadership,2026-08-13/news_05.md,SOXX,10,2.65,2.08,-0.62,4.58,24,risk-on / bullish (con breadth in deterioramento),low,1,,,,,,
2026-08-13,sp500-record-narrow-ai-leadership,2026-08-13/news_05.md,^GSPC,1,0.24,0.03,-0.24,0.87,24,risk-on / bullish (con breadth in deterioramento),low,1,2026-08-13,-0.1696,1,0,0.4096,2026-08-17
2026-08-13,sp500-record-narrow-ai-leadership,2026-08-13/news_05.md,^GSPC,3,-0.16,-0.17,-1.26,1.04,24,risk-on / bullish (con breadth in deterioramento),low,1,,,,,,
2026-08-13,sp500-record-narrow-ai-leadership,2026-08-13/news_05.md,^GSPC,5,0.18,0.37,-0.48,1.56,24,risk-on / bullish (con breadth in deterioramento),low,1,,,,,,
2026-08-13,sp500-record-narrow-ai-leadership,2026-08-13/news_05.md,^GSPC,10,1.44,0.81,0.02,2.56,24,risk-on / bullish (con breadth in deterioramento),low,1,,,,,,
2026-08-13,sp500-record-narrow-ai-leadership,2026-08-13/news_05.md,^N225,1,-0.0,-0.03,-1.23,0.69,24,risk-on / bullish (con breadth in deterioramento),low,0,2026-08-13,0.5932,1,,0.5932,2026-08-17
2026-08-13,sp500-record-narrow-ai-leadership,2026-08-13/news_05.md,^N225,3,-0.38,-0.59,-2.31,1.12,24,risk-on / bullish (con breadth in deterioramento),low,1,,,,,,
2026-08-13,sp500-record-narrow-ai-leadership,2026-08-13/news_05.md,^N225,5,-1.12,0.12,-2.65,1.83,24,risk-on / bullish (con breadth in deterioramento),low,1,,,,,,
2026-08-13,sp500-record-narrow-ai-leadership,2026-08-13/news_05.md,^N225,10,-0.2,1.71,-1.3,3.19,24,risk-on / bullish (con breadth in deterioramento),low,1,,,,,,
2026-08-13,sp500-record-narrow-ai-leadership,2026-08-13/news_05.md,^NDX,1,0.18,0.08,-0.53,1.0,24,risk-on / bullish (con breadth in deterioramento),low,1,2026-08-13,-0.1275,1,0,0.3075,2026-08-17
2026-08-13,sp500-record-narrow-ai-leadership,2026-08-13/news_05.md,^NDX,3,0.13,0.11,-1.2,1.92,24,risk-on / bullish (con breadth in deterioramento),low,1,,,,,,
2026-08-13,sp500-record-narrow-ai-leadership,2026-08-13/news_05.md,^NDX,5,0.61,0.7,-0.9,3.4,24,risk-on / bullish (con breadth in deterioramento),low,1,,,,,,
2026-08-13,sp500-record-narrow-ai-leadership,2026-08-13/news_05.md,^NDX,10,1.83,1.25,0.68,3.62,24,risk-on / bullish (con breadth in deterioramento),low,1,,,,,,
2026-08-13,sp500-record-narrow-ai-leadership,2026-08-13/news_05.md,^VIX,1,-4.22,-1.77,-6.71,3.53,24,risk-on / bullish (con breadth in deterioramento),low,1,2026-08-13,-2.5974,1,1,1.6226,2026-08-17
2026-08-13,sp500-record-narrow-ai-leadership,2026-08-13/news_05.md,^VIX,3,-1.45,2.4,-12.2,9.78,24,risk-on / bullish (con breadth in deterioramento),low,1,,,,,,
2026-08-13,sp500-record-narrow-ai-leadership,2026-08-13/news_05.md,^VIX,5,-6.78,-4.91,-17.81,2.58,24,risk-on / bullish (con breadth in deterioramento),low,1,,,,,,
2026-08-13,sp500-record-narrow-ai-leadership,2026-08-13/news_05.md,^VIX,10,-6.83,-8.86,-23.42,-0.32,24,risk-on / bullish (con breadth in deterioramento),low,1,,,,,,
2026-08-13,uk-q2-gdp-upside-surprise,2026-08-13/news_06.md,EURUSD=X,1,-0.2,-0.13,-0.52,0.09,30,positivo / hawkish per la Bank of England,low,1,2026-08-13,0.3703,0,0,0.5703,2026-08-17
2026-08-13,uk-q2-gdp-upside-surprise,2026-08-13/news_06.md,EURUSD=X,3,-0.17,-0.0,-0.72,0.51,30,positivo / hawkish per la Bank of England,low,1,,,,,,
2026-08-13,uk-q2-gdp-upside-surprise,2026-08-13/news_06.md,EURUSD=X,5,0.05,0.17,-0.92,0.85,30,positivo / hawkish per la Bank of England,low,0,,,,,,
2026-08-13,uk-q2-gdp-upside-surprise,2026-08-13/news_06.md,EURUSD=X,10,-0.68,-0.09,-1.24,0.59,30,positivo / hawkish per la Bank of England,low,1,,,,,,
2026-08-13,uk-q2-gdp-upside-surprise,2026-08-13/news_06.md,GBPUSD=X,1,-0.14,-0.18,-0.64,0.08,30,positivo / hawkish per la Bank of England,low,1,2026-08-13,0.2815,0,0,0.4215,2026-08-17
2026-08-13,uk-q2-gdp-upside-surprise,2026-08-13/news_06.md,GBPUSD=X,3,-0.15,-0.18,-0.75,0.33,30,positivo / hawkish per la Bank of England,low,1,2026-08-13,0.4175,0,0,0.5675,2026-08-17
2026-08-13,uk-q2-gdp-upside-surprise,2026-08-13/news_06.md,GBPUSD=X,5,-0.18,-0.04,-0.62,0.62,30,positivo / hawkish per la Bank of England,low,1,,,,,,
2026-08-13,uk-q2-gdp-upside-surprise,2026-08-13/news_06.md,GBPUSD=X,10,-0.07,-0.13,-1.16,0.59,30,positivo / hawkish per la Bank of England,low,0,,,,,,
2026-08-13,uk-q2-gdp-upside-surprise,2026-08-13/news_06.md,^STOXX50E,1,0.25,-0.15,-0.68,0.61,30,positivo / hawkish per la Bank of England,low,1,2026-08-13,-0.0898,1,0,0.3398,2026-08-17
2026-08-13,uk-q2-gdp-upside-surprise,2026-08-13/news_06.md,^STOXX50E,3,-0.03,-0.1,-0.5,0.61,30,positivo / hawkish per la Bank of England,low,0,,,,,,
2026-08-13,uk-q2-gdp-upside-surprise,2026-08-13/news_06.md,^STOXX50E,5,0.21,0.0,-1.19,1.35,30,positivo / hawkish per la Bank of England,low,1,,,,,,
2026-08-13,uk-q2-gdp-upside-surprise,2026-08-13/news_06.md,^STOXX50E,10,-0.27,0.32,-1.89,2.71,30,positivo / hawkish per la Bank of England,low,1,,,,,,
2026-08-13,ukraine-novorossiysk-sheskharis-strike,2026-08-13/news_03.md,BZ=F,1,0.65,0.75,-0.47,3.17,28,bullish (rischio di offerta) / risk-off,medium,1,2026-08-13,1.6653,1,1,1.0153,2026-08-17
2026-08-13,ukraine-novorossiysk-sheskharis-strike,2026-08-13/news_03.md,BZ=F,3,2.27,2.94,-1.58,6.6,28,bullish (rischio di offerta) / risk-off,medium,1,,,,,,
2026-08-13,ukraine-novorossiysk-sheskharis-strike,2026-08-13/news_03.md,BZ=F,5,2.21,3.97,-2.73,5.01,28,bullish (rischio di offerta) / risk-off,medium,1,,,,,,
2026-08-13,ukraine-novorossiysk-sheskharis-strike,2026-08-13/news_03.md,BZ=F,10,0.76,4.96,-4.17,10.21,28,bullish (rischio di offerta) / risk-off,medium,1,,,,,,
2026-08-13,ukraine-novorossiysk-sheskharis-strike,2026-08-13/news_03.md,CRACK_321,1,1.88,3.39,-0.74,5.32,28,bullish (rischio di offerta) / risk-off,medium,1,2026-08-13,-14.8501,0,0,16.7301,2026-08-17
2026-08-13,ukraine-novorossiysk-sheskharis-strike,2026-08-13/news_03.md,CRACK_321,3,1.78,5.57,-1.66,9.24,28,bullish (rischio di offerta) / risk-off,medium,1,,,,,,
2026-08-13,ukraine-novorossiysk-sheskharis-strike,2026-08-13/news_03.md,CRACK_321,5,0.93,3.87,-2.81,9.33,28,bullish (rischio di offerta) / risk-off,medium,1,,,,,,
2026-08-13,ukraine-novorossiysk-sheskharis-strike,2026-08-13/news_03.md,CRACK_321,10,6.21,10.18,0.23,11.42,28,bullish (rischio di offerta) / risk-off,medium,1,,,,,,
2026-08-13,ukraine-novorossiysk-sheskharis-strike,2026-08-13/news_03.md,HO=F,1,1.1,1.64,-0.16,4.49,28,bullish (rischio di offerta) / risk-off,medium,1,2026-08-13,-2.0209,0,0,3.1209,2026-08-17
2026-08-13,ukraine-novorossiysk-sheskharis-strike,2026-08-13/news_03.md,HO=F,3,1.29,3.98,-0.19,8.3,28,bullish (rischio di offerta) / risk-off,medium,1,,,,,,
2026-08-13,ukraine-novorossiysk-sheskharis-strike,2026-08-13/news_03.md,HO=F,5,1.1,4.01,-1.48,8.4,28,bullish (rischio di offerta) / risk-off,medium,1,,,,,,
2026-08-13,ukraine-novorossiysk-sheskharis-strike,2026-08-13/news_03.md,HO=F,10,1.88,6.12,-3.86,12.74,28,bullish (rischio di offerta) / risk-off,medium,1,,,,,,
2026-08-13,ukraine-novorossiysk-sheskharis-strike,2026-08-13/news_03.md,SHLD.L,1,0.25,0.23,-0.56,0.93,28,bullish (rischio di offerta) / risk-off,medium,1,2026-08-13,0.3801,1,1,0.1301,2026-08-17
2026-08-13,ukraine-novorossiysk-sheskharis-strike,2026-08-13/news_03.md,SHLD.L,3,0.23,0.58,-0.89,1.81,28,bullish (rischio di offerta) / risk-off,medium,1,,,,,,
2026-08-13,ukraine-novorossiysk-sheskharis-strike,2026-08-13/news_03.md,SHLD.L,5,-0.27,0.47,-1.22,3.02,28,bullish (rischio di offerta) / risk-off,medium,1,,,,,,
2026-08-13,ukraine-novorossiysk-sheskharis-strike,2026-08-13/news_03.md,SHLD.L,10,1.88,1.72,-0.24,3.63,28,bullish (rischio di offerta) / risk-off,medium,1,,,,,,
2026-08-13,ukraine-novorossiysk-sheskharis-strike,2026-08-13/news_03.md,TTF=F,1,0.96,1.24,-3.45,3.95,28,bullish (rischio di offerta) / risk-off,medium,1,2026-08-13,1.6954,1,1,0.7354,2026-08-17
2026-08-13,ukraine-novorossiysk-sheskharis-strike,2026-08-13/news_03.md,TTF=F,3,1.8,1.99,-5.75,6.27,28,bullish (rischio di offerta) / risk-off,medium,1,,,,,,
2026-08-13,ukraine-novorossiysk-sheskharis-strike,2026-08-13/news_03.md,TTF=F,5,-1.11,1.24,-7.87,5.32,28,bullish (rischio di offerta) / risk-off,medium,1,,,,,,
2026-08-13,ukraine-novorossiysk-sheskharis-strike,2026-08-13/news_03.md,TTF=F,10,-0.17,3.79,-10.57,8.88,28,bullish (rischio di offerta) / risk-off,medium,1,,,,,,
2026-08-13,ukraine-novorossiysk-sheskharis-strike,2026-08-13/news_03.md,^STOXX50E,1,-0.01,0.09,-0.81,1.35,28,bullish (rischio di offerta) / risk-off,medium,0,2026-08-13,-0.0898,1,,0.0798,2026-08-17
2026-08-13,ukraine-novorossiysk-sheskharis-strike,2026-08-13/news_03.md,^STOXX50E,3,-0.29,-0.24,-1.39,1.12,28,bullish (rischio di offerta) / risk-off,medium,1,,,,,,
2026-08-13,ukraine-novorossiysk-sheskharis-strike,2026-08-13/news_03.md,^STOXX50E,5,0.04,-0.16,-1.02,1.38,28,bullish (rischio di offerta) / risk-off,medium,0,,,,,,
2026-08-13,ukraine-novorossiysk-sheskharis-strike,2026-08-13/news_03.md,^STOXX50E,10,-0.09,0.18,-2.03,2.27,28,bullish (rischio di offerta) / risk-off,medium,0,,,,,,
2026-08-13,us-cpi-july-inline-fed-repricing,2026-08-13/news_01.md,DX-Y.NYB,1,0.07,0.07,-0.06,0.27,28,dovish / risk-on,medium,0,2026-08-13,-0.3241,0,,0.3941,2026-08-17
2026-08-13,us-cpi-july-inline-fed-repricing,2026-08-13/news_01.md,DX-Y.NYB,3,0.04,0.03,-0.5,0.53,28,dovish / risk-on,medium,0,,,,,,
2026-08-13,us-cpi-july-inline-fed-repricing,2026-08-13/news_01.md,DX-Y.NYB,5,0.33,0.07,-0.47,0.67,28,dovish / risk-on,medium,1,,,,,,
2026-08-13,us-cpi-july-inline-fed-repricing,2026-08-13/news_01.md,DX-Y.NYB,10,0.67,0.06,-1.11,1.31,28,dovish / risk-on,medium,1,,,,,,
2026-08-13,us-cpi-july-inline-fed-repricing,2026-08-13/news_01.md,GC=F,1,-0.05,-0.24,-0.82,0.8,28,dovish / risk-on,medium,0,2026-08-13,1.6890,0,,1.7390,2026-08-17
2026-08-13,us-cpi-july-inline-fed-repricing,2026-08-13/news_01.md,GC=F,3,0.37,-0.21,-1.74,1.14,28,dovish / risk-on,medium,1,,,,,,
2026-08-13,us-cpi-july-inline-fed-repricing,2026-08-13/news_01.md,GC=F,5,0.43,-0.44,-2.2,1.33,28,dovish / risk-on,medium,1,,,,,,
2026-08-13,us-cpi-july-inline-fed-repricing,2026-08-13/news_01.md,GC=F,10,1.4,1.66,-0.53,3.83,28,dovish / risk-on,medium,1,,,,,,
2026-08-13,us-cpi-july-inline-fed-repricing,2026-08-13/news_01.md,^GSPC,1,-0.01,-0.3,-0.56,0.26,28,dovish / risk-on,medium,0,2026-08-13,-0.1696,1,,0.1596,2026-08-17
2026-08-13,us-cpi-july-inline-fed-repricing,2026-08-13/news_01.md,^GSPC,3,-0.06,-0.18,-1.09,0.72,28,dovish / risk-on,medium,0,,,,,,
2026-08-13,us-cpi-july-inline-fed-repricing,2026-08-13/news_01.md,^GSPC,5,0.34,-0.03,-0.92,1.04,28,dovish / risk-on,medium,1,,,,,,
2026-08-13,us-cpi-july-inline-fed-repricing,2026-08-13/news_01.md,^GSPC,10,0.56,0.34,-1.14,1.4,28,dovish / risk-on,medium,1,,,,,,
2026-08-13,us-cpi-july-inline-fed-repricing,2026-08-13/news_01.md,^NDX,1,-0.3,-0.38,-0.72,0.19,28,dovish / risk-on,medium,1,2026-08-13,-0.1275,1,1,0.1725,2026-08-17
2026-08-13,us-cpi-july-inline-fed-repricing,2026-08-13/news_01.md,^NDX,3,-0.16,-0.14,-1.62,1.19,28,dovish / risk-on,medium,1,,,,,,
2026-08-13,us-cpi-july-inline-fed-repricing,2026-08-13/news_01.md,^NDX,5,0.58,0.3,-1.17,1.76,28,dovish / risk-on,medium,1,,,,,,
2026-08-13,us-cpi-july-inline-fed-repricing,2026-08-13/news_01.md,^NDX,10,0.4,0.69,-0.74,1.92,28,dovish / risk-on,medium,1,,,,,,
2026-08-13,us-cpi-july-inline-fed-repricing,2026-08-13/news_01.md,^TNX,1,0.53,0.43,-0.09,1.02,28,dovish / risk-on,medium,1,2026-08-13,1.1851,0,1,0.6551,2026-08-17
2026-08-13,us-cpi-july-inline-fed-repricing,2026-08-13/news_01.md,^TNX,3,0.78,1.17,0.01,2.81,28,dovish / risk-on,medium,1,,,,,,
2026-08-13,us-cpi-july-inline-fed-repricing,2026-08-13/news_01.md,^TNX,5,1.18,1.56,-0.12,2.63,28,dovish / risk-on,medium,1,,,,,,
2026-08-13,us-cpi-july-inline-fed-repricing,2026-08-13/news_01.md,^TNX,10,0.78,1.69,-0.61,3.48,28,dovish / risk-on,medium,1,,,,,,
2026-08-13,us-cpi-july-inline-fed-repricing,2026-08-13/news_01.md,^VIX,1,0.54,3.32,-1.73,3.59,28,dovish / risk-on,medium,1,2026-08-13,-2.5974,0,0,3.1374,2026-08-17
2026-08-13,us-cpi-july-inline-fed-repricing,2026-08-13/news_01.md,^VIX,3,3.77,3.17,-3.09,8.28,28,dovish / risk-on,medium,1,,,,,,
2026-08-13,us-cpi-july-inline-fed-repricing,2026-08-13/news_01.md,^VIX,5,4.71,5.03,-6.05,8.19,28,dovish / risk-on,medium,1,,,,,,
2026-08-13,us-cpi-july-inline-fed-repricing,2026-08-13/news_01.md,^VIX,10,2.53,3.29,-6.89,12.46,28,dovish / risk-on,medium,1,,,,,,
2026-08-14,applied-materials-ai-capex,2026-08-14/news_04.md,EWT,1,0.4,0.16,-0.54,1.26,27,bearish,medium,1,,,,,,
2026-08-14,applied-materials-ai-capex,2026-08-14/news_04.md,EWT,3,0.96,0.24,-0.78,2.14,27,bearish,medium,1,,,,,,
2026-08-14,applied-materials-ai-capex,2026-08-14/news_04.md,EWT,5,2.06,1.41,-0.92,4.13,27,bearish,medium,1,,,,,,
2026-08-14,applied-materials-ai-capex,2026-08-14/news_04.md,EWT,10,2.9,2.87,0.93,4.71,27,bearish,medium,1,,,,,,
2026-08-14,applied-materials-ai-capex,2026-08-14/news_04.md,EWY,1,0.14,0.48,-0.89,1.39,27,bearish,medium,1,,,,,,
2026-08-14,applied-materials-ai-capex,2026-08-14/news_04.md,EWY,3,1.18,1.05,-1.07,3.28,27,bearish,medium,1,,,,,,
2026-08-14,applied-materials-ai-capex,2026-08-14/news_04.md,EWY,5,1.6,2.22,-1.36,4.84,27,bearish,medium,1,,,,,,
2026-08-14,applied-materials-ai-capex,2026-08-14/news_04.md,EWY,10,3.19,3.54,0.37,5.35,27,bearish,medium,1,,,,,,
2026-08-14,applied-materials-ai-capex,2026-08-14/news_04.md,SOXX,1,0.14,0.26,-1.02,2.01,27,bearish,medium,1,,,,,,
2026-08-14,applied-materials-ai-capex,2026-08-14/news_04.md,SOXX,3,0.32,0.44,-2.27,3.51,27,bearish,medium,1,,,,,,
2026-08-14,applied-materials-ai-capex,2026-08-14/news_04.md,SOXX,5,1.35,2.01,-1.26,5.23,27,bearish,medium,1,,,,,,
2026-08-14,applied-materials-ai-capex,2026-08-14/news_04.md,SOXX,10,2.72,3.42,0.38,5.83,27,bearish,medium,1,,,,,,
2026-08-14,applied-materials-ai-capex,2026-08-14/news_04.md,^GSPC,1,0.3,0.14,-0.21,0.84,27,bearish,medium,1,,,,,,
2026-08-14,applied-materials-ai-capex,2026-08-14/news_04.md,^GSPC,3,-0.15,-0.05,-1.25,1.29,27,bearish,medium,1,,,,,,
2026-08-14,applied-materials-ai-capex,2026-08-14/news_04.md,^GSPC,5,0.65,0.76,-0.3,2.29,27,bearish,medium,1,,,,,,
2026-08-14,applied-materials-ai-capex,2026-08-14/news_04.md,^GSPC,10,1.5,1.19,0.75,2.92,27,bearish,medium,1,,,,,,
2026-08-14,applied-materials-ai-capex,2026-08-14/news_04.md,^NDX,1,0.45,0.18,-0.21,1.01,27,bearish,medium,1,,,,,,
2026-08-14,applied-materials-ai-capex,2026-08-14/news_04.md,^NDX,3,-0.19,0.05,-1.39,2.03,27,bearish,medium,1,,,,,,
2026-08-14,applied-materials-ai-capex,2026-08-14/news_04.md,^NDX,5,0.81,1.05,-0.34,3.24,27,bearish,medium,1,,,,,,
2026-08-14,applied-materials-ai-capex,2026-08-14/news_04.md,^NDX,10,2.36,1.55,1.04,3.8,27,bearish,medium,1,,,,,,
2026-08-14,brazil-reciprocity-tariffs,2026-08-14/news_07.md,BRL=X,1,0.25,0.13,-0.29,0.5,30,risk-off,low,1,2026-08-14,0.2577,1,1,0.0077,2026-08-17
2026-08-14,brazil-reciprocity-tariffs,2026-08-14/news_07.md,BRL=X,3,-0.15,0.13,-0.51,0.65,30,risk-off,low,1,,,,,,
2026-08-14,brazil-reciprocity-tariffs,2026-08-14/news_07.md,BRL=X,5,0.02,0.0,-0.74,0.81,30,risk-off,low,0,,,,,,
2026-08-14,brazil-reciprocity-tariffs,2026-08-14/news_07.md,BRL=X,10,-0.09,-0.19,-1.0,0.86,30,risk-off,low,0,,,,,,
2026-08-14,brazil-reciprocity-tariffs,2026-08-14/news_07.md,DX-Y.NYB,1,-0.1,-0.07,-0.32,0.16,30,risk-off,low,1,2026-08-14,-0.1636,1,1,0.0636,2026-08-17
2026-08-14,brazil-reciprocity-tariffs,2026-08-14/news_07.md,DX-Y.NYB,3,-0.28,-0.21,-0.54,0.44,30,risk-off,low,1,,,,,,
2026-08-14,brazil-reciprocity-tariffs,2026-08-14/news_07.md,DX-Y.NYB,5,-0.14,-0.26,-0.91,0.31,30,risk-off,low,1,,,,,,
2026-08-14,brazil-reciprocity-tariffs,2026-08-14/news_07.md,DX-Y.NYB,10,0.1,-0.09,-0.77,0.57,30,risk-off,low,1,,,,,,
2026-08-14,brazil-reciprocity-tariffs,2026-08-14/news_07.md,EEM,1,0.35,0.08,-0.22,0.84,30,risk-off,low,1,,,,,,
2026-08-14,brazil-reciprocity-tariffs,2026-08-14/news_07.md,EEM,3,-0.16,-0.02,-0.64,1.52,30,risk-off,low,1,,,,,,
2026-08-14,brazil-reciprocity-tariffs,2026-08-14/news_07.md,EEM,5,0.43,0.31,-0.55,1.35,30,risk-off,low,1,,,,,,
2026-08-14,brazil-reciprocity-tariffs,2026-08-14/news_07.md,EEM,10,0.4,0.54,-0.88,2.17,30,risk-off,low,1,,,,,,
2026-08-14,brazil-reciprocity-tariffs,2026-08-14/news_07.md,EWZ,1,0.33,0.09,-0.56,0.87,30,risk-off,low,1,,,,,,
2026-08-14,brazil-reciprocity-tariffs,2026-08-14/news_07.md,EWZ,3,0.4,0.13,-1.34,1.46,30,risk-off,low,1,,,,,,
2026-08-14,brazil-reciprocity-tariffs,2026-08-14/news_07.md,EWZ,5,0.29,0.55,-1.15,2.41,30,risk-off,low,1,,,,,,
2026-08-14,brazil-reciprocity-tariffs,2026-08-14/news_07.md,EWZ,10,1.59,1.43,-2.36,4.57,30,risk-off,low,1,,,,,,
2026-08-14,euro-industrial-capital-goods,2026-08-14/news_05.md,BTP_BUND_SPREAD,1,0.41,0.67,-0.38,1.52,30,bearish,medium,1,,,,,,
2026-08-14,euro-industrial-capital-goods,2026-08-14/news_05.md,BTP_BUND_SPREAD,3,-0.94,-0.23,-1.86,1.43,30,bearish,medium,1,,,,,,
2026-08-14,euro-industrial-capital-goods,2026-08-14/news_05.md,BTP_BUND_SPREAD,5,-0.07,-0.27,-4.29,1.65,30,bearish,medium,0,,,,,,
2026-08-14,euro-industrial-capital-goods,2026-08-14/news_05.md,BTP_BUND_SPREAD,10,-2.06,-1.23,-5.94,1.36,30,bearish,medium,1,,,,,,
2026-08-14,euro-industrial-capital-goods,2026-08-14/news_05.md,EURUSD=X,1,-0.17,-0.14,-0.52,0.11,30,bearish,medium,1,2026-08-14,0.1507,0,0,0.3207,2026-08-17
2026-08-14,euro-industrial-capital-goods,2026-08-14/news_05.md,EURUSD=X,3,-0.04,-0.0,-0.67,0.51,30,bearish,medium,0,,,,,,
2026-08-14,euro-industrial-capital-goods,2026-08-14/news_05.md,EURUSD=X,5,0.05,0.13,-0.92,0.85,30,bearish,medium,0,,,,,,
2026-08-14,euro-industrial-capital-goods,2026-08-14/news_05.md,EURUSD=X,10,-0.72,-0.09,-1.4,1.02,30,bearish,medium,1,,,,,,
2026-08-14,euro-industrial-capital-goods,2026-08-14/news_05.md,EXH9.DE,1,-0.1,-0.26,-0.46,0.2,30,bearish,medium,1,,,,,,
2026-08-14,euro-industrial-capital-goods,2026-08-14/news_05.md,EXH9.DE,3,-0.41,-0.6,-1.75,0.8,30,bearish,medium,1,,,,,,
2026-08-14,euro-industrial-capital-goods,2026-08-14/news_05.md,EXH9.DE,5,0.13,-0.28,-1.76,1.19,30,bearish,medium,1,,,,,,
2026-08-14,euro-industrial-capital-goods,2026-08-14/news_05.md,EXH9.DE,10,-0.11,0.07,-1.57,1.67,30,bearish,medium,1,,,,,,
2026-08-14,euro-industrial-capital-goods,2026-08-14/news_05.md,IEAG.AS,1,-0.06,-0.04,-0.18,0.15,30,bearish,medium,0,,,,,,
2026-08-14,euro-industrial-capital-goods,2026-08-14/news_05.md,IEAG.AS,3,0.02,-0.05,-0.24,0.16,30,bearish,medium,0,,,,,,
2026-08-14,euro-industrial-capital-goods,2026-08-14/news_05.md,IEAG.AS,5,0.18,0.0,-0.33,0.37,30,bearish,medium,1,,,,,,
2026-08-14,euro-industrial-capital-goods,2026-08-14/news_05.md,IEAG.AS,10,0.11,0.03,-0.68,0.6,30,bearish,medium,1,,,,,,
2026-08-14,euro-industrial-capital-goods,2026-08-14/news_05.md,^GDAXI,1,-0.09,-0.26,-0.71,0.72,30,bearish,medium,0,,,,,,
2026-08-14,euro-industrial-capital-goods,2026-08-14/news_05.md,^GDAXI,3,0.03,-0.15,-0.71,0.67,30,bearish,medium,0,,,,,,
2026-08-14,euro-industrial-capital-goods,2026-08-14/news_05.md,^GDAXI,5,-0.29,-0.14,-1.33,1.16,30,bearish,medium,1,,,,,,
2026-08-14,euro-industrial-capital-goods,2026-08-14/news_05.md,^GDAXI,10,0.18,0.4,-1.27,2.26,30,bearish,medium,1,,,,,,
2026-08-14,euro-industrial-capital-goods,2026-08-14/news_05.md,^STOXX50E,1,0.34,0.03,-0.62,0.65,30,bearish,medium,1,,,,,,
2026-08-14,euro-industrial-capital-goods,2026-08-14/news_05.md,^STOXX50E,3,0.07,0.14,-0.37,0.82,30,bearish,medium,0,,,,,,
2026-08-14,euro-industrial-capital-goods,2026-08-14/news_05.md,^STOXX50E,5,0.42,0.27,-1.13,1.47,30,bearish,medium,1,,,,,,
2026-08-14,euro-industrial-capital-goods,2026-08-14/news_05.md,^STOXX50E,10,-0.1,0.61,-1.77,3.12,30,bearish,medium,1,,,,,,
2026-08-14,hormuz-blockade-crude-falls,2026-08-14/news_01.md,BZ=F,1,1.55,1.31,-0.31,3.95,27,risk-off,medium,1,2026-08-14,0.0339,1,1,1.5161,2026-08-17
2026-08-14,hormuz-blockade-crude-falls,2026-08-14/news_01.md,BZ=F,3,4.09,3.51,-1.32,8.33,27,risk-off,medium,1,,,,,,
2026-08-14,hormuz-blockade-crude-falls,2026-08-14/news_01.md,BZ=F,5,3.48,4.8,-1.54,10.58,27,risk-off,medium,1,,,,,,
2026-08-14,hormuz-blockade-crude-falls,2026-08-14/news_01.md,BZ=F,10,2.52,6.58,-3.63,17.47,27,risk-off,medium,1,,,,,,
2026-08-14,hormuz-blockade-crude-falls,2026-08-14/news_01.md,CHF=X,1,0.2,0.14,-0.22,0.45,26,risk-off,medium,1,2026-08-14,-0.1376,1,0,0.3376,2026-08-17
2026-08-14,hormuz-blockade-crude-falls,2026-08-14/news_01.md,CHF=X,3,0.15,0.13,-0.47,0.75,25,risk-off,medium,1,2026-08-14,-0.3587,1,0,0.5087,2026-08-17
2026-08-14,hormuz-blockade-crude-falls,2026-08-14/news_01.md,CHF=X,5,0.32,0.17,-0.4,0.75,26,risk-off,medium,1,,,,,,
2026-08-14,hormuz-blockade-crude-falls,2026-08-14/news_01.md,CHF=X,10,0.9,0.59,-0.3,1.25,26,risk-off,medium,1,,,,,,
2026-08-14,hormuz-blockade-crude-falls,2026-08-14/news_01.md,CRACK_321,1,2.86,3.47,-1.16,5.35,27,risk-off,medium,1,2026-08-14,-0.6887,1,0,3.5487,2026-08-17
2026-08-14,hormuz-blockade-crude-falls,2026-08-14/news_01.md,CRACK_321,3,3.1,6.22,-2.41,9.61,27,risk-off,medium,1,,,,,,
2026-08-14,hormuz-blockade-crude-falls,2026-08-14/news_01.md,CRACK_321,5,2.99,4.81,-0.54,9.48,27,risk-off,medium,1,,,,,,
2026-08-14,hormuz-blockade-crude-falls,2026-08-14/news_01.md,CRACK_321,10,6.27,10.63,-2.0,16.23,27,risk-off,medium,1,,,,,,
2026-08-14,hormuz-blockade-crude-falls,2026-08-14/news_01.md,DX-Y.NYB,1,0.13,0.15,-0.18,0.47,27,risk-off,medium,1,2026-08-14,-0.1636,1,0,0.2936,2026-08-17
2026-08-14,hormuz-blockade-crude-falls,2026-08-14/news_01.md,DX-Y.NYB,3,0.2,0.16,-0.21,0.6,27,risk-off,medium,1,,,,,,
2026-08-14,hormuz-blockade-crude-falls,2026-08-14/news_01.md,DX-Y.NYB,5,0.42,0.27,-0.27,0.78,27,risk-off,medium,1,,,,,,
2026-08-14,hormuz-blockade-crude-falls,2026-08-14/news_01.md,DX-Y.NYB,10,0.43,0.49,0.11,0.93,27,risk-off,medium,1,,,,,,
2026-08-14,hormuz-blockade-crude-falls,2026-08-14/news_01.md,GC=F,1,0.11,0.07,-1.02,0.83,27,risk-off,medium,1,2026-08-14,0.3764,1,1,0.2664,2026-08-17
2026-08-14,hormuz-blockade-crude-falls,2026-08-14/news_01.md,GC=F,3,-0.28,-0.06,-2.13,1.94,27,risk-off,medium,1,,,,,,
2026-08-14,hormuz-blockade-crude-falls,2026-08-14/news_01.md,GC=F,5,-1.3,-0.91,-3.35,1.27,27,risk-off,medium,1,,,,,,
2026-08-14,hormuz-blockade-crude-falls,2026-08-14/news_01.md,GC=F,10,-3.4,-2.92,-5.72,0.07,27,risk-off,medium,1,,,,,,
2026-08-14,hormuz-blockade-crude-falls,2026-08-14/news_01.md,HO=F,1,2.6,1.94,-1.38,5.15,27,risk-off,medium,1,2026-08-14,-0.1345,1,0,2.7345,2026-08-17
2026-08-14,hormuz-blockade-crude-falls,2026-08-14/news_01.md,HO=F,3,2.77,4.57,-0.6,8.84,27,risk-off,medium,1,,,,,,
2026-08-14,hormuz-blockade-crude-falls,2026-08-14/news_01.md,HO=F,5,2.42,4.94,-1.3,11.53,27,risk-off,medium,1,,,,,,
2026-08-14,hormuz-blockade-crude-falls,2026-08-14/news_01.md,HO=F,10,3.4,7.62,-1.68,14.06,27,risk-off,medium,1,,,,,,
2026-08-14,hormuz-blockade-crude-falls,2026-08-14/news_01.md,^GSPC,1,0.02,-0.04,-0.57,0.57,27,risk-off,medium,0,,,,,,
2026-08-14,hormuz-blockade-crude-falls,2026-08-14/news_01.md,^GSPC,3,-0.01,0.09,-0.91,0.92,27,risk-off,medium,0,,,,,,
2026-08-14,hormuz-blockade-crude-falls,2026-08-14/news_01.md,^GSPC,5,-0.52,-0.15,-1.96,1.06,27,risk-off,medium,1,,,,,,
2026-08-14,hormuz-blockade-crude-falls,2026-08-14/news_01.md,^GSPC,10,-0.73,-0.26,-2.3,1.37,27,risk-off,medium,1,,,,,,
2026-08-14,hormuz-blockade-crude-falls,2026-08-14/news_01.md,^VIX,1,-0.37,1.01,-3.4,6.36,27,risk-off,medium,1,,,,,,
2026-08-14,hormuz-blockade-crude-falls,2026-08-14/news_01.md,^VIX,3,1.23,1.97,-6.85,9.51,27,risk-off,medium,1,,,,,,
2026-08-14,hormuz-blockade-crude-falls,2026-08-14/news_01.md,^VIX,5,3.55,5.03,-5.16,14.31,27,risk-off,medium,1,,,,,,
2026-08-14,hormuz-blockade-crude-falls,2026-08-14/news_01.md,^VIX,10,0.93,3.99,-4.08,15.79,27,risk-off,medium,1,,,,,,
2026-08-14,ppi-flat-fed-repricing,2026-08-14/news_03.md,EURUSD=X,1,0.02,0.04,-0.16,0.36,30,dovish,medium,0,2026-08-14,0.1507,1,,0.1307,2026-08-17
2026-08-14,ppi-flat-fed-repricing,2026-08-14/news_03.md,EURUSD=X,3,0.16,0.18,-0.11,0.51,30,dovish,medium,1,,,,,,
2026-08-14,ppi-flat-fed-repricing,2026-08-14/news_03.md,EURUSD=X,5,0.24,0.26,-0.15,0.75,30,dovish,medium,1,,,,,,
2026-08-14,ppi-flat-fed-repricing,2026-08-14/news_03.md,EURUSD=X,10,0.16,0.38,-0.47,1.36,30,dovish,medium,1,,,,,,
2026-08-14,ppi-flat-fed-repricing,2026-08-14/news_03.md,GC=F,1,0.23,0.16,-0.5,0.98,30,dovish,medium,1,2026-08-14,0.3764,1,1,0.1464,2026-08-17
2026-08-14,ppi-flat-fed-repricing,2026-08-14/news_03.md,GC=F,3,1.0,0.73,-0.99,2.3,30,dovish,medium,1,,,,,,
2026-08-14,ppi-flat-fed-repricing,2026-08-14/news_03.md,GC=F,5,1.46,1.2,-0.7,2.68,30,dovish,medium,1,,,,,,
2026-08-14,ppi-flat-fed-repricing,2026-08-14/news_03.md,GC=F,10,2.01,1.67,-1.08,3.75,30,dovish,medium,1,,,,,,
2026-08-14,ppi-flat-fed-repricing,2026-08-14/news_03.md,IEF,1,-0.03,0.01,-0.3,0.22,30,dovish,medium,0,,,,,,
2026-08-14,ppi-flat-fed-repricing,2026-08-14/news_03.md,IEF,3,0.2,0.14,-0.25,0.51,30,dovish,medium,1,,,,,,
2026-08-14,ppi-flat-fed-repricing,2026-08-14/news_03.md,IEF,5,0.11,0.17,-0.4,0.76,30,dovish,medium,1,,,,,,
2026-08-14,ppi-flat-fed-repricing,2026-08-14/news_03.md,IEF,10,0.32,0.37,-0.36,1.03,30,dovish,medium,1,,,,,,
2026-08-14,ppi-flat-fed-repricing,2026-08-14/news_03.md,^GSPC,1,0.21,-0.04,-0.64,0.6,30,dovish,medium,1,,,,,,
2026-08-14,ppi-flat-fed-repricing,2026-08-14/news_03.md,^GSPC,3,0.83,0.35,-0.78,1.72,30,dovish,medium,1,,,,,,
2026-08-14,ppi-flat-fed-repricing,2026-08-14/news_03.md,^GSPC,5,0.47,0.52,-0.76,1.86,30,dovish,medium,1,,,,,,
2026-08-14,ppi-flat-fed-repricing,2026-08-14/news_03.md,^GSPC,10,1.61,1.73,-0.43,3.25,30,dovish,medium,1,,,,,,
2026-08-14,ppi-flat-fed-repricing,2026-08-14/news_03.md,^NDX,1,0.16,-0.03,-0.55,0.8,30,dovish,medium,1,,,,,,
2026-08-14,ppi-flat-fed-repricing,2026-08-14/news_03.md,^NDX,3,1.2,0.38,-1.59,2.25,30,dovish,medium,1,,,,,,
2026-08-14,ppi-flat-fed-repricing,2026-08-14/news_03.md,^NDX,5,0.83,0.67,-1.68,3.26,30,dovish,medium,1,,,,,,
2026-08-14,ppi-flat-fed-repricing,2026-08-14/news_03.md,^NDX,10,1.72,2.0,-0.73,4.72,30,dovish,medium,1,,,,,,
2026-08-14,ppi-flat-fed-repricing,2026-08-14/news_03.md,^TNX,1,-0.14,0.04,-0.54,0.92,30,dovish,medium,1,,,,,,
2026-08-14,ppi-flat-fed-repricing,2026-08-14/news_03.md,^TNX,3,-0.42,-0.16,-1.52,1.45,30,dovish,medium,1,,,,,,
2026-08-14,ppi-flat-fed-repricing,2026-08-14/news_03.md,^TNX,5,-0.19,-0.19,-1.99,1.72,30,dovish,medium,1,,,,,,
2026-08-14,ppi-flat-fed-repricing,2026-08-14/news_03.md,^TNX,10,-0.63,-0.58,-2.67,1.84,30,dovish,medium,1,,,,,,
2026-08-14,ppi-flat-fed-repricing,2026-08-14/news_03.md,^VIX,1,-0.98,1.47,-5.33,6.33,30,dovish,medium,1,,,,,,
2026-08-14,ppi-flat-fed-repricing,2026-08-14/news_03.md,^VIX,3,1.18,1.0,-12.3,5.58,30,dovish,medium,1,,,,,,
2026-08-14,ppi-flat-fed-repricing,2026-08-14/news_03.md,^VIX,5,-0.39,-1.86,-14.83,10.55,30,dovish,medium,1,,,,,,
2026-08-14,ppi-flat-fed-repricing,2026-08-14/news_03.md,^VIX,10,-1.95,-6.12,-17.86,6.87,30,dovish,medium,1,,,,,,
2026-08-14,ukraine-missile-saturation-defence,2026-08-14/news_06.md,BZ=F,1,0.14,0.31,-0.84,1.46,30,risk-off,low,1,2026-08-14,0.0339,1,1,0.1061,2026-08-17
2026-08-14,ukraine-missile-saturation-defence,2026-08-14/news_06.md,BZ=F,3,0.91,0.94,-1.0,2.7,30,risk-off,low,1,,,,,,
2026-08-14,ukraine-missile-saturation-defence,2026-08-14/news_06.md,BZ=F,5,0.99,1.29,-1.94,3.19,30,risk-off,low,1,,,,,,
2026-08-14,ukraine-missile-saturation-defence,2026-08-14/news_06.md,BZ=F,10,-1.35,-0.13,-4.17,3.64,30,risk-off,low,1,,,,,,
2026-08-14,ukraine-missile-saturation-defence,2026-08-14/news_06.md,EXH9.DE,1,0.13,-0.07,-0.22,0.52,30,risk-off,low,1,,,,,,
2026-08-14,ukraine-missile-saturation-defence,2026-08-14/news_06.md,EXH9.DE,3,0.69,0.37,-0.5,1.26,30,risk-off,low,1,,,,,,
2026-08-14,ukraine-missile-saturation-defence,2026-08-14/news_06.md,EXH9.DE,5,0.69,0.64,-0.06,1.94,30,risk-off,low,1,,,,,,
2026-08-14,ukraine-missile-saturation-defence,2026-08-14/news_06.md,EXH9.DE,10,1.47,1.11,-0.53,2.73,30,risk-off,low,1,,,,,,
2026-08-14,ukraine-missile-saturation-defence,2026-08-14/news_06.md,GC=F,1,-0.07,-0.17,-0.97,0.81,30,risk-off,low,0,2026-08-14,0.3764,1,,0.4464,2026-08-17
2026-08-14,ukraine-missile-saturation-defence,2026-08-14/news_06.md,GC=F,3,-0.13,-0.2,-1.3,1.18,30,risk-off,low,1,,,,,,
2026-08-14,ukraine-missile-saturation-defence,2026-08-14/news_06.md,GC=F,5,0.26,-0.43,-2.34,1.13,30,risk-off,low,1,,,,,,
2026-08-14,ukraine-missile-saturation-defence,2026-08-14/news_06.md,GC=F,10,-0.61,-0.38,-3.87,3.18,30,risk-off,low,1,,,,,,
2026-08-14,ukraine-missile-saturation-defence,2026-08-14/news_06.md,SHLD.L,1,0.61,0.49,-0.09,1.16,30,risk-off,low,1,,,,,,
2026-08-14,ukraine-missile-saturation-defence,2026-08-14/news_06.md,SHLD.L,3,0.35,0.53,-0.6,1.51,30,risk-off,low,1,,,,,,
2026-08-14,ukraine-missile-saturation-defence,2026-08-14/news_06.md,SHLD.L,5,0.31,0.28,-0.81,1.92,30,risk-off,low,1,,,,,,
2026-08-14,ukraine-missile-saturation-defence,2026-08-14/news_06.md,SHLD.L,10,0.53,-0.11,-2.61,1.52,30,risk-off,low,1,,,,,,
2026-08-14,ukraine-missile-saturation-defence,2026-08-14/news_06.md,TTF=F,1,-1.02,0.01,-2.16,1.02,30,risk-off,low,1,2026-08-14,0.6935,1,0,1.7135,2026-08-17
2026-08-14,ukraine-missile-saturation-defence,2026-08-14/news_06.md,TTF=F,3,-1.21,-0.76,-4.53,3.83,30,risk-off,low,1,,,,,,
2026-08-14,ukraine-missile-saturation-defence,2026-08-14/news_06.md,TTF=F,5,0.3,0.24,-4.27,4.07,30,risk-off,low,1,,,,,,
2026-08-14,ukraine-missile-saturation-defence,2026-08-14/news_06.md,TTF=F,10,-1.55,-1.48,-5.65,2.56,30,risk-off,low,1,,,,,,
2026-08-14,ukraine-missile-saturation-defence,2026-08-14/news_06.md,^STOXX50E,1,0.05,0.16,-0.29,0.92,30,risk-off,low,0,,,,,,
2026-08-14,ukraine-missile-saturation-defence,2026-08-14/news_06.md,^STOXX50E,3,0.47,0.3,-0.4,1.24,30,risk-off,low,1,,,,,,
2026-08-14,ukraine-missile-saturation-defence,2026-08-14/news_06.md,^STOXX50E,5,0.32,0.27,-0.61,1.25,30,risk-off,low,1,,,,,,
2026-08-14,ukraine-missile-saturation-defence,2026-08-14/news_06.md,^STOXX50E,10,0.56,0.56,-1.24,2.28,30,risk-off,low,1,,,,,,
2026-08-14,us-consumer-retail-sentiment,2026-08-14/news_02.md,DX-Y.NYB,1,0.08,0.03,-0.19,0.28,30,bearish,high,0,2026-08-14,-0.1636,1,,0.2436,2026-08-17
2026-08-14,us-consumer-retail-sentiment,2026-08-14/news_02.md,DX-Y.NYB,3,-0.14,-0.11,-0.36,0.46,30,bearish,high,1,,,,,,
2026-08-14,us-consumer-retail-sentiment,2026-08-14/news_02.md,DX-Y.NYB,5,0.07,-0.12,-0.39,0.48,30,bearish,high,0,,,,,,
2026-08-14,us-consumer-retail-sentiment,2026-08-14/news_02.md,DX-Y.NYB,10,0.59,0.08,-0.67,0.93,30,bearish,high,1,,,,,,
2026-08-14,us-consumer-retail-sentiment,2026-08-14/news_02.md,EURUSD=X,1,-0.2,-0.15,-0.52,0.09,30,bearish,high,1,2026-08-14,0.1507,0,0,0.3507,2026-08-17
2026-08-14,us-consumer-retail-sentiment,2026-08-14/news_02.md,EURUSD=X,3,-0.17,-0.03,-0.72,0.51,30,bearish,high,1,,,,,,
2026-08-14,us-consumer-retail-sentiment,2026-08-14/news_02.md,EURUSD=X,5,0.05,0.14,-0.92,0.85,30,bearish,high,0,,,,,,
2026-08-14,us-consumer-retail-sentiment,2026-08-14/news_02.md,EURUSD=X,10,-0.68,-0.06,-1.24,1.02,30,bearish,high,1,,,,,,
2026-08-14,us-consumer-retail-sentiment,2026-08-14/news_02.md,HG=F,1,0.1,-0.07,-0.9,1.16,30,bearish,high,1,2026-08-14,1.8222,0,1,1.7222,2026-08-17
2026-08-14,us-consumer-retail-sentiment,2026-08-14/news_02.md,HG=F,3,0.14,0.23,-1.63,1.98,30,bearish,high,1,,,,,,
2026-08-14,us-consumer-retail-sentiment,2026-08-14/news_02.md,HG=F,5,0.84,0.14,-2.92,2.34,30,bearish,high,1,,,,,,
2026-08-14,us-consumer-retail-sentiment,2026-08-14/news_02.md,HG=F,10,0.87,1.19,-2.24,5.72,30,bearish,high,1,,,,,,
2026-08-14,us-consumer-retail-sentiment,2026-08-14/news_02.md,HYG,1,-0.02,-0.07,-0.33,0.14,30,bearish,high,0,,,,,,
2026-08-14,us-consumer-retail-sentiment,2026-08-14/news_02.md,HYG,3,-0.07,0.09,-0.34,0.61,30,bearish,high,0,,,,,,
2026-08-14,us-consumer-retail-sentiment,2026-08-14/news_02.md,HYG,5,0.15,0.15,-0.4,0.54,30,bearish,high,1,,,,,,
2026-08-14,us-consumer-retail-sentiment,2026-08-14/news_02.md,HYG,10,0.29,0.26,-0.32,0.72,30,bearish,high,1,,,,,,
2026-08-14,us-consumer-retail-sentiment,2026-08-14/news_02.md,^GSPC,1,-0.01,-0.25,-0.7,0.29,30,bearish,high,0,,,,,,
2026-08-14,us-consumer-retail-sentiment,2026-08-14/news_02.md,^GSPC,3,0.18,0.07,-1.78,1.44,30,bearish,high,1,,,,,,
2026-08-14,us-consumer-retail-sentiment,2026-08-14/news_02.md,^GSPC,5,0.46,0.06,-1.66,1.28,30,bearish,high,1,,,,,,
2026-08-14,us-consumer-retail-sentiment,2026-08-14/news_02.md,^GSPC,10,0.95,0.22,-2.07,1.95,30,bearish,high,1,,,,,,
2026-08-14,us-consumer-retail-sentiment,2026-08-14/news_02.md,^NDX,1,-0.11,-0.26,-0.76,0.54,30,bearish,high,1,,,,,,
2026-08-14,us-consumer-retail-sentiment,2026-08-14/news_02.md,^NDX,3,0.4,0.21,-1.79,1.73,30,bearish,high,1,,,,,,
2026-08-14,us-consumer-retail-sentiment,2026-08-14/news_02.md,^NDX,5,0.67,0.23,-2.4,2.21,30,bearish,high,1,,,,,,
2026-08-14,us-consumer-retail-sentiment,2026-08-14/news_02.md,^NDX,10,0.74,0.39,-2.57,2.46,30,bearish,high,1,,,,,,
2026-08-14,us-consumer-retail-sentiment,2026-08-14/news_02.md,^TNX,1,0.47,0.21,-0.5,1.1,30,bearish,high,1,,,,,,
2026-08-14,us-consumer-retail-sentiment,2026-08-14/news_02.md,^TNX,3,0.33,0.68,-0.81,2.16,30,bearish,high,1,,,,,,
2026-08-14,us-consumer-retail-sentiment,2026-08-14/news_02.md,^TNX,5,0.43,0.76,-0.96,2.28,30,bearish,high,1,,,,,,
2026-08-14,us-consumer-retail-sentiment,2026-08-14/news_02.md,^TNX,10,1.6,1.48,-1.11,4.16,30,bearish,high,1,,,,,,
2026-08-14,us-consumer-retail-sentiment,2026-08-14/news_02.md,^VIX,1,1.84,3.79,-1.98,6.87,30,bearish,high,1,,,,,,
2026-08-14,us-consumer-retail-sentiment,2026-08-14/news_02.md,^VIX,3,0.79,3.8,-2.47,9.03,30,bearish,high,1,,,,,,
2026-08-14,us-consumer-retail-sentiment,2026-08-14/news_02.md,^VIX,5,3.33,3.81,-5.28,14.02,30,bearish,high,1,,,,,,
2026-08-14,us-consumer-retail-sentiment,2026-08-14/news_02.md,^VIX,10,1.95,1.96,-9.57,9.0,30,bearish,high,1,,,,,,
2026-08-15,bolla-offshore-kospi-sox-memoria,2026-08-15/news_04.md,EEM,1,0.21,0.2,-0.4,0.79,27,bearish / valutazioni estreme,low,1,,,,,,
2026-08-15,bolla-offshore-kospi-sox-memoria,2026-08-15/news_04.md,EEM,3,0.0,0.12,-0.85,2.11,27,bearish / valutazioni estreme,low,0,,,,,,
2026-08-15,bolla-offshore-kospi-sox-memoria,2026-08-15/news_04.md,EEM,5,0.89,0.99,-0.67,2.92,27,bearish / valutazioni estreme,low,1,,,,,,
2026-08-15,bolla-offshore-kospi-sox-memoria,2026-08-15/news_04.md,EEM,10,1.67,2.08,0.38,3.71,27,bearish / valutazioni estreme,low,1,,,,,,
2026-08-15,bolla-offshore-kospi-sox-memoria,2026-08-15/news_04.md,EWT,1,0.37,0.11,-0.54,1.2,27,bearish / valutazioni estreme,low,1,,,,,,
2026-08-15,bolla-offshore-kospi-sox-memoria,2026-08-15/news_04.md,EWT,3,0.77,0.22,-0.78,2.14,27,bearish / valutazioni estreme,low,1,,,,,,
2026-08-15,bolla-offshore-kospi-sox-memoria,2026-08-15/news_04.md,EWT,5,1.44,1.18,-1.24,4.13,27,bearish / valutazioni estreme,low,1,,,,,,
2026-08-15,bolla-offshore-kospi-sox-memoria,2026-08-15/news_04.md,EWT,10,2.9,2.87,0.93,4.71,27,bearish / valutazioni estreme,low,1,,,,,,
2026-08-15,bolla-offshore-kospi-sox-memoria,2026-08-15/news_04.md,EWY,1,0.14,0.4,-0.89,1.17,27,bearish / valutazioni estreme,low,1,,,,,,
2026-08-15,bolla-offshore-kospi-sox-memoria,2026-08-15/news_04.md,EWY,3,1.03,0.95,-1.07,2.86,27,bearish / valutazioni estreme,low,1,,,,,,
2026-08-15,bolla-offshore-kospi-sox-memoria,2026-08-15/news_04.md,EWY,5,1.34,1.92,-1.54,4.12,27,bearish / valutazioni estreme,low,1,,,,,,
2026-08-15,bolla-offshore-kospi-sox-memoria,2026-08-15/news_04.md,EWY,10,2.41,3.48,0.37,5.35,27,bearish / valutazioni estreme,low,1,,,,,,
2026-08-15,bolla-offshore-kospi-sox-memoria,2026-08-15/news_04.md,SOXX,1,0.45,0.28,-1.02,2.01,27,bearish / valutazioni estreme,low,1,,,,,,
2026-08-15,bolla-offshore-kospi-sox-memoria,2026-08-15/news_04.md,SOXX,3,0.45,0.52,-2.27,3.51,27,bearish / valutazioni estreme,low,1,,,,,,
2026-08-15,bolla-offshore-kospi-sox-memoria,2026-08-15/news_04.md,SOXX,5,1.34,1.74,-1.78,5.23,27,bearish / valutazioni estreme,low,1,,,,,,
2026-08-15,bolla-offshore-kospi-sox-memoria,2026-08-15/news_04.md,SOXX,10,2.72,3.53,0.38,6.09,27,bearish / valutazioni estreme,low,1,,,,,,
2026-08-15,bolla-offshore-kospi-sox-memoria,2026-08-15/news_04.md,^NDX,1,0.41,0.16,-0.21,1.01,27,bearish / valutazioni estreme,low,1,,,,,,
2026-08-15,bolla-offshore-kospi-sox-memoria,2026-08-15/news_04.md,^NDX,3,0.11,0.1,-1.39,2.03,27,bearish / valutazioni estreme,low,1,,,,,,
2026-08-15,bolla-offshore-kospi-sox-memoria,2026-08-15/news_04.md,^NDX,5,0.77,0.86,-0.53,3.2,27,bearish / valutazioni estreme,low,1,,,,,,
2026-08-15,bolla-offshore-kospi-sox-memoria,2026-08-15/news_04.md,^NDX,10,2.36,1.67,1.04,4.2,27,bearish / valutazioni estreme,low,1,,,,,,
2026-08-15,brasile-ballottaggio-si-stringe,2026-08-15/news_05.md,BRL=X,1,0.46,0.52,-0.11,1.02,27,risk-off (incertezza politica in aumento),medium,1,2026-08-15,0.0000,1,0,0.4600,2026-08-17
2026-08-15,brasile-ballottaggio-si-stringe,2026-08-15/news_05.md,BRL=X,3,0.83,0.91,-0.53,1.85,27,risk-off (incertezza politica in aumento),medium,1,,,,,,
2026-08-15,brasile-ballottaggio-si-stringe,2026-08-15/news_05.md,BRL=X,5,0.5,0.39,-0.6,1.64,27,risk-off (incertezza politica in aumento),medium,1,,,,,,
2026-08-15,brasile-ballottaggio-si-stringe,2026-08-15/news_05.md,BRL=X,10,-0.18,0.19,-1.12,2.16,27,risk-off (incertezza politica in aumento),medium,1,,,,,,
2026-08-15,brasile-ballottaggio-si-stringe,2026-08-15/news_05.md,EEM,1,-0.23,-0.16,-0.98,0.84,27,risk-off (incertezza politica in aumento),medium,1,,,,,,
2026-08-15,brasile-ballottaggio-si-stringe,2026-08-15/news_05.md,EEM,3,0.69,0.47,-1.13,1.54,27,risk-off (incertezza politica in aumento),medium,1,,,,,,
2026-08-15,brasile-ballottaggio-si-stringe,2026-08-15/news_05.md,EEM,5,0.35,0.86,-0.88,2.41,27,risk-off (incertezza politica in aumento),medium,1,,,,,,
2026-08-15,brasile-ballottaggio-si-stringe,2026-08-15/news_05.md,EEM,10,0.97,1.14,-1.25,3.27,27,risk-off (incertezza politica in aumento),medium,1,,,,,,
2026-08-15,brasile-ballottaggio-si-stringe,2026-08-15/news_05.md,EWZ,1,-0.44,0.11,-1.0,1.22,27,risk-off (incertezza politica in aumento),medium,1,,,,,,
2026-08-15,brasile-ballottaggio-si-stringe,2026-08-15/news_05.md,EWZ,3,-0.94,-0.35,-2.55,1.05,27,risk-off (incertezza politica in aumento),medium,1,,,,,,
2026-08-15,brasile-ballottaggio-si-stringe,2026-08-15/news_05.md,EWZ,5,-0.67,0.43,-1.89,1.83,27,risk-off (incertezza politica in aumento),medium,1,,,,,,
2026-08-15,brasile-ballottaggio-si-stringe,2026-08-15/news_05.md,EWZ,10,-0.32,1.03,-2.09,4.06,27,risk-off (incertezza politica in aumento),medium,1,,,,,,
2026-08-15,brasile-ballottaggio-si-stringe,2026-08-15/news_05.md,GC=F,1,-0.16,-0.09,-0.37,0.52,27,risk-off (incertezza politica in aumento),medium,1,,,,,,
2026-08-15,brasile-ballottaggio-si-stringe,2026-08-15/news_05.md,GC=F,3,0.72,0.57,-0.36,1.3,27,risk-off (incertezza politica in aumento),medium,1,,,,,,
2026-08-15,brasile-ballottaggio-si-stringe,2026-08-15/news_05.md,GC=F,5,0.43,0.46,-1.26,1.59,27,risk-off (incertezza politica in aumento),medium,1,,,,,,
2026-08-15,brasile-ballottaggio-si-stringe,2026-08-15/news_05.md,GC=F,10,0.72,0.63,-1.85,2.62,27,risk-off (incertezza politica in aumento),medium,1,,,,,,
2026-08-15,brent-premio-geopolitico-rientra,2026-08-15/news_02.md,BZ=F,1,1.04,0.68,-0.83,3.23,26,bullish (greggio) / risk-off,medium,1,,,,,,
2026-08-15,brent-premio-geopolitico-rientra,2026-08-15/news_02.md,BZ=F,3,2.69,3.39,-0.74,8.48,26,bullish (greggio) / risk-off,medium,1,,,,,,
2026-08-15,brent-premio-geopolitico-rientra,2026-08-15/news_02.md,BZ=F,5,2.82,4.51,-2.01,8.08,26,bullish (greggio) / risk-off,medium,1,,,,,,
2026-08-15,brent-premio-geopolitico-rientra,2026-08-15/news_02.md,BZ=F,10,3.09,6.82,-3.9,17.55,26,bullish (greggio) / risk-off,medium,1,,,,,,
2026-08-15,brent-premio-geopolitico-rientra,2026-08-15/news_02.md,CRACK_321,1,2.9,4.04,-0.99,5.85,26,bullish (greggio) / risk-off,medium,1,,,,,,
2026-08-15,brent-premio-geopolitico-rientra,2026-08-15/news_02.md,CRACK_321,3,3.37,6.51,-0.87,9.88,26,bullish (greggio) / risk-off,medium,1,,,,,,
2026-08-15,brent-premio-geopolitico-rientra,2026-08-15/news_02.md,CRACK_321,5,2.6,4.78,-0.56,8.71,26,bullish (greggio) / risk-off,medium,1,,,,,,
2026-08-15,brent-premio-geopolitico-rientra,2026-08-15/news_02.md,CRACK_321,10,8.23,12.39,1.89,13.45,26,bullish (greggio) / risk-off,medium,1,,,,,,
2026-08-15,brent-premio-geopolitico-rientra,2026-08-15/news_02.md,HO=F,1,1.86,1.89,0.17,5.04,26,bullish (greggio) / risk-off,medium,1,,,,,,
2026-08-15,brent-premio-geopolitico-rientra,2026-08-15/news_02.md,HO=F,3,2.24,4.84,0.15,8.77,26,bullish (greggio) / risk-off,medium,1,,,,,,
2026-08-15,brent-premio-geopolitico-rientra,2026-08-15/news_02.md,HO=F,5,2.12,5.13,-1.0,11.61,26,bullish (greggio) / risk-off,medium,1,,,,,,
2026-08-15,brent-premio-geopolitico-rientra,2026-08-15/news_02.md,HO=F,10,3.53,8.45,-0.31,14.55,26,bullish (greggio) / risk-off,medium,1,,,,,,
2026-08-15,brent-premio-geopolitico-rientra,2026-08-15/news_02.md,RB=F,1,2.14,1.32,-1.19,3.09,26,bullish (greggio) / risk-off,medium,1,,,,,,
2026-08-15,brent-premio-geopolitico-rientra,2026-08-15/news_02.md,RB=F,3,2.76,3.62,-1.09,7.09,26,bullish (greggio) / risk-off,medium,1,,,,,,
2026-08-15,brent-premio-geopolitico-rientra,2026-08-15/news_02.md,RB=F,5,1.95,4.08,-0.33,7.39,26,bullish (greggio) / risk-off,medium,1,,,,,,
2026-08-15,brent-premio-geopolitico-rientra,2026-08-15/news_02.md,RB=F,10,5.37,7.95,-2.85,17.75,26,bullish (greggio) / risk-off,medium,1,,,,,,
2026-08-15,brent-premio-geopolitico-rientra,2026-08-15/news_02.md,TTF=F,1,0.43,1.13,-3.15,3.65,26,bullish (greggio) / risk-off,medium,1,,,,,,
2026-08-15,brent-premio-geopolitico-rientra,2026-08-15/news_02.md,TTF=F,3,0.37,2.01,-5.67,6.38,26,bullish (greggio) / risk-off,medium,1,,,,,,
2026-08-15,brent-premio-geopolitico-rientra,2026-08-15/news_02.md,TTF=F,5,0.89,2.72,-8.37,6.56,26,bullish (greggio) / risk-off,medium,1,,,,,,
2026-08-15,brent-premio-geopolitico-rientra,2026-08-15/news_02.md,TTF=F,10,1.04,4.89,-5.53,9.67,26,bullish (greggio) / risk-off,medium,1,,,,,,
2026-08-15,brent-premio-geopolitico-rientra,2026-08-15/news_02.md,^GSPC,1,0.01,-0.02,-0.52,0.57,26,bullish (greggio) / risk-off,medium,0,,,,,,
2026-08-15,brent-premio-geopolitico-rientra,2026-08-15/news_02.md,^GSPC,3,0.12,0.27,-0.75,1.48,26,bullish (greggio) / risk-off,medium,1,,,,,,
2026-08-15,brent-premio-geopolitico-rientra,2026-08-15/news_02.md,^GSPC,5,0.5,0.26,-1.41,1.6,26,bullish (greggio) / risk-off,medium,1,,,,,,
2026-08-15,brent-premio-geopolitico-rientra,2026-08-15/news_02.md,^GSPC,10,-0.37,0.33,-2.48,2.79,26,bullish (greggio) / risk-off,medium,1,,,,,,
2026-08-15,brent-premio-geopolitico-rientra,2026-08-15/news_02.md,^N225,1,0.36,0.05,-1.13,1.11,26,bullish (greggio) / risk-off,medium,1,,,,,,
2026-08-15,brent-premio-geopolitico-rientra,2026-08-15/news_02.md,^N225,3,1.07,0.84,0.37,2.83,26,bullish (greggio) / risk-off,medium,1,,,,,,
2026-08-15,brent-premio-geopolitico-rientra,2026-08-15/news_02.md,^N225,5,1.72,1.08,-0.44,3.21,26,bullish (greggio) / risk-off,medium,1,,,,,,
2026-08-15,brent-premio-geopolitico-rientra,2026-08-15/news_02.md,^N225,10,1.91,1.54,-1.28,6.05,26,bullish (greggio) / risk-off,medium,1,,,,,,
2026-08-15,brent-premio-geopolitico-rientra,2026-08-15/news_02.md,^TNX,1,0.05,0.14,-0.4,0.62,26,bullish (greggio) / risk-off,medium,0,,,,,,
2026-08-15,brent-premio-geopolitico-rientra,2026-08-15/news_02.md,^TNX,3,0.21,0.29,-0.82,1.31,26,bullish (greggio) / risk-off,medium,1,,,,,,
2026-08-15,brent-premio-geopolitico-rientra,2026-08-15/news_02.md,^TNX,5,0.47,0.48,-0.95,2.01,26,bullish (greggio) / risk-off,medium,1,,,,,,
2026-08-15,brent-premio-geopolitico-rientra,2026-08-15/news_02.md,^TNX,10,0.84,1.11,0.08,3.29,26,bullish (greggio) / risk-off,medium,1,,,,,,
2026-08-15,broadcom-finanziamento-capex-ai,2026-08-15/news_03.md,HYG,1,0.06,-0.0,-0.23,0.27,27,bearish / risk-off settoriale,medium,0,,,,,,
2026-08-15,broadcom-finanziamento-capex-ai,2026-08-15/news_03.md,HYG,3,0.05,0.12,-0.13,0.63,27,bearish / risk-off settoriale,medium,0,,,,,,
2026-08-15,broadcom-finanziamento-capex-ai,2026-08-15/news_03.md,HYG,5,0.3,0.41,-0.09,0.72,27,bearish / risk-off settoriale,medium,1,,,,,,
2026-08-15,broadcom-finanziamento-capex-ai,2026-08-15/news_03.md,HYG,10,0.72,0.71,0.41,1.3,27,bearish / risk-off settoriale,medium,1,,,,,,
2026-08-15,broadcom-finanziamento-capex-ai,2026-08-15/news_03.md,SOXX,1,0.14,0.26,-1.02,2.01,27,bearish / risk-off settoriale,medium,1,,,,,,
2026-08-15,broadcom-finanziamento-capex-ai,2026-08-15/news_03.md,SOXX,3,0.32,0.44,-2.27,3.51,27,bearish / risk-off settoriale,medium,1,,,,,,
2026-08-15,broadcom-finanziamento-capex-ai,2026-08-15/news_03.md,SOXX,5,1.35,2.01,-1.26,5.23,27,bearish / risk-off settoriale,medium,1,,,,,,
2026-08-15,broadcom-finanziamento-capex-ai,2026-08-15/news_03.md,SOXX,10,2.72,3.42,0.38,5.83,27,bearish / risk-off settoriale,medium,1,,,,,,
2026-08-15,broadcom-finanziamento-capex-ai,2026-08-15/news_03.md,^GSPC,1,0.3,0.14,-0.21,0.84,27,bearish / risk-off settoriale,medium,1,,,,,,
2026-08-15,broadcom-finanziamento-capex-ai,2026-08-15/news_03.md,^GSPC,3,-0.15,-0.05,-1.25,1.29,27,bearish / risk-off settoriale,medium,1,,,,,,
2026-08-15,broadcom-finanziamento-capex-ai,2026-08-15/news_03.md,^GSPC,5,0.65,0.76,-0.3,2.29,27,bearish / risk-off settoriale,medium,1,,,,,,
2026-08-15,broadcom-finanziamento-capex-ai,2026-08-15/news_03.md,^GSPC,10,1.5,1.19,0.75,2.92,27,bearish / risk-off settoriale,medium,1,,,,,,
2026-08-15,broadcom-finanziamento-capex-ai,2026-08-15/news_03.md,^NDX,1,0.45,0.18,-0.21,1.01,27,bearish / risk-off settoriale,medium,1,,,,,,
2026-08-15,broadcom-finanziamento-capex-ai,2026-08-15/news_03.md,^NDX,3,-0.19,0.05,-1.39,2.03,27,bearish / risk-off settoriale,medium,1,,,,,,
2026-08-15,broadcom-finanziamento-capex-ai,2026-08-15/news_03.md,^NDX,5,0.81,1.05,-0.34,3.24,27,bearish / risk-off settoriale,medium,1,,,,,,
2026-08-15,broadcom-finanziamento-capex-ai,2026-08-15/news_03.md,^NDX,10,2.36,1.55,1.04,3.8,27,bearish / risk-off settoriale,medium,1,,,,,,
2026-08-15,broadcom-finanziamento-capex-ai,2026-08-15/news_03.md,^VIX,1,-4.29,-2.34,-7.71,2.17,27,bearish / risk-off settoriale,medium,1,,,,,,
2026-08-15,broadcom-finanziamento-capex-ai,2026-08-15/news_03.md,^VIX,3,2.13,2.93,-9.62,10.27,27,bearish / risk-off settoriale,medium,1,,,,,,
2026-08-15,broadcom-finanziamento-capex-ai,2026-08-15/news_03.md,^VIX,5,-7.84,-5.87,-18.65,2.24,27,bearish / risk-off settoriale,medium,1,,,,,,
2026-08-15,broadcom-finanziamento-capex-ai,2026-08-15/news_03.md,^VIX,10,-8.67,-9.98,-22.56,-1.13,27,bearish / risk-off settoriale,medium,1,,,,,,
2026-08-15,hormuz-claim-territoriale,2026-08-15/news_01.md,BZ=F,1,1.55,1.31,-0.31,3.95,27,risk-off,medium,1,,,,,,
2026-08-15,hormuz-claim-territoriale,2026-08-15/news_01.md,BZ=F,3,4.09,3.51,-1.32,8.33,27,risk-off,medium,1,,,,,,
2026-08-15,hormuz-claim-territoriale,2026-08-15/news_01.md,BZ=F,5,3.48,4.8,-1.54,10.58,27,risk-off,medium,1,,,,,,
2026-08-15,hormuz-claim-territoriale,2026-08-15/news_01.md,BZ=F,10,2.52,6.58,-3.63,17.47,27,risk-off,medium,1,,,,,,
2026-08-15,hormuz-claim-territoriale,2026-08-15/news_01.md,CHF=X,1,0.2,0.14,-0.22,0.45,26,risk-off,medium,1,2026-08-15,0.0000,1,0,0.2000,2026-08-17
2026-08-15,hormuz-claim-territoriale,2026-08-15/news_01.md,CHF=X,3,0.15,0.13,-0.47,0.75,25,risk-off,medium,1,,,,,,
2026-08-15,hormuz-claim-territoriale,2026-08-15/news_01.md,CHF=X,5,0.32,0.17,-0.4,0.75,26,risk-off,medium,1,,,,,,
2026-08-15,hormuz-claim-territoriale,2026-08-15/news_01.md,CHF=X,10,0.9,0.59,-0.3,1.25,26,risk-off,medium,1,,,,,,
2026-08-15,hormuz-claim-territoriale,2026-08-15/news_01.md,DX-Y.NYB,1,0.13,0.15,-0.18,0.47,27,risk-off,medium,1,,,,,,
2026-08-15,hormuz-claim-territoriale,2026-08-15/news_01.md,DX-Y.NYB,3,0.2,0.16,-0.21,0.6,27,risk-off,medium,1,,,,,,
2026-08-15,hormuz-claim-territoriale,2026-08-15/news_01.md,DX-Y.NYB,5,0.42,0.27,-0.27,0.78,27,risk-off,medium,1,,,,,,
2026-08-15,hormuz-claim-territoriale,2026-08-15/news_01.md,DX-Y.NYB,10,0.43,0.49,0.11,0.93,27,risk-off,medium,1,,,,,,
2026-08-15,hormuz-claim-territoriale,2026-08-15/news_01.md,GC=F,1,0.11,0.07,-1.02,0.83,27,risk-off,medium,1,,,,,,
2026-08-15,hormuz-claim-territoriale,2026-08-15/news_01.md,GC=F,3,-0.28,-0.06,-2.13,1.94,27,risk-off,medium,1,,,,,,
2026-08-15,hormuz-claim-territoriale,2026-08-15/news_01.md,GC=F,5,-1.3,-0.91,-3.35,1.27,27,risk-off,medium,1,,,,,,
2026-08-15,hormuz-claim-territoriale,2026-08-15/news_01.md,GC=F,10,-3.4,-2.92,-5.72,0.07,27,risk-off,medium,1,,,,,,
2026-08-15,hormuz-claim-territoriale,2026-08-15/news_01.md,^GSPC,1,0.02,-0.04,-0.57,0.57,27,risk-off,medium,0,,,,,,
2026-08-15,hormuz-claim-territoriale,2026-08-15/news_01.md,^GSPC,3,-0.01,0.09,-0.91,0.92,27,risk-off,medium,0,,,,,,
2026-08-15,hormuz-claim-territoriale,2026-08-15/news_01.md,^GSPC,5,-0.52,-0.15,-1.96,1.06,27,risk-off,medium,1,,,,,,
2026-08-15,hormuz-claim-territoriale,2026-08-15/news_01.md,^GSPC,10,-0.73,-0.26,-2.3,1.37,27,risk-off,medium,1,,,,,,
2026-08-15,hormuz-claim-territoriale,2026-08-15/news_01.md,^STOXX50E,1,-0.2,-0.09,-0.83,0.87,27,risk-off,medium,1,,,,,,
2026-08-15,hormuz-claim-territoriale,2026-08-15/news_01.md,^STOXX50E,3,-0.14,-0.3,-1.41,0.81,27,risk-off,medium,1,,,,,,
2026-08-15,hormuz-claim-territoriale,2026-08-15/news_01.md,^STOXX50E,5,0.19,-0.39,-1.15,0.95,27,risk-off,medium,1,,,,,,
2026-08-15,hormuz-claim-territoriale,2026-08-15/news_01.md,^STOXX50E,10,-0.24,-0.42,-2.34,0.69,27,risk-off,medium,1,,,,,,
2026-08-15,hormuz-claim-territoriale,2026-08-15/news_01.md,^VIX,1,-0.37,1.01,-3.4,6.36,27,risk-off,medium,1,,,,,,
2026-08-15,hormuz-claim-territoriale,2026-08-15/news_01.md,^VIX,3,1.23,1.97,-6.85,9.51,27,risk-off,medium,1,,,,,,
2026-08-15,hormuz-claim-territoriale,2026-08-15/news_01.md,^VIX,5,3.55,5.03,-5.16,14.31,27,risk-off,medium,1,,,,,,
2026-08-15,hormuz-claim-territoriale,2026-08-15/news_01.md,^VIX,10,0.93,3.99,-4.08,15.79,27,risk-off,medium,1,,,,,,
2026-08-16,dram-consumer-price-event,2026-08-16/news_05.md,EEM,1,0.74,1.02,0.3,2.1,11,"bullish (sui produttori di memoria), bearish (sui consumatori di memoria)",medium,1,,,,,,
2026-08-16,dram-consumer-price-event,2026-08-16/news_05.md,EEM,3,0.81,0.96,-0.17,1.99,11,"bullish (sui produttori di memoria), bearish (sui consumatori di memoria)",medium,1,,,,,,
2026-08-16,dram-consumer-price-event,2026-08-16/news_05.md,EEM,5,0.89,1.57,0.0,2.82,11,"bullish (sui produttori di memoria), bearish (sui consumatori di memoria)",medium,1,,,,,,
2026-08-16,dram-consumer-price-event,2026-08-16/news_05.md,EEM,10,1.49,1.8,-0.52,3.75,11,"bullish (sui produttori di memoria), bearish (sui consumatori di memoria)",medium,1,,,,,,
2026-08-16,dram-consumer-price-event,2026-08-16/news_05.md,EWT,1,1.49,1.35,0.2,1.95,11,"bullish (sui produttori di memoria), bearish (sui consumatori di memoria)",medium,1,,,,,,
2026-08-16,dram-consumer-price-event,2026-08-16/news_05.md,EWT,3,0.59,1.64,0.28,1.79,11,"bullish (sui produttori di memoria), bearish (sui consumatori di memoria)",medium,1,,,,,,
2026-08-16,dram-consumer-price-event,2026-08-16/news_05.md,EWT,5,1.27,2.26,0.22,3.09,11,"bullish (sui produttori di memoria), bearish (sui consumatori di memoria)",medium,1,,,,,,
2026-08-16,dram-consumer-price-event,2026-08-16/news_05.md,EWT,10,2.83,2.38,-2.23,4.14,11,"bullish (sui produttori di memoria), bearish (sui consumatori di memoria)",medium,1,,,,,,
2026-08-16,dram-consumer-price-event,2026-08-16/news_05.md,EWY,1,1.69,2.04,0.13,2.03,11,"bullish (sui produttori di memoria), bearish (sui consumatori di memoria)",medium,1,,,,,,
2026-08-16,dram-consumer-price-event,2026-08-16/news_05.md,EWY,3,1.32,1.9,0.55,2.62,11,"bullish (sui produttori di memoria), bearish (sui consumatori di memoria)",medium,1,,,,,,
2026-08-16,dram-consumer-price-event,2026-08-16/news_05.md,EWY,5,0.52,2.59,-1.39,4.94,11,"bullish (sui produttori di memoria), bearish (sui consumatori di memoria)",medium,1,,,,,,
2026-08-16,dram-consumer-price-event,2026-08-16/news_05.md,EWY,10,2.67,2.54,-2.34,4.43,11,"bullish (sui produttori di memoria), bearish (sui consumatori di memoria)",medium,1,,,,,,
2026-08-16,dram-consumer-price-event,2026-08-16/news_05.md,SOXX,1,2.18,2.84,1.54,3.63,11,"bullish (sui produttori di memoria), bearish (sui consumatori di memoria)",medium,1,,,,,,
2026-08-16,dram-consumer-price-event,2026-08-16/news_05.md,SOXX,3,2.91,2.91,0.3,4.29,11,"bullish (sui produttori di memoria), bearish (sui consumatori di memoria)",medium,1,,,,,,
2026-08-16,dram-consumer-price-event,2026-08-16/news_05.md,SOXX,5,2.65,3.9,0.41,6.91,11,"bullish (sui produttori di memoria), bearish (sui consumatori di memoria)",medium,1,,,,,,
2026-08-16,dram-consumer-price-event,2026-08-16/news_05.md,SOXX,10,5.3,3.3,-2.92,7.22,11,"bullish (sui produttori di memoria), bearish (sui consumatori di memoria)",medium,1,,,,,,
2026-08-16,dram-consumer-price-event,2026-08-16/news_05.md,^GSPC,1,0.92,0.73,0.27,1.43,11,"bullish (sui produttori di memoria), bearish (sui consumatori di memoria)",medium,1,,,,,,
2026-08-16,dram-consumer-price-event,2026-08-16/news_05.md,^GSPC,3,0.69,0.69,-0.36,0.92,11,"bullish (sui produttori di memoria), bearish (sui consumatori di memoria)",medium,1,,,,,,
2026-08-16,dram-consumer-price-event,2026-08-16/news_05.md,^GSPC,5,0.79,1.2,-0.3,2.53,11,"bullish (sui produttori di memoria), bearish (sui consumatori di memoria)",medium,1,,,,,,
2026-08-16,dram-consumer-price-event,2026-08-16/news_05.md,^GSPC,10,0.9,1.26,0.18,3.07,11,"bullish (sui produttori di memoria), bearish (sui consumatori di memoria)",medium,1,,,,,,
2026-08-16,dram-consumer-price-event,2026-08-16/news_05.md,^NDX,1,1.59,1.29,0.51,2.05,11,"bullish (sui produttori di memoria), bearish (sui consumatori di memoria)",medium,1,,,,,,
2026-08-16,dram-consumer-price-event,2026-08-16/news_05.md,^NDX,3,1.05,1.27,-0.38,2.03,11,"bullish (sui produttori di memoria), bearish (sui consumatori di memoria)",medium,1,,,,,,
2026-08-16,dram-consumer-price-event,2026-08-16/news_05.md,^NDX,5,1.69,2.04,-0.18,3.95,11,"bullish (sui produttori di memoria), bearish (sui consumatori di memoria)",medium,1,,,,,,
2026-08-16,dram-consumer-price-event,2026-08-16/news_05.md,^NDX,10,2.98,1.83,-1.32,4.67,11,"bullish (sui produttori di memoria), bearish (sui consumatori di memoria)",medium,1,,,,,,
2026-08-16,dual-hike-into-slowdown,2026-08-16/news_04.md,BTP_BUND_SPREAD,1,1.12,1.1,-1.36,3.06,30,hawkish,medium,1,,,,,,
2026-08-16,dual-hike-into-slowdown,2026-08-16/news_04.md,BTP_BUND_SPREAD,3,2.2,2.18,-0.88,5.17,30,hawkish,medium,1,,,,,,
2026-08-16,dual-hike-into-slowdown,2026-08-16/news_04.md,BTP_BUND_SPREAD,5,1.1,1.12,-2.84,3.93,30,hawkish,medium,1,,,,,,
2026-08-16,dual-hike-into-slowdown,2026-08-16/news_04.md,BTP_BUND_SPREAD,10,1.15,0.95,-4.39,7.45,30,hawkish,medium,1,,,,,,
2026-08-16,dual-hike-into-slowdown,2026-08-16/news_04.md,EURUSD=X,1,0.12,-0.01,-0.33,0.46,30,hawkish,medium,1,,,,,,
2026-08-16,dual-hike-into-slowdown,2026-08-16/news_04.md,EURUSD=X,3,-0.06,-0.14,-0.56,0.7,30,hawkish,medium,0,,,,,,
2026-08-16,dual-hike-into-slowdown,2026-08-16/news_04.md,EURUSD=X,5,-0.06,-0.16,-0.8,0.59,30,hawkish,medium,0,,,,,,
2026-08-16,dual-hike-into-slowdown,2026-08-16/news_04.md,EURUSD=X,10,-0.27,-0.28,-1.34,0.56,30,hawkish,medium,1,,,,,,
2026-08-16,dual-hike-into-slowdown,2026-08-16/news_04.md,IEF,1,0.01,-0.06,-0.4,0.3,30,hawkish,medium,0,,,,,,
2026-08-16,dual-hike-into-slowdown,2026-08-16/news_04.md,IEF,3,-0.14,-0.32,-0.85,0.39,30,hawkish,medium,1,,,,,,
2026-08-16,dual-hike-into-slowdown,2026-08-16/news_04.md,IEF,5,-0.1,-0.28,-1.42,0.62,30,hawkish,medium,1,,,,,,
2026-08-16,dual-hike-into-slowdown,2026-08-16/news_04.md,IEF,10,-0.22,-0.36,-1.62,0.54,30,hawkish,medium,1,,,,,,
2026-08-16,dual-hike-into-slowdown,2026-08-16/news_04.md,^GSPC,1,-0.29,-0.4,-1.19,0.45,30,hawkish,medium,1,,,,,,
2026-08-16,dual-hike-into-slowdown,2026-08-16/news_04.md,^GSPC,3,-0.54,-1.04,-1.94,0.94,30,hawkish,medium,1,,,,,,
2026-08-16,dual-hike-into-slowdown,2026-08-16/news_04.md,^GSPC,5,-0.89,-1.2,-2.83,0.57,30,hawkish,medium,1,,,,,,
2026-08-16,dual-hike-into-slowdown,2026-08-16/news_04.md,^GSPC,10,-0.45,-0.48,-2.16,1.1,30,hawkish,medium,1,,,,,,
2026-08-16,dual-hike-into-slowdown,2026-08-16/news_04.md,^STOXX50E,1,-0.87,-0.57,-1.6,0.77,30,hawkish,medium,1,,,,,,
2026-08-16,dual-hike-into-slowdown,2026-08-16/news_04.md,^STOXX50E,3,-0.68,-1.11,-2.53,0.58,30,hawkish,medium,1,,,,,,
2026-08-16,dual-hike-into-slowdown,2026-08-16/news_04.md,^STOXX50E,5,-0.73,-0.9,-2.44,0.76,30,hawkish,medium,1,,,,,,
2026-08-16,dual-hike-into-slowdown,2026-08-16/news_04.md,^STOXX50E,10,-0.4,-0.28,-2.1,1.25,30,hawkish,medium,1,,,,,,
2026-08-16,dual-hike-into-slowdown,2026-08-16/news_04.md,^TNX,1,0.2,0.32,-1.06,1.4,30,hawkish,medium,1,,,,,,
2026-08-16,dual-hike-into-slowdown,2026-08-16/news_04.md,^TNX,3,0.59,1.45,-1.24,3.01,30,hawkish,medium,1,,,,,,
2026-08-16,dual-hike-into-slowdown,2026-08-16/news_04.md,^TNX,5,0.17,1.51,-1.6,5.2,30,hawkish,medium,1,,,,,,
2026-08-16,dual-hike-into-slowdown,2026-08-16/news_04.md,^TNX,10,1.48,2.01,-1.81,7.18,30,hawkish,medium,1,,,,,,
2026-08-16,dual-hike-into-slowdown,2026-08-16/news_04.md,^VIX,1,-0.92,0.66,-5.79,5.41,30,hawkish,medium,1,,,,,,
2026-08-16,dual-hike-into-slowdown,2026-08-16/news_04.md,^VIX,3,1.18,5.54,-6.73,9.6,30,hawkish,medium,1,,,,,,
2026-08-16,dual-hike-into-slowdown,2026-08-16/news_04.md,^VIX,5,0.39,4.69,-3.67,11.09,30,hawkish,medium,1,,,,,,
2026-08-16,dual-hike-into-slowdown,2026-08-16/news_04.md,^VIX,10,2.1,2.27,-6.53,9.42,30,hawkish,medium,1,,,,,,
2026-08-16,iran-war-protracted,2026-08-16/news_01.md,BZ=F,1,-0.53,-0.85,-1.7,0.56,28,risk-off,medium,1,,,,,,
2026-08-16,iran-war-protracted,2026-08-16/news_01.md,BZ=F,3,0.83,-0.09,-3.64,2.64,28,risk-off,medium,1,,,,,,
2026-08-16,iran-war-protracted,2026-08-16/news_01.md,BZ=F,5,-0.62,0.52,-5.31,3.49,28,risk-off,medium,1,,,,,,
2026-08-16,iran-war-protracted,2026-08-16/news_01.md,BZ=F,10,-2.12,0.44,-6.74,3.98,28,risk-off,medium,1,,,,,,
2026-08-16,iran-war-protracted,2026-08-16/news_01.md,CHF=X,1,0.09,0.12,-0.16,0.41,28,risk-off,medium,0,2026-08-16,-0.2214,0,,0.3114,2026-08-17
2026-08-16,iran-war-protracted,2026-08-16/news_01.md,CHF=X,3,0.4,0.16,-0.43,0.89,27,risk-off,medium,1,,,,,,
2026-08-16,iran-war-protracted,2026-08-16/news_01.md,CHF=X,5,0.32,0.25,-0.33,0.99,28,risk-off,medium,1,,,,,,
2026-08-16,iran-war-protracted,2026-08-16/news_01.md,CHF=X,10,0.2,0.16,-0.67,1.05,28,risk-off,medium,1,,,,,,
2026-08-16,iran-war-protracted,2026-08-16/news_01.md,CRACK_321,1,0.7,1.9,-0.85,3.75,28,risk-off,medium,1,,,,,,
2026-08-16,iran-war-protracted,2026-08-16/news_01.md,CRACK_321,3,6.0,6.53,-1.57,8.13,28,risk-off,medium,1,,,,,,
2026-08-16,iran-war-protracted,2026-08-16/news_01.md,CRACK_321,5,4.93,7.19,-1.97,12.23,28,risk-off,medium,1,,,,,,
2026-08-16,iran-war-protracted,2026-08-16/news_01.md,CRACK_321,10,7.52,7.92,-3.6,16.65,28,risk-off,medium,1,,,,,,
2026-08-16,iran-war-protracted,2026-08-16/news_01.md,GC=F,1,-0.06,-0.39,-1.05,0.64,28,risk-off,medium,0,,,,,,
2026-08-16,iran-war-protracted,2026-08-16/news_01.md,GC=F,3,-0.23,-0.46,-1.31,0.54,28,risk-off,medium,1,,,,,,
2026-08-16,iran-war-protracted,2026-08-16/news_01.md,GC=F,5,-0.27,-0.47,-1.79,1.2,28,risk-off,medium,1,,,,,,
2026-08-16,iran-war-protracted,2026-08-16/news_01.md,GC=F,10,-0.38,-0.11,-2.07,0.97,28,risk-off,medium,1,,,,,,
2026-08-16,iran-war-protracted,2026-08-16/news_01.md,^GSPC,1,0.03,0.18,-0.37,0.53,28,risk-off,medium,0,,,,,,
2026-08-16,iran-war-protracted,2026-08-16/news_01.md,^GSPC,3,0.18,-0.06,-0.81,0.77,28,risk-off,medium,1,,,,,,
2026-08-16,iran-war-protracted,2026-08-16/news_01.md,^GSPC,5,0.77,0.44,-0.41,1.63,28,risk-off,medium,1,,,,,,
2026-08-16,iran-war-protracted,2026-08-16/news_01.md,^GSPC,10,0.81,0.62,-0.97,2.71,28,risk-off,medium,1,,,,,,
2026-08-16,iran-war-protracted,2026-08-16/news_01.md,^VIX,1,-2.45,-1.29,-4.56,2.33,28,risk-off,medium,1,,,,,,
2026-08-16,iran-war-protracted,2026-08-16/news_01.md,^VIX,3,-1.68,1.05,-5.94,10.11,28,risk-off,medium,1,,,,,,
2026-08-16,iran-war-protracted,2026-08-16/news_01.md,^VIX,5,-0.74,1.8,-7.38,6.29,28,risk-off,medium,1,,,,,,
2026-08-16,iran-war-protracted,2026-08-16/news_01.md,^VIX,10,-0.15,1.48,-11.14,12.01,28,risk-off,medium,1,,,,,,
2026-08-16,russia-fuel-crisis-samara,2026-08-16/news_02.md,BZ=F,1,1.44,0.46,0.03,4.02,11,bullish (sui prodotti raffinati e sul margine),medium,1,,,,,,
2026-08-16,russia-fuel-crisis-samara,2026-08-16/news_02.md,BZ=F,3,3.4,1.12,-4.05,4.59,11,bullish (sui prodotti raffinati e sul margine),medium,1,,,,,,
2026-08-16,russia-fuel-crisis-samara,2026-08-16/news_02.md,BZ=F,5,2.28,3.06,-4.39,5.33,11,bullish (sui prodotti raffinati e sul margine),medium,1,,,,,,
2026-08-16,russia-fuel-crisis-samara,2026-08-16/news_02.md,BZ=F,10,1.49,4.89,-3.26,3.51,11,bullish (sui prodotti raffinati e sul margine),medium,1,,,,,,
2026-08-16,russia-fuel-crisis-samara,2026-08-16/news_02.md,CRACK_321,1,0.4,2.03,-2.55,7.92,11,bullish (sui prodotti raffinati e sul margine),medium,1,,,,,,
2026-08-16,russia-fuel-crisis-samara,2026-08-16/news_02.md,CRACK_321,3,4.51,8.18,-2.52,17.02,11,bullish (sui prodotti raffinati e sul margine),medium,1,,,,,,
2026-08-16,russia-fuel-crisis-samara,2026-08-16/news_02.md,CRACK_321,5,2.21,4.22,-2.65,8.24,11,bullish (sui prodotti raffinati e sul margine),medium,1,,,,,,
2026-08-16,russia-fuel-crisis-samara,2026-08-16/news_02.md,CRACK_321,10,-2.29,6.46,-8.65,15.55,11,bullish (sui prodotti raffinati e sul margine),medium,1,,,,,,
2026-08-16,russia-fuel-crisis-samara,2026-08-16/news_02.md,HO=F,1,0.88,0.33,-1.24,5.86,11,bullish (sui prodotti raffinati e sul margine),medium,1,,,,,,
2026-08-16,russia-fuel-crisis-samara,2026-08-16/news_02.md,HO=F,3,1.69,2.82,-3.95,6.23,11,bullish (sui prodotti raffinati e sul margine),medium,1,,,,,,
2026-08-16,russia-fuel-crisis-samara,2026-08-16/news_02.md,HO=F,5,1.73,2.57,-4.76,6.36,11,bullish (sui prodotti raffinati e sul margine),medium,1,,,,,,
2026-08-16,russia-fuel-crisis-samara,2026-08-16/news_02.md,HO=F,10,-2.25,5.14,-6.83,7.48,11,bullish (sui prodotti raffinati e sul margine),medium,1,,,,,,
2026-08-16,russia-fuel-crisis-samara,2026-08-16/news_02.md,RB=F,1,0.66,1.03,-0.42,3.42,11,bullish (sui prodotti raffinati e sul margine),medium,1,,,,,,
2026-08-16,russia-fuel-crisis-samara,2026-08-16/news_02.md,RB=F,3,2.97,2.47,-2.8,4.3,11,bullish (sui prodotti raffinati e sul margine),medium,1,,,,,,
2026-08-16,russia-fuel-crisis-samara,2026-08-16/news_02.md,RB=F,5,2.35,3.45,-3.61,6.24,11,bullish (sui prodotti raffinati e sul margine),medium,1,,,,,,
2026-08-16,russia-fuel-crisis-samara,2026-08-16/news_02.md,RB=F,10,0.87,5.17,-3.78,3.57,11,bullish (sui prodotti raffinati e sul margine),medium,1,,,,,,
2026-08-16,russia-fuel-crisis-samara,2026-08-16/news_02.md,TTF=F,1,0.18,1.74,-5.04,3.38,11,bullish (sui prodotti raffinati e sul margine),medium,1,,,,,,
2026-08-16,russia-fuel-crisis-samara,2026-08-16/news_02.md,TTF=F,3,-2.73,-0.26,-8.55,7.9,11,bullish (sui prodotti raffinati e sul margine),medium,1,,,,,,
2026-08-16,russia-fuel-crisis-samara,2026-08-16/news_02.md,TTF=F,5,-5.4,0.79,-9.53,5.86,11,bullish (sui prodotti raffinati e sul margine),medium,1,,,,,,
2026-08-16,russia-fuel-crisis-samara,2026-08-16/news_02.md,TTF=F,10,-3.92,-1.44,-12.42,9.03,11,bullish (sui prodotti raffinati e sul margine),medium,1,,,,,,
2026-08-16,russia-fuel-crisis-samara,2026-08-16/news_02.md,^GSPC,1,0.26,0.31,-0.14,0.69,11,bullish (sui prodotti raffinati e sul margine),medium,1,,,,,,
2026-08-16,russia-fuel-crisis-samara,2026-08-16/news_02.md,^GSPC,3,0.29,0.37,-0.51,1.07,11,bullish (sui prodotti raffinati e sul margine),medium,1,,,,,,
2026-08-16,russia-fuel-crisis-samara,2026-08-16/news_02.md,^GSPC,5,0.94,0.36,-0.73,1.44,11,bullish (sui prodotti raffinati e sul margine),medium,1,,,,,,
2026-08-16,russia-fuel-crisis-samara,2026-08-16/news_02.md,^GSPC,10,-0.34,0.59,-1.68,2.21,11,bullish (sui prodotti raffinati e sul margine),medium,1,,,,,,
2026-08-16,us-canada-tariff-deadline,2026-08-16/news_03.md,CNY=X,1,0.11,0.11,0.0,0.2,30,risk-off,medium,1,2026-08-16,-0.0415,0,0,0.1515,2026-08-17
2026-08-16,us-canada-tariff-deadline,2026-08-16/news_03.md,CNY=X,3,0.08,0.21,-0.14,0.35,30,risk-off,medium,0,,,,,,
2026-08-16,us-canada-tariff-deadline,2026-08-16/news_03.md,CNY=X,5,0.1,0.24,-0.26,0.45,30,risk-off,medium,1,,,,,,
2026-08-16,us-canada-tariff-deadline,2026-08-16/news_03.md,CNY=X,10,0.16,0.29,-0.32,0.55,30,risk-off,medium,1,,,,,,
2026-08-16,us-canada-tariff-deadline,2026-08-16/news_03.md,DX-Y.NYB,1,-0.16,-0.26,-0.46,0.09,30,risk-off,medium,1,,,,,,
2026-08-16,us-canada-tariff-deadline,2026-08-16/news_03.md,DX-Y.NYB,3,-0.48,-0.46,-0.9,0.28,30,risk-off,medium,1,,,,,,
2026-08-16,us-canada-tariff-deadline,2026-08-16/news_03.md,DX-Y.NYB,5,-0.67,-0.73,-1.17,0.15,30,risk-off,medium,1,,,,,,
2026-08-16,us-canada-tariff-deadline,2026-08-16/news_03.md,DX-Y.NYB,10,-0.65,-1.06,-1.84,0.11,30,risk-off,medium,1,,,,,,
2026-08-16,us-canada-tariff-deadline,2026-08-16/news_03.md,EEM,1,-0.02,0.28,-0.9,1.38,30,risk-off,medium,0,,,,,,
2026-08-16,us-canada-tariff-deadline,2026-08-16/news_03.md,EEM,3,0.04,0.01,-1.44,1.42,30,risk-off,medium,0,,,,,,
2026-08-16,us-canada-tariff-deadline,2026-08-16/news_03.md,EEM,5,0.63,0.37,-1.3,2.18,30,risk-off,medium,1,,,,,,
2026-08-16,us-canada-tariff-deadline,2026-08-16/news_03.md,EEM,10,0.65,0.55,-2.51,3.2,30,risk-off,medium,1,,,,,,
2026-08-16,us-canada-tariff-deadline,2026-08-16/news_03.md,HG=F,1,-0.27,-0.94,-1.49,1.16,30,risk-off,medium,1,,,,,,
2026-08-16,us-canada-tariff-deadline,2026-08-16/news_03.md,HG=F,3,0.16,-0.95,-2.99,1.42,30,risk-off,medium,1,,,,,,
2026-08-16,us-canada-tariff-deadline,2026-08-16/news_03.md,HG=F,5,-0.29,-0.28,-2.57,2.57,30,risk-off,medium,1,,,,,,
2026-08-16,us-canada-tariff-deadline,2026-08-16/news_03.md,HG=F,10,-0.49,0.28,-2.6,3.85,30,risk-off,medium,1,,,,,,
2026-08-16,us-canada-tariff-deadline,2026-08-16/news_03.md,^GSPC,1,0.23,0.3,-0.38,1.03,30,risk-off,medium,1,,,,,,
2026-08-16,us-canada-tariff-deadline,2026-08-16/news_03.md,^GSPC,3,-0.17,0.02,-1.32,1.11,30,risk-off,medium,1,,,,,,
2026-08-16,us-canada-tariff-deadline,2026-08-16/news_03.md,^GSPC,5,-0.61,0.05,-1.55,1.37,30,risk-off,medium,1,,,,,,
2026-08-16,us-canada-tariff-deadline,2026-08-16/news_03.md,^GSPC,10,-0.05,-0.45,-2.67,1.66,30,risk-off,medium,0,,,,,,
2026-08-16,us-canada-tariff-deadline,2026-08-16/news_03.md,^NDX,1,0.3,0.45,-0.52,1.33,30,risk-off,medium,1,,,,,,
2026-08-16,us-canada-tariff-deadline,2026-08-16/news_03.md,^NDX,3,-0.31,0.09,-1.46,1.22,30,risk-off,medium,1,,,,,,
2026-08-16,us-canada-tariff-deadline,2026-08-16/news_03.md,^NDX,5,-0.71,0.1,-2.25,2.22,30,risk-off,medium,1,,,,,,
2026-08-16,us-canada-tariff-deadline,2026-08-16/news_03.md,^NDX,10,-0.28,-0.52,-3.81,2.32,30,risk-off,medium,1,,,,,,
2026-08-16,us-canada-tariff-deadline,2026-08-16/news_03.md,^VIX,1,-1.47,-0.44,-7.45,3.63,30,risk-off,medium,1,,,,,,
2026-08-16,us-canada-tariff-deadline,2026-08-16/news_03.md,^VIX,3,-0.5,4.37,-12.75,12.74,30,risk-off,medium,1,,,,,,
2026-08-16,us-canada-tariff-deadline,2026-08-16/news_03.md,^VIX,5,-1.93,3.41,-16.91,14.83,30,risk-off,medium,1,,,,,,
2026-08-16,us-canada-tariff-deadline,2026-08-16/news_03.md,^VIX,10,-3.15,6.42,-14.25,17.92,30,risk-off,medium,1,,,,,,
